show_id;show_name;season;episode;title;seen_date;times_watched
355774;Dr. STONE;4;37;Ushers of an Exhilarating Future;2026-06-26 17:40:43;1
355774;Dr. STONE;4;36;WHY-MAN;2026-06-26 17:40:39;1
355774;Dr. STONE;4;35;GIANT STEP;2026-06-13 15:41:59;1
355774;Dr. STONE;4;32;Challengers of Science;2026-06-13 15:09:15;1
355774;Dr. STONE;4;34;COUNTDOWN;2026-06-13 15:09:12;1
355774;Dr. STONE;4;31;UNKNOWN KNOWN;2026-06-13 15:09:11;1
355774;Dr. STONE;4;33;Wanting Everything;2026-06-13 15:09:11;1
355774;Dr. STONE;4;30;STONE TO SPACE;2026-06-13 15:09:10;1
355774;Dr. STONE;4;28;Dawn of the Computer;2026-06-13 15:09:09;1
355774;Dr. STONE;4;29;The Truth About the Rocket;2026-06-13 15:09:08;1
355480;Fire Force;3;4;Golden Secret;2026-06-08 22:14:03;1
355480;Fire Force;3;2;Prisoner;2026-06-08 21:52:24;1
355480;Fire Force;3;3;Incarnation of Flame;2026-06-08 21:52:23;1
355480;Fire Force;3;1;Indomitable Resolve;2026-06-08 21:52:12;1
355480;Fire Force;2;17;Boys, Be Weak;2026-06-07 14:22:11;1
355480;Fire Force;2;16;Mind Blown;2026-06-07 14:22:00;1
355480;Fire Force;2;14;The Ashen Reaper;2026-06-07 14:22:00;1
355480;Fire Force;2;15;A Three-Way Melee;2026-06-07 14:21:59;1
355480;Fire Force;2;12;Shadows Cast by Divine Light;2026-06-07 14:21:56;1
355480;Fire Force;2;7;Road to the Oasis;2026-06-07 14:21:52;1
355480;Fire Force;2;11;Dark Hero;2026-06-07 14:21:52;1
355480;Fire Force;2;9;The Core;2026-06-07 14:21:50;1
355480;Fire Force;2;13;A Pair of One-Eyes;2026-06-07 14:21:50;1
355480;Fire Force;2;8;Smoldering Malevolence;2026-06-07 14:21:48;1
355480;Fire Force;2;6;The Time to Choose;2026-06-06 17:19:14;1
355480;Fire Force;2;5;Corna (Sign of the Devil) / A Secret Plan;2026-06-06 17:19:07;1
355480;Fire Force;2;4;Groping Through the Fire;2026-06-06 17:19:05;1
355480;Fire Force;2;3;A New Flashpoint;2026-06-06 17:19:03;1
355480;Fire Force;2;2;Flames of Madness;2026-06-06 17:19:01;1
355480;Fire Force;2;1;A Fire Soldier's Fight;2026-06-06 10:59:14;1
355480;Fire Force;1;24;The Burning Past;2026-06-04 22:20:40;1
355480;Fire Force;1;20;Wearing His Pride;2026-06-04 22:20:18;1
355480;Fire Force;1;21;Those Connected;2026-06-04 21:59:06;1
355480;Fire Force;1;23;Smile;2026-06-04 21:59:05;1
355480;Fire Force;1;22;A Brother's Determination;2026-06-04 21:59:04;1
355480;Fire Force;1;18;The Secrets of Pyrokinesis;2026-06-04 20:13:14;1
355480;Fire Force;1;17;Black and White and Gray;2026-06-04 20:13:14;1
355480;Fire Force;1;19;Into the Nether;2026-06-04 20:13:14;1
355480;Fire Force;1;16;We Are Family;2026-06-03 21:16:02;1
355480;Fire Force;1;15;The Blacksmith’s Dream;2026-06-03 20:24:53;1
355480;Fire Force;1;14;For Whom the Flames Burn;2026-06-03 20:24:50;1
355480;Fire Force;1;13;The Trap is Set;2026-06-03 19:35:08;1
355480;Fire Force;1;12;Eve of Hostilities in Asakusa;2026-06-03 19:35:05;1
355480;Fire Force;1;11;Formation of Special Fire Force Company 8 / The Mightiest Hikeshi;2026-06-02 21:55:04;1
355480;Fire Force;1;10;The Promise;2026-06-02 21:55:03;1
355480;Fire Force;1;9;The Spreading Malice;2026-06-02 21:08:30;1
355480;Fire Force;1;8;Infernal Insects;2026-06-02 20:46:42;1
355480;Fire Force;1;7;The Investigation of the 1st Commences;2026-06-02 20:25:46;1
355480;Fire Force;1;6;The Spark of Promise;2026-06-02 19:56:24;1
355480;Fire Force;1;5;The Battle Begins;2026-06-02 19:56:22;1
355480;Fire Force;1;4;The Hero and the Princess;2026-06-02 19:56:21;1
355480;Fire Force;1;3;The Rookie Fire Soldier Games;2026-06-02 19:56:21;1
355480;Fire Force;1;2;The Heart of a Fire Soldier;2026-06-02 19:56:20;1
355774;Dr. STONE;4;27;The Universe Is Written in the Language of Mathematics;2026-04-20 21:05:18;1
355774;Dr. STONE;4;26;FIRE;2026-04-19 14:00:06;1
355774;Dr. STONE;4;25;FUTURE ENGINE;2026-04-19 13:59:57;1
402474;Hell's Paradise;2;12;Endings and Beginnings;2026-04-19 12:46:46;1
402474;Hell's Paradise;2;11;Ephemeralness and Fire;2026-04-19 12:46:41;1
402474;Hell's Paradise;2;10;Master and Student;2026-04-19 12:46:33;1
402474;Hell's Paradise;2;8;Chrysanthemum and Peach;2026-03-08 20:01:16;1
402474;Hell's Paradise;2;9;Love and Karma;2026-03-08 20:00:42;1
402474;Hell's Paradise;2;7;Two People and One Person;2026-03-08 19:38:49;1
402474;Hell's Paradise;2;6;Conflict and Growing Together;2026-03-08 18:09:39;1
402474;Hell's Paradise;2;5;Humans and Sages;2026-03-08 18:09:37;1
402474;Hell's Paradise;2;4;The Samurai Code and Carnage;2026-03-08 18:09:33;1
402474;Hell's Paradise;2;1;Dawn and Confusion;2026-01-28 21:28:55;1
402474;Hell's Paradise;2;3;Immutability and Change;2026-01-28 21:28:52;1
402474;Hell's Paradise;2;2;Reality and Fantasy;2026-01-28 21:28:50;1
424536;Frieren;2;2;The Hero of the South;2026-01-28 20:17:16;1
424536;Frieren;2;1;Shall We Go, Then?;2026-01-28 19:36:15;1
458058;My Hero Academia: Vigilantes;1;2;Takeoff;2026-01-12 19:04:00;1
458058;My Hero Academia: Vigilantes;1;1;I'm Here;2026-01-12 19:03:57;1
355480;Fire Force;1;1;Shinra Kusakabe Enlists;2025-12-30 13:27:09;1
424536;Frieren;1;21;The World of Magic;2025-12-29 22:56:45;1
424536;Frieren;1;22;Future Enemies;2025-12-29 22:56:42;1
424536;Frieren;1;18;First-Class Mage Exam;2025-12-29 22:56:36;1
424536;Frieren;1;20;Necessary Killing;2025-12-29 22:56:35;1
424536;Frieren;1;13;Aversion to One's Own Kind;2025-12-29 22:56:33;1
424536;Frieren;1;17;Take Care;2025-12-29 22:56:32;1
424536;Frieren;1;16;Long-Lived Friends;2025-12-29 22:56:30;1
424536;Frieren;1;15;Smells Like Trouble;2025-12-29 22:56:30;1
424536;Frieren;1;14;Privilege of the Young;2025-12-29 22:56:29;1
424536;Frieren;1;11;Winter in the Northern Lands;2025-12-29 18:40:34;1
424536;Frieren;1;7;Like a Fairy Tale;2025-12-29 18:40:33;1
424536;Frieren;1;12;A Real Hero;2025-12-29 18:40:32;1
424536;Frieren;1;8;Frieren the Slayer;2025-12-29 18:40:31;1
424536;Frieren;1;9;Aura the Guillotine;2025-12-29 18:40:30;1
424536;Frieren;1;10;A Powerful Mage;2025-12-29 18:40:30;1
424536;Frieren;1;6;The Hero of the Village;2025-12-29 18:40:27;1
424536;Frieren;1;5;Phantoms of the Dead;2025-12-29 18:40:26;1
424536;Frieren;1;4;The Land Where Souls Rest;2025-12-29 18:40:25;1
424536;Frieren;1;2;It Didn't Have to Be Magic...;2025-12-29 18:40:25;1
424536;Frieren;1;3;Killing Magic;2025-12-29 18:40:25;1
424536;Frieren;1;1;The Journey's End;2025-12-29 13:30:05;1
461708;The Banished Court Magician Aims to Become the Strongest;1;12;Lasting Period;2025-12-21 15:22:05;1
461708;The Banished Court Magician Aims to Become the Strongest;1;11;Beyond Limits;2025-12-21 15:21:53;1
305074;My Hero Academia;8;11;My Hero Academia;2025-12-13 12:35:35;1
305074;My Hero Academia;8;10;The Girl Who Loves Smiles;2025-12-07 16:57:43;1
461708;The Banished Court Magician Aims to Become the Strongest;1;10;Blademaster;2025-12-07 16:57:32;1
461708;The Banished Court Magician Aims to Become the Strongest;1;9;Burning Blood;2025-12-07 16:57:28;1
305074;My Hero Academia;8;9;Epilogue / The Hellish Todoroki Family: Final;2025-12-07 16:57:21;1
461708;The Banished Court Magician Aims to Become the Strongest;1;8;Scars;2025-12-07 16:57:20;1
461708;The Banished Court Magician Aims to Become the Strongest;1;7;Labyrinth;2025-12-07 16:57:18;1
305074;My Hero Academia;8;8;Izuku Midoriya: Rising;2025-12-07 16:57:17;1
461708;The Banished Court Magician Aims to Become the Strongest;1;6;Alec and Yorha;2025-12-07 16:57:13;1
305074;My Hero Academia;8;7;From Aizawa;2025-11-26 22:31:36;1
461708;The Banished Court Magician Aims to Become the Strongest;1;5;The Useless Man and the Bratty Kid;2025-11-11 16:15:01;1
305074;My Hero Academia;8;6;Wrench It Open, Izuku Midoriya!!;2025-11-11 16:14:53;1
461708;The Banished Court Magician Aims to Become the Strongest;1;4;The True Floor Boss;2025-11-02 09:56:21;1
305074;My Hero Academia;8;5;History's Greatest Villain;2025-11-02 09:11:05;1
305074;My Hero Academia;8;4;Quirk: Explosion!!;2025-10-27 12:12:40;1
305074;My Hero Academia;8;2;The End of an Era, and the Beginning;2025-10-27 11:50:34;1
305074;My Hero Academia;8;3;The Final Boss!!;2025-10-27 11:50:33;1
305074;My Hero Academia;8;1;Toshinori Yagi: Rising/Origin;2025-10-22 11:56:41;1
461708;The Banished Court Magician Aims to Become the Strongest;1;3;Deadly Battle! The 64th Floor Boss;2025-10-22 11:56:38;1
461708;The Banished Court Magician Aims to Become the Strongest;1;2;Together Again;2025-10-12 11:30:42;1
461708;The Banished Court Magician Aims to Become the Strongest;1;1;Alec, Banished!;2025-10-12 10:49:18;1
355774;Dr. STONE;4;24;WHOLE NEW WORLD;2025-10-10 17:54:29;1
398193;The World's Finest Assassin Gets Reincarnated in Another World as an Aristocrat;1;12;Battle of Assassin;2025-09-25 11:31:36;1
398193;The World's Finest Assassin Gets Reincarnated in Another World as an Aristocrat;1;11;Choice of Betrayal;2025-09-25 11:31:30;1
398193;The World's Finest Assassin Gets Reincarnated in Another World as an Aristocrat;1;10;First of Dates;2025-09-25 11:02:01;1
398193;The World's Finest Assassin Gets Reincarnated in Another World as an Aristocrat;1;9;Compensation of Assassination;2025-09-19 22:44:43;1
355774;Dr. STONE;4;23;Scientist, All Alone;2025-09-19 19:03:01;1
432832;DAN DA DAN;2;12;Clash! Space Kaiju vs. Giant Robot!;2025-09-19 18:42:01;1
432832;DAN DA DAN;2;11;Hey, It's a Kaiju;2025-09-19 18:41:58;1
432832;DAN DA DAN;2;5;We Can All Stay There Together!;2025-09-16 19:19:55;1
432832;DAN DA DAN;2;4;That's, Like, Way Deadly!;2025-09-16 19:19:54;1
432832;DAN DA DAN;2;3;You Won't Get Away With This!;2025-09-16 19:19:53;1
432832;DAN DA DAN;2;2;The Evil Eye;2025-09-16 19:19:53;1
432832;DAN DA DAN;2;1;Like, This Is the Legend of the Giant Snake;2025-09-16 19:19:50;1
355774;Dr. STONE;4;22;Until We Meet Again;2025-09-13 19:37:52;1
355774;Dr. STONE;4;21;OUR Dr. STONE;2025-09-13 19:37:49;1
355774;Dr. STONE;4;20;What I Once Sought to Destroy;2025-09-13 19:37:49;1
355774;Dr. STONE;4;19;STONE SANCTUARY;2025-09-13 19:37:47;1
355774;Dr. STONE;4;18;DIAMOND HEART;2025-08-17 16:41:20;1
355774;Dr. STONE;4;17;Sickening Yet Beautiful;2025-08-09 17:24:19;1
355774;Dr. STONE;4;16;MEDUSA MECHANISM;2025-08-01 21:13:40;1
355774;Dr. STONE;4;15;The Escape;2025-08-01 21:13:33;1
355774;Dr. STONE;4;14;EARTH RACE;2025-08-01 20:50:44;1
355774;Dr. STONE;4;13;Watching the Same Moon;2025-08-01 20:50:41;1
421855;Shangri-La Frontier;2;6;After the Fierce Battle, Despair;2025-04-09 19:09:57;1
248035;Blue Exorcist;5;12;Thank You;2025-03-30 08:58:26;1
248035;Blue Exorcist;5;11;Promise;2025-03-30 08:58:24;1
389597;Solo Leveling;2;13;On to the Next Target;2025-03-30 08:58:21;1
355774;Dr. STONE;4;12;Reunion;2025-03-29 15:19:25;1
432832;DAN DA DAN;1;5;Like, Where Are Your Balls?!;2025-03-26 22:55:36;1
432832;DAN DA DAN;1;4;Kicking Turbo Granny's Ass;2025-03-26 22:34:45;1
432832;DAN DA DAN;1;3;It's a Granny vs. Granny Clash!;2025-03-26 22:34:40;1
432832;DAN DA DAN;1;2;That's a Space Alien, Ain't It?!;2025-03-26 22:34:38;1
432832;DAN DA DAN;1;1;That's How Love Starts, Ya Know!;2025-03-26 22:34:29;1
303867;Konosuba -God's blessing on this wonderful world!;2;10;God's Blessing on This Wonderful Party!;2025-03-25 22:05:42;1
303867;Konosuba -God's blessing on this wonderful world!;2;9;A Goddess for This Corrupt Hot Springs Town!;2025-03-25 22:05:36;1
303867;Konosuba -God's blessing on this wonderful world!;2;6;Goodbye to This Irritating Living World!;2025-03-25 22:05:35;1
303867;Konosuba -God's blessing on this wonderful world!;2;8;Sightseeing in This Pitiful City!;2025-03-25 22:05:35;1
303867;Konosuba -God's blessing on this wonderful world!;2;7;An Invitation for This Knucklehead!;2025-03-25 22:05:35;1
303867;Konosuba -God's blessing on this wonderful world!;2;5;Servitude for This Masked Knight!;2025-03-25 22:05:33;1
303867;Konosuba -God's blessing on this wonderful world!;2;4;A Betrothed for This Noble Daughter!;2025-03-25 22:05:33;1
303867;Konosuba -God's blessing on this wonderful world!;2;3;Peace for the Master of This Labyrinth!;2025-03-25 22:05:32;1
303867;Konosuba -God's blessing on this wonderful world!;2;2;A Friend for This Crimson Demon Girl!;2025-03-25 22:05:32;1
303867;Konosuba -God's blessing on this wonderful world!;2;1;Give Me Deliverance from This Judicial Injustice!;2025-03-25 22:05:30;1
303867;Konosuba -God's blessing on this wonderful world!;1;9;God's Blessing on This Wonderful Shop!;2025-03-25 22:05:28;1
303867;Konosuba -God's blessing on this wonderful world!;1;10;A Final Flame for This Over-the-Top Fortress!;2025-03-25 22:05:28;1
303867;Konosuba -God's blessing on this wonderful world!;1;7;A Second Death in This Freezing Season!;2025-03-25 22:05:27;1
303867;Konosuba -God's blessing on this wonderful world!;1;8;A Loving Hand for Our Party When We Can't Make It Through Winter!;2025-03-25 22:05:27;1
303867;Konosuba -God's blessing on this wonderful world!;1;6;A Conclusion to This Worthless Fight!;2025-03-25 22:05:26;1
303867;Konosuba -God's blessing on this wonderful world!;1;4;Explosion Magic for This Formidable Enemy!;2025-03-25 22:05:25;1
303867;Konosuba -God's blessing on this wonderful world!;1;3;A Panty Treasure in This Right Hand!;2025-03-25 22:05:25;1
303867;Konosuba -God's blessing on this wonderful world!;1;5;A Price for This Magic Sword!;2025-03-25 22:05:25;1
303867;Konosuba -God's blessing on this wonderful world!;1;2;An Explosion for This Delusional Girl!;2025-03-25 22:05:24;1
303867;Konosuba -God's blessing on this wonderful world!;1;1;This Self-Proclaimed Goddess and Reincarnation in Another World!;2025-03-25 22:05:24;1
248035;Blue Exorcist;5;9;Fight to the Death;2025-03-22 22:37:40;1
248035;Blue Exorcist;5;10;Light;2025-03-22 22:37:40;1
248035;Blue Exorcist;5;8;The Blue Night;2025-03-22 21:52:11;1
248035;Blue Exorcist;5;7;The Night Before;2025-03-22 21:52:10;1
248035;Blue Exorcist;5;6;If It Weren't for Me;2025-03-22 21:05:19;1
248035;Blue Exorcist;5;5;More Important Than the Body;2025-03-22 21:05:13;1
248035;Blue Exorcist;5;4;Satan Awakening;2025-03-22 21:05:11;1
248035;Blue Exorcist;5;2;Truth;2025-03-22 21:05:10;1
248035;Blue Exorcist;5;3;Alone;2025-03-22 21:05:10;1
355774;Dr. STONE;4;11;Those Who Know the Rules, Those Who Make Them;2025-03-22 19:10:06;1
389597;Solo Leveling;2;12;Are You the King of Humans;2025-03-22 18:47:32;1
248035;Blue Exorcist;5;1;Shiro and Yuri;2025-03-19 23:28:47;1
389597;Solo Leveling;2;11;It's Going to Get Even More Intense;2025-03-19 20:31:19;1
355774;Dr. STONE;4;10;Dirty Roads;2025-03-19 20:31:16;1
355774;Dr. STONE;4;9;Light of Science;2025-03-19 20:31:13;1
389597;Solo Leveling;2;10;We Need a Hero;2025-03-19 20:31:11;1
355774;Dr. STONE;4;8;LOCK ON;2025-03-02 18:56:01;1
389597;Solo Leveling;2;9;It was All Worth It;2025-03-02 18:55:57;1
355774;Dr. STONE;4;7;The Two Scientists;2025-03-02 18:55:56;1
389597;Solo Leveling;2;8;Looking Up Was Tiring Me Out;2025-03-02 18:55:54;1
355774;Dr. STONE;4;6;SCIENCE IS ELEGANT;2025-03-02 18:55:53;1
389597;Solo Leveling;2;7;The 10th S-Rank Hunter;2025-03-02 18:55:51;1
355774;Dr. STONE;4;5;DOCTOR VS. DOCTOR;2025-03-02 18:55:50;1
389597;Solo Leveling;2;6;Don't Look Down on My Guys;2025-03-02 18:55:49;1
355774;Dr. STONE;4;4;Dr. X;2025-03-02 18:55:48;1
389597;Solo Leveling;2;5;This is What We're Trained to Do;2025-03-02 18:55:46;1
389597;Solo Leveling;2;4;I Need to Stop Faking;2025-02-02 10:59:49;1
355774;Dr. STONE;4;3;Light Trap in the Darkness;2025-01-24 11:34:19;1
389597;Solo Leveling;2;3;Still a Long Way to Go;2025-01-22 23:55:03;1
355774;Dr. STONE;4;2;SCIENCE JOURNEY;2025-01-20 12:26:23;1
355774;Dr. STONE;4;1;RYUSUI VS. SENKU;2025-01-16 12:34:08;1
389597;Solo Leveling;2;2;I Suppose You Aren't Aware;2025-01-15 11:00:02;1
389597;Solo Leveling;2;1;You Aren't E-Rank, Are You?;2025-01-15 10:59:59;1
248035;Blue Exorcist;4;5;As If Begging For Tears;2024-11-04 10:39:00;1
318860;Masamune-kun's Revenge;1;1;The Boy Who Was Called Pig's Foot;2024-11-01 15:34:00;1
289882;Is It Wrong to Try to Pick Up Girls in a Dungeon?;5;4;Seidr | God and Girl;2024-10-26 20:54:52;1
289882;Is It Wrong to Try to Pick Up Girls in a Dungeon?;5;3;Odr | Partner;2024-10-26 20:54:37;1
289882;Is It Wrong to Try to Pick Up Girls in a Dungeon?;5;2;Master | Training;2024-10-26 20:09:19;1
289882;Is It Wrong to Try to Pick Up Girls in a Dungeon?;5;1;Syr;2024-10-26 20:09:10;1
248035;Blue Exorcist;4;4;Goodbye To You;2024-10-26 18:47:33;1
248035;Blue Exorcist;4;3;Hometown;2024-10-26 18:23:46;1
248035;Blue Exorcist;4;2;Distress;2024-10-22 11:45:23;1
248035;Blue Exorcist;4;1;Ambition;2024-10-22 11:45:20;1
305074;My Hero Academia;7;21;Battle Without a Quirk;2024-10-22 10:55:54;1
305074;My Hero Academia;7;18;It's a Small World;2024-10-05 18:58:58;1
305074;My Hero Academia;7;19;I Am Here;2024-10-05 18:58:55;1
305074;My Hero Academia;7;20;A Girl's Ego;2024-10-05 18:58:30;1
305074;My Hero Academia;7;12;Those Who Defend, Those Who Violate;2024-08-04 18:28:14;1
305074;My Hero Academia;7;11;Light Fades to Rain;2024-08-04 18:28:13;1
348545;Demon Slayer: Kimetsu no Yaiba;5;8;The Hashira Unite;2024-07-16 17:47:27;1
348545;Demon Slayer: Kimetsu no Yaiba;5;7;Stone Hashira Gyomei Himejima;2024-07-16 17:10:13;1
305074;My Hero Academia;7;10;Wounded Hero, Burning Bright and True!!;2024-07-16 17:05:40;1
305074;My Hero Academia;7;9;Extras;2024-07-16 17:05:40;1
305074;My Hero Academia;7;8;Two Flashfires;2024-07-16 17:05:39;1
371310;Mushoku Tensei: Jobless Reincarnation;2;24;Succession;2024-07-07 16:20:49;1
371310;Mushoku Tensei: Jobless Reincarnation;2;23;Let's Go Home;2024-07-07 15:53:31;1
348545;Demon Slayer: Kimetsu no Yaiba;5;6;The Strongest of the Demon Slayer Corps;2024-06-21 11:31:23;1
305074;My Hero Academia;7;7;Inflation;2024-06-18 17:20:21;1
371310;Mushoku Tensei: Jobless Reincarnation;2;22;Parents;2024-06-18 17:20:19;1
348545;Demon Slayer: Kimetsu no Yaiba;5;5;I Even Ate Demons...;2024-06-10 22:43:23;1
348545;Demon Slayer: Kimetsu no Yaiba;5;4;To Bring a Smile to One's Face;2024-06-10 22:43:19;1
348545;Demon Slayer: Kimetsu no Yaiba;5;3;Fully Recovered Tanjiro Joins the Hashira Training!!;2024-06-10 22:03:10;1
348545;Demon Slayer: Kimetsu no Yaiba;5;2;Water Hashira Giyu Tomioka's Pain;2024-06-10 21:42:53;1
348545;Demon Slayer: Kimetsu no Yaiba;5;1;To Defeat Muzan Kibutsuji;2024-06-10 21:42:50;1
371310;Mushoku Tensei: Jobless Reincarnation;2;21;Magic Circle to the Sixth Stratum;2024-06-10 20:22:22;1
305074;My Hero Academia;7;6;Division;2024-06-09 10:19:35;1
305074;My Hero Academia;7;5;Let You Down;2024-06-09 10:19:32;1
371310;Mushoku Tensei: Jobless Reincarnation;2;20;Into the Labyrinth;2024-06-04 17:09:05;1
371310;Mushoku Tensei: Jobless Reincarnation;2;19;Desert Journey;2024-05-31 18:55:09;1
371310;Mushoku Tensei: Jobless Reincarnation;2;18;Turning Point 3;2024-05-31 18:55:08;1
371310;Mushoku Tensei: Jobless Reincarnation;2;17;My Older Brother's Feelings;2024-05-31 18:09:16;1
371310;Mushoku Tensei: Jobless Reincarnation;2;16;Norn and Aisha;2024-05-31 18:09:12;1
371310;Mushoku Tensei: Jobless Reincarnation;2;15;Afar;2024-05-31 17:25:02;1
371310;Mushoku Tensei: Jobless Reincarnation;2;14;Wedding Reception;2024-05-31 11:53:58;1
371310;Mushoku Tensei: Jobless Reincarnation;2;13;My Dream Home;2024-05-31 11:31:55;1
305074;My Hero Academia;7;4;The Story of How We All Became Heroes;2024-05-31 11:04:38;1
305074;My Hero Academia;7;3;Villain;2024-05-18 23:03:19;1
305074;My Hero Academia;7;2;Specter;2024-05-18 23:03:17;1
305074;My Hero Academia;7;1;In the Nick of Time! A Big-Time Maverick From the West;2024-05-18 21:14:43;1
389597;Solo Leveling;1;12;Arise;2024-04-02 04:53:54;1
248035;Blue Exorcist;3;12;Hidden True Feelings;2024-03-24 10:11:27;1
389597;Solo Leveling;1;11;A Knight Who Defends an Empty Throne;2024-03-24 10:11:13;1
248035;Blue Exorcist;3;11;Pink Spider;2024-03-17 09:13:54;1
94121;Wakfu;4;13;Consecration;2024-03-17 08:43:53;1
389597;Solo Leveling;1;10;What Is This, a Picnic?;2024-03-17 08:43:52;1
94121;Wakfu;4;12;Armand;2024-03-17 08:43:45;1
94121;Wakfu;4;11;Together;2024-03-17 08:43:43;1
94121;Wakfu;4;10;My brother, my king;2024-03-12 16:58:13;1
94121;Wakfu;4;9;Lokus;2024-03-12 16:58:09;1
389597;Solo Leveling;1;9;You've Been Hiding Your Skills;2024-03-12 16:58:07;1
94121;Wakfu;4;8;Treachery;2024-03-12 16:57:48;1
248035;Blue Exorcist;3;10;Friends;2024-03-12 16:57:45;1
248035;Blue Exorcist;3;9;Help Me;2024-03-12 16:57:26;1
248035;Blue Exorcist;3;8;Determination;2024-03-12 16:57:19;1
94121;Wakfu;4;7;Toross Mordal;2024-03-04 18:57:47;1
389597;Solo Leveling;1;8;This Is Frustrating;2024-03-04 18:57:47;1
94121;Wakfu;4;6;RotalStröm;2024-03-01 11:30:50;1
94121;Wakfu;4;5;Necromas;2024-02-24 15:16:26;1
303073;Myriad Colors Phantom World;1;13;The Eternal Phantom World;2024-02-18 18:26:49;1
303073;Myriad Colors Phantom World;1;12;The Mother Hath Returned;2024-02-18 18:26:47;1
303073;Myriad Colors Phantom World;1;11;Tiny Haruhiko-kun;2024-02-18 17:35:43;1
303073;Myriad Colors Phantom World;1;10;Little Ruru's Big Dream;2024-02-18 17:35:40;1
303073;Myriad Colors Phantom World;1;9;The Strange Tale of the Bakumatsu Phantom;2024-02-18 16:41:10;1
303073;Myriad Colors Phantom World;1;8;Break Through the Monkey Hot Spring!;2024-02-18 16:41:07;1
303073;Myriad Colors Phantom World;1;7;Schrödinger's Cat Mansion;2024-02-18 15:54:20;1
303073;Myriad Colors Phantom World;1;6;Kurumi and the Teddy Bear Kingdom;2024-02-18 14:54:01;1
303073;Myriad Colors Phantom World;1;5;I Can't Use My Special Abilities!;2024-02-18 14:53:58;1
303073;Myriad Colors Phantom World;1;4;Fake Family;2024-02-18 14:53:56;1
303073;Myriad Colors Phantom World;1;3;Operation Copy-Paste Memories;2024-02-18 14:53:54;1
303073;Myriad Colors Phantom World;1;2;Take Out the Annoying UFO!;2024-02-18 14:53:52;1
303073;Myriad Colors Phantom World;1;1;Age of Phantoms;2024-02-18 14:53:51;1
423653;Cheat Skill Level Up;1;13;Yuuya and Kaori;2024-02-18 12:19:06;1
423653;Cheat Skill Level Up;1;12;The Mysterious Assailant;2024-02-18 12:19:00;1
423653;Cheat Skill Level Up;1;11;To the Royal Capital;2024-02-18 00:57:58;1
423653;Cheat Skill Level Up;1;8;Off-Campus Study Trip;2024-02-17 23:44:59;1
423653;Cheat Skill Level Up;1;7;An Encounter in the Woods;2024-02-17 23:44:54;1
423653;Cheat Skill Level Up;1;6;The Sage and Magic;2024-02-17 23:44:50;1
423653;Cheat Skill Level Up;1;5;New Family;2024-02-17 22:35:33;1
423653;Cheat Skill Level Up;1;4;A Step of Courage;2024-02-17 22:14:16;1
423653;Cheat Skill Level Up;1;3;Life Changes;2024-02-17 21:46:53;1
423653;Cheat Skill Level Up;1;2;Ousei Academy;2024-02-17 21:46:50;1
423653;Cheat Skill Level Up;1;1;To Another World;2024-02-17 21:02:46;1
389597;Solo Leveling;1;7;Let's See How Far I Can Go;2024-02-17 19:08:59;1
248035;Blue Exorcist;3;7;Hesitation;2024-02-17 19:08:59;1
94121;Wakfu;4;4;The Assembly;2024-02-17 18:18:02;1
94121;Wakfu;4;3;A new world;2024-02-17 17:54:50;1
389597;Solo Leveling;1;6;The Real Hunt Begins;2024-02-12 12:03:01;1
248035;Blue Exorcist;3;6;I Can't Rely On Anyone;2024-02-12 12:02:59;1
94121;Wakfu;4;2;The Goddess Of Love;2024-02-10 11:36:19;1
94121;Wakfu;4;1;Far From The World;2024-02-10 11:11:40;1
248035;Blue Exorcist;3;5;Destiny;2024-02-04 10:43:47;1
389597;Solo Leveling;1;5;A Pretty Good Deal;2024-02-04 10:16:38;1
270065;Free!;1;6;Shocking No Breathing!;2024-01-30 13:02:53;1
270065;Free!;1;5;Trial in Open Water!;2024-01-30 12:40:33;1
270065;Free!;1;4;Captive Butterfly!;2024-01-30 12:40:30;1
270065;Free!;1;3;Theoretical Dolphin Kick!;2024-01-30 12:40:27;1
270065;Free!;1;2;Memories in the Distance!;2024-01-29 18:36:41;1
270065;Free!;1;1;Reunion at the Starting Block!;2024-01-29 18:36:38;1
248035;Blue Exorcist;3;4;Insider;2024-01-29 17:40:15;1
248035;Blue Exorcist;3;3;True Cross Academy Festival;2024-01-28 17:00:36;1
389597;Solo Leveling;1;4;I've Gotta Get Stronger;2024-01-28 12:15:37;1
389597;Solo Leveling;1;3;It's Like a Game;2024-01-28 11:54:45;1
248035;Blue Exorcist;3;2;Where Secrets Are;2024-01-16 20:09:21;1
248035;Blue Exorcist;3;1;The World's Astir;2024-01-16 19:37:58;1
389597;Solo Leveling;1;2;If I Had One More Chance;2024-01-16 19:04:30;1
389597;Solo Leveling;1;1;I'm Used to It;2024-01-16 18:41:45;1
377543;Jujutsu Kaisen;2;23;Shibuya Incident - Gate, Close;2024-01-16 18:13:37;1
377543;Jujutsu Kaisen;2;22;Metamorphosis - Part 2;2024-01-16 18:13:35;1
377543;Jujutsu Kaisen;2;21;Metamorphosis;2024-01-16 18:13:34;1
377543;Jujutsu Kaisen;2;20;Right and Wrong - Part 3;2024-01-15 22:05:56;1
377543;Jujutsu Kaisen;2;19;Right and Wrong - Part 2;2024-01-15 21:41:45;1
377543;Jujutsu Kaisen;2;18;Right and Wrong;2024-01-15 21:41:45;1
377543;Jujutsu Kaisen;2;17;Thunderclap - Part 2;2024-01-15 20:48:17;1
377543;Jujutsu Kaisen;2;15;Fluctuations - Part 2;2024-01-15 20:48:16;1
377543;Jujutsu Kaisen;2;16;Thunderclap;2024-01-15 20:48:16;1
377543;Jujutsu Kaisen;2;13;Red Scale;2024-01-15 20:48:15;1
377543;Jujutsu Kaisen;2;14;Fluctuations;2024-01-15 20:48:15;1
377543;Jujutsu Kaisen;2;12;Dull Knife;2024-01-15 20:48:14;1
355774;Dr. STONE;3;21;Treasure Island;2023-12-30 14:46:41;1
355774;Dr. STONE;3;22;BEYOND THE NEW WORLD;2023-12-30 14:46:41;1
355774;Dr. STONE;3;20;FIRST DREAM;2023-12-30 14:01:38;1
355774;Dr. STONE;3;18;Flicker of Doom;2023-12-30 14:01:36;1
355774;Dr. STONE;3;19;LAST MAN STANDING;2023-12-30 14:01:36;1
355774;Dr. STONE;3;17;JOKER;2023-12-30 12:47:11;1
355774;Dr. STONE;3;16;Total War;2023-12-30 12:47:11;1
355774;Dr. STONE;3;15;Battle in Three Dimensions;2023-12-30 12:47:08;1
355774;Dr. STONE;3;14;Deal Game, Test of Wit;2023-12-30 12:47:07;1
355774;Dr. STONE;3;12;The Kingdom of Science Strikes Back;2023-12-30 12:47:06;1
355774;Dr. STONE;3;13;The Medusa's True Face;2023-12-30 12:47:06;1
81797;One Piece;9;11;Godland Skypiea! The Angels Of the Cloud Beach;2023-11-09 22:41:21;1
81797;One Piece;9;10;This is the Sea of the Sky! The Knight of the Sky and Heaven's Gate;2023-11-09 22:41:21;1
81797;One Piece;9;8;The 100 Million Man! The World's Greatest Authority and the Pirate Blackbeard;2023-11-09 22:41:19;1
81797;One Piece;9;9;Sail into the Sky! Ride the Knock-Up Stream;2023-11-09 22:41:19;1
81797;One Piece;9;7;Dreams Don't Come True!? Bellamy vs. The Saruyama Alliance;2023-11-09 22:41:18;1
81797;One Piece;9;6;Hard Turn to the Clouds! Find the Southbird!;2023-11-09 22:41:18;1
81797;One Piece;9;5;The Legendary Family! 'Liar Norland';2023-11-09 22:41:18;1
81797;One Piece;9;4;A Pirate's Height! The Man who Talks of Dreams and the King of Underwater Exploration;2023-11-09 22:41:17;1
81797;One Piece;9;2;Monsters Appear! Don't Touch the Whitebeard Pirates;2023-11-09 22:41:16;1
81797;One Piece;9;3;Stop Dreaming! The City of Ridicule, Mock Town!;2023-11-09 22:41:16;1
81797;One Piece;9;1;The Log is Taken! Salvage King, Masira!;2023-11-09 22:41:16;1
81797;One Piece;8;13;And So, the Legend Begins! To the Other Side of the Rainbow!;2023-11-09 22:41:14;1
81797;One Piece;8;11;Thoughts of Home! The Pirate Graveyard of No Escape!;2023-11-09 22:41:13;1
81797;One Piece;8;12;An Inevitable Melee! Wetton's Schemes and the Rainbow Tower!;2023-11-09 22:41:13;1
81797;One Piece;8;10;Residents of the Land of Eternity! The Pumpkin Pirates!;2023-11-09 22:41:13;1
81797;One Piece;8;7;How's Tricks? The Designs of Zenny the Moneylender!;2023-11-09 22:41:12;1
81797;One Piece;8;8;Whereabouts of the Island Treasure! Attack of the Zenny Pirates!;2023-11-09 22:41:12;1
81797;One Piece;8;9;Legend Of The Rainbow Mist! Old Man Henzo Of Luluka Island!;2023-11-09 22:41:12;1
81797;One Piece;8;6;Zenny Of The Island Of Goats And The Pirate Ship In The Mountains!;2023-11-06 18:33:51;1
81797;One Piece;8;5;The Fabled Pirate Hunter! Zoro, The Wandering Swordsman!;2023-11-06 18:33:49;1
81797;One Piece;8;4;I Will Make It Bloom! Usopp The Man And The Eight-Foot Shell!;2023-11-06 18:33:46;1
81797;One Piece;8;3;A Recipe Handed Down! Sanji, the Iron Man of Curry!;2023-11-06 18:33:43;1
267440;L'Attaque des Titans;4;30;The Final Chapters Special 2;2023-11-05 14:11:03;1
81797;One Piece;8;2;Uprising of the Navigator! For the Unyielding Dream!;2023-11-05 12:45:06;1
76703;Pokémon;19;113;Chasing To The Finish!;2023-11-02 17:42:53;1
76703;Pokémon;19;112;Helping The Hometown Hero!;2023-11-02 17:42:52;1
76703;Pokémon;19;110;Narrowing the Chaser Chase!;2023-11-02 17:42:46;1
76703;Pokémon;19;109;Aim for the Eight!;2023-11-02 17:42:45;1
76703;Pokémon;19;104;Taking Two for the Team!;2023-11-02 17:42:42;1
76703;Pokémon;19;107;Big Brother to the Rescue!;2023-11-02 17:42:42;1
76703;Pokémon;19;106;Radio Lulled the Mischievous Stars!;2023-11-02 17:42:42;1
76703;Pokémon;19;102;Battling in the Freezing Raid!;2023-11-02 17:42:39;1
76703;Pokémon;19;99;Battling Turned Up to Eleven!;2023-11-02 17:42:38;1
76703;Pokémon;19;96;Lighting the Way Home!;2023-11-02 17:42:38;1
76703;Pokémon;19;98;Out of Their Elements!;2023-11-02 17:42:28;1
81797;One Piece;8;1;The First Patient! The Untold Story Of The Rumble Ball!;2023-10-30 23:31:46;1
81797;One Piece;7;39;Scent of Danger! The Seventh Member is Nico Robin!;2023-10-30 23:31:43;1
81797;One Piece;7;38;It All Started On That Day! Vivi Tells The Story Of Her Adventure!;2023-10-30 23:31:41;1
81797;One Piece;7;37;The Pirates' Banquet And Operation Escape From Alabasta!;2023-10-30 23:31:38;1
81797;One Piece;7;36;A Farewell to Arms! Pirates and Different Ideas of Justice!;2023-10-30 23:31:36;1
81797;One Piece;7;35;I Will Surpass You! Rain Falls in Alabasta!;2023-10-30 23:31:35;1
81797;One Piece;7;34;Magnificent Wings! My Name is Pell, Guardian Deity of the Country!;2023-10-30 23:31:32;1
81797;One Piece;7;33;The Nightmare Draws Near! This is the Sand-Sand Clan's Secret Base!;2023-10-30 23:31:29;1
81797;One Piece;7;32;That Looks Croc-ish! Luffy, Run to the Royal Tomb!;2023-10-30 23:31:28;1
81797;One Piece;7;31;Sand Croc and Water Luffy! The Second Round of the Duel!;2023-10-30 23:31:26;1
81797;One Piece;7;30;Where Vivi's Voice Gets Heard! The Hero Descends!;2023-10-30 22:29:04;1
81797;One Piece;7;27;Secret Passed Down In The Royal Family! The Ancient Weapon Pluton!;2023-10-30 18:31:27;1
81797;One Piece;7;28;Secret Of Powerful Swordplay! Ability To Cut Steel And The Rhythm Things Have!;2023-10-30 18:31:27;1
81797;One Piece;7;29;The Battle is Over! Koza Raises the White Flag!;2023-10-30 18:31:27;1
81797;One Piece;7;26;Nami's Cyclone Advisory! Clima Tact Burst!;2023-10-29 18:16:21;1
81797;One Piece;7;25;Transformed into Nami! Bon Clay's Rapid-Fire Ballet Kenpo!;2023-10-28 14:48:01;1
81797;One Piece;7;24;Big Opening Day Today! The Copy-Copy Montage!;2023-10-28 14:47:59;1
81797;One Piece;7;23;Sworn on a Friend's Dream! The Battle of Molehill, Block 4!;2023-10-28 14:47:58;1
81797;One Piece;7;22;Alubarna Grieves! The Fierce Captain Karoo!;2023-10-28 14:47:56;1
81797;One Piece;7;21;Rebel Army vs. Royal Army! Showdown at Alubarna!;2023-10-28 14:47:54;1
81797;One Piece;7;20;Dash For a Miracle! Alabasta Animal Land!;2023-10-28 14:47:52;1
81797;One Piece;7;19;Merciless Mortal Combat! Luffy vs Crocodile!;2023-10-28 14:47:51;1
81797;One Piece;7;18;The Key to a Great Comeback Escape! The Wax-Wax Ball!;2023-10-28 14:47:48;1
81797;One Piece;7;17;The Terrifying Banana Gators and Mr. Prince!;2023-10-28 14:47:46;1
81797;One Piece;7;16;Operation Utopia Commences! The Swell of Rebellion Stirs!;2023-10-28 14:47:45;1
81797;One Piece;7;15;The Trap of Certain Defeat! Storming Raindinners!;2023-10-28 14:47:42;1
81797;One Piece;7;14;The Battlefront of Alabasta! Rainbase, the City of Dreams!;2023-10-28 14:47:40;1
81797;One Piece;7;13;Luffy vs. Vivi! The Tearful Vow to Put Friends on the Line!;2023-10-28 14:47:37;1
81797;One Piece;7;12;Spiders Café at 8 o'Clock! The Enemy Leaders Gather!;2023-10-28 14:47:36;1
81797;One Piece;7;11;Ruins and Lost Ways! Vivi, Her Friends, and the Country's Form!;2023-10-28 14:47:34;1
81797;One Piece;7;10;Showdown in a Heat Haze! Ace vs. the Gallant Scorpion!;2023-10-28 14:47:32;1
81797;One Piece;7;9;Rebel Warrior Koza! The Dream Vowed to Vivi!;2023-10-28 14:47:31;1
81797;One Piece;7;8;False Fortitude! Camu, Rebel Soldier at Heart!;2023-10-28 14:47:29;1
81797;One Piece;7;7;Enter the Desert Pirates! The Men Who Live Freely!;2023-10-28 14:47:26;1
81797;One Piece;7;6;Adventure in the Country of Sand! The Monsters that Live in the Scorching Land!;2023-10-28 14:47:24;1
81797;One Piece;7;5;Erumalu, the City of Green and the Kung Fu Dugongs!;2023-10-28 14:47:23;1
81797;One Piece;7;4;Ace and Luffy! Hot Emotions and Brotherly Bonds!;2023-10-22 21:23:33;1
81797;One Piece;7;3;The Heroes' Reunion! His Name is Fire Fist Ace!;2023-10-22 21:23:28;1
81797;One Piece;7;2;Off to the Desert Kingdom! The Rain-Summoning Powder and the Rebel Army!;2023-10-22 19:53:55;1
81797;One Piece;7;1;Alabasta's Hero and a Ballerina on the Ship!;2023-10-22 19:53:50;1
81797;One Piece;6;22;Goodbye Drum Island! I'm Going Out to Sea!;2023-10-22 19:53:47;1
81797;One Piece;6;21;Hiriluk's Cherry Blossoms! Miracle in the Drum Rockies!;2023-10-22 19:53:45;1
81797;One Piece;6;20;When the Kingdom's Rule Ends! The Flag of Faith Flies Forever!;2023-10-22 11:40:16;1
81797;One Piece;6;19;Zoan-type Devil Fruit! Chopper's Seven-form Transformation!;2023-10-22 11:40:14;1
81797;One Piece;6;18;Fight Wapol's Crew! The Power of the Munch Munch Fruit!;2023-10-22 10:32:47;1
81797;One Piece;6;17;Hiriluk's Cherry Blossoms and the Will that Gets Carried On!;2023-10-22 10:32:44;1
81797;One Piece;6;16;An Outcast's Dream! Hiriluk the Quack!;2023-10-22 09:45:22;1
81797;One Piece;6;15;Blue-nosed Reindeer! Chopper's Secret!;2023-10-22 01:16:43;1
81797;One Piece;6;14;The Island Where Snow Lives! Climb the Drum Rockies!;2023-10-22 00:56:20;1
81797;One Piece;6;13;Dalton's Resolve! Wapol's Corps Land on the Island!;2023-10-22 00:36:27;1
81797;One Piece;6;12;Are You Happy? The Doctor Called Witch!;2023-10-22 00:36:24;1
81797;One Piece;6;11;An Island without Doctors? Adventure in a Nameless Land!;2023-10-22 00:36:20;1
81797;One Piece;6;10;A Raid! The Tin Tyrant and Tin Plate Wapol!;2023-10-22 00:36:17;1
81797;One Piece;6;9;Nami's Sick? Beyond the Snow Falling On The Stars!;2023-10-22 00:36:09;1
81797;One Piece;6;8;Farewell Giant Island! Head for Alabasta!;2023-10-21 22:55:15;1
81797;One Piece;6;7;Time to Fight Back! Usopp's Quick Thinking and Fire Star!;2023-10-21 22:55:08;1
81797;One Piece;6;6;A Hex on Luffy! Colors Trap!;2023-10-21 22:55:02;1
81797;One Piece;6;5;The Devilish Candle! Tears of Regret and Tears of Anger!;2023-10-21 22:54:56;1
81797;One Piece;6;4;Broggy's Bitter Tears of Victory! The Conclusion of Elbaf!;2023-10-21 22:01:48;1
81797;One Piece;6;3;Luffy Gets Angry! A Dirty Trick Violates the Sacred Duel!;2023-10-21 22:01:44;1
81797;One Piece;6;2;Huge Duel! The Giants Dorry and Broggy!;2023-10-21 22:00:08;1
81797;One Piece;6;1;An Ancient Island! The Shadow Hiding in Little Garden!;2023-10-21 22:00:05;1
81797;One Piece;5;9;Coby and Helmeppo's Resolve! Vice-Admiral Garp's Parental Affection!;2023-10-21 22:00:01;1
81797;One Piece;5;8;Try Hard, Coby! Coby and Helmeppo's Struggles in the Marines!;2023-10-17 22:21:58;1
81797;One Piece;5;7;Deliver Princess Vivi! The Luffy Pirates Set Sail!;2023-10-17 22:21:56;1
81797;One Piece;5;6;All-out Battle! Luffy Vs. Zoro, Mysterious Grand Duel!;2023-10-17 22:21:54;1
81797;One Piece;5;5;Explosion! The Three Swords Style! Zoro Vs. Baroque Works!;2023-10-17 22:21:52;1
81797;One Piece;5;4;A Town That Welcomes Pirates? Setting Foot On Whisky Peak!;2023-10-17 22:21:50;1
81797;One Piece;5;3;A Promise Between Men! Luffy and the Whale Vow to Meet Again!;2023-10-17 19:26:58;1
81797;One Piece;5;2;The First Line of Defense? The Giant Whale Laboon Appears!;2023-10-17 19:26:55;1
81797;One Piece;5;1;An Angry Showdown! Cross the Red Line!;2023-10-17 19:26:53;1
81797;One Piece;4;13;Through the Sky They Soar! The 1000 Year Legend Lives Again!;2023-10-17 19:26:51;1
81797;One Piece;4;12;Luffy, Completely Surrounded! Commodore Nelson's Secret Strategy!;2023-10-17 19:26:50;1
81797;One Piece;4;11;Showdown in the Ruins! Tense Zoro Vs. Eric!;2023-10-16 12:00:52;1
81797;One Piece;4;10;A Solitary Island in the Distant Sea! The Legendary Lost Island!;2023-10-16 12:00:50;1
81797;One Piece;4;9;Eric Attacks! Great Escape from Warship Island!;2023-10-16 11:12:32;1
81797;One Piece;4;8;Miraculous Creature! Apis's Secret and the Legendary Island!;2023-10-15 22:34:18;1
81797;One Piece;4;7;Precursor to a New Adventure! Apis, a Mysterious Girl!;2023-10-15 22:34:16;1
81797;One Piece;4;6;The Legend Has Started! Head for the Grand Line!;2023-10-15 21:46:14;1
81797;One Piece;4;5;Buggy's Revenge! The Man Who Smiles On the Execution Platform!;2023-10-15 21:46:11;1
81797;One Piece;4;4;Fiery Cooking Battle? Sanji Vs. the Beautiful Chef!;2023-10-15 21:00:13;1
81797;One Piece;4;3;Usopp Vs. Daddy the Parent! Showdown at High!;2023-10-15 20:36:41;1
81797;One Piece;4;2;Kitetsu III and Yubashiri! Zoro's New Swords and the Woman Sergeant Major!;2023-10-15 20:36:38;1
81797;One Piece;4;1;The Town of the Beginning and the End! Landfall at Logue Town!;2023-10-15 19:10:50;1
81797;One Piece;3;17;The Wait Is Over! The Return of Captain Buggy!;2023-10-15 19:10:48;1
81797;One Piece;3;16;Chase Straw Hat! Little Buggy's Big Adventure!;2023-10-15 19:10:46;1
81797;One Piece;3;15;Bounty! Straw Hat Luffy Becomes Known to the World!;2023-10-15 17:56:26;1
81797;One Piece;3;14;Setting Out With a Smile! Farewell, Hometown Cocoyashi Village!;2023-10-15 17:51:22;1
81797;One Piece;3;13;End of the Fishman Empire! Nami's My Friend!;2023-10-15 17:51:11;1
81797;One Piece;3;12;Explosion! Fishman Arlong's Fierce Assault from the Sea!;2023-10-15 17:51:11;1
81797;One Piece;3;10;Proud Warriors! Sanji and Usopp's Fierce Battles!;2023-10-15 17:51:10;1
81797;One Piece;3;11;Luffy at Full Power! Nami's Determination and the Straw Hat!;2023-10-15 17:51:10;1
81797;One Piece;3;9;Luffy Submerged! Zoro Vs. Hatchan the Octopus!;2023-10-15 15:23:50;1
81797;One Piece;3;8;Luffy in Big Trouble! Fishmen Vs. the Luffy Pirates!;2023-10-15 15:23:48;1
81797;One Piece;3;7;Luffy Rises! Result of the Broken Promise!;2023-10-15 15:23:43;1
81797;One Piece;3;6;Survive! Mother Bellemere and Nami's Bond!;2023-10-15 15:23:41;1
81797;One Piece;3;5;Untold Past! Female Warrior Bellemere!;2023-10-15 15:23:38;1
81797;One Piece;3;4;Everyone's Gathered! Usopp Speaks the Truth About Nami!;2023-10-15 15:23:36;1
81797;One Piece;3;3;Usopp Dead?! When Is Luffy Going to Make Landfall?!;2023-10-15 15:23:34;1
81797;One Piece;3;2;Witch of Cocoyashi Village! Arlong's Female Leader!;2023-10-15 15:23:31;1
81797;One Piece;3;1;The Worst Man in the Eastern Seas! Fishman Pirate Arlong!;2023-10-15 15:23:29;1
81797;One Piece;2;22;Set Sail! The Seafaring Cook Sets Off With Luffy!;2023-10-15 15:23:27;1
81797;One Piece;2;21;The Conclusion of the Deadly Battle! A Spear of Blind Determination!;2023-10-15 15:23:25;1
81797;One Piece;2;20;I Won't Die! Fierce Battle, Luffy Vs. Krieg!;2023-10-14 23:28:57;1
81797;One Piece;2;19;Cool-headed, Cold-hearted Demon! Pirate Fleet Chief Commander Ghin!;2023-10-14 23:06:59;1
81797;One Piece;2;18;Zeff and Sanji's Dream! the Illusory All Blue!;2023-10-14 22:42:05;1
81797;One Piece;2;17;The Deadly Foot Technique Bursts Forth! Sanji Vs. the Invincible Pearl!;2023-10-14 22:42:01;1
81797;One Piece;2;16;Hawk-Eye Mihawk! The Great Swordsman Zoro Falls at Sea!;2023-10-14 22:41:59;1
81797;One Piece;2;15;Protect Baratie! The Great Pirate, Red Foot Zeff!;2023-10-14 22:41:53;1
81797;One Piece;2;14;The Strongest Pirate Fleet! Commodore Don Krieg!;2023-10-14 22:41:50;1
81797;One Piece;2;13;Unwelcome Customer! Sanji's Food and Ghin's Debt!;2023-10-14 22:41:47;1
81797;One Piece;2;12;Famous Cook! Sanji of the Sea Restaurant!;2023-10-14 20:19:52;1
81797;One Piece;2;11;The Three-Sword Style's Past! Zoro and Kuina's Vow!;2023-10-14 20:19:11;2
81797;One Piece;2;10;You're the Weird Creature! Gaimon and His Strange Friends!;2023-10-14 20:18:54;1
81797;One Piece;2;9;Anger Explosion! Kuro vs. Luffy! How it Ends!;2023-10-14 20:18:52;1
81797;One Piece;2;8;Protect Kaya! The Usopp Pirates' Great Efforts!;2023-10-14 20:18:49;1
81797;One Piece;2;7;Beat Kuro! Usopp the Man's Tearful Resolve!;2023-10-12 20:55:54;1
81797;One Piece;2;6;Luffy Back in Action! Miss Kaya's Desperate Resistance!;2023-10-12 20:55:51;1
81797;One Piece;2;5;The Terrifying Duo! Meowban Brothers vs. Zoro!;2023-10-12 12:14:34;1
81797;One Piece;2;4;Clash with the Black Cat Pirates! The Great Battle on the Slope!;2023-10-12 12:14:32;1
81797;One Piece;2;3;Expose the Plot! Pirate Butler, Captain Kuro!;2023-10-12 11:29:08;1
81797;One Piece;2;2;The Weirdest Guy Ever! Jango the Hypnotist!;2023-10-12 11:29:01;1
81797;One Piece;2;1;The Honorable Liar? Captain Usopp!;2023-10-11 21:09:54;1
81797;One Piece;1;8;Who Is the Victor? Devil Fruit Power Showdown!;2023-10-11 20:27:43;1
81797;One Piece;1;7;Epic Showdown! Swordsman Zoro Vs. Acrobat Cabaji!;2023-10-11 20:27:41;1
81797;One Piece;1;6;Desperate Situation! Beast Tamer Mohji Vs. Luffy!;2023-10-11 19:46:03;1
81797;One Piece;1;5;A Terrifying Mysterious Power! Captain Buggy, the Clown Pirate!;2023-10-11 19:24:25;1
81797;One Piece;1;4;Luffy's Past! Enter Red-Haired Shanks!;2023-10-11 19:24:22;1
81797;One Piece;1;3;Morgan versus Luffy! Who's the Mysterious Pretty Girl?;2023-10-11 19:24:18;1
81797;One Piece;1;2;Enter the Great Swordsman! Pirate Hunter Roronoa Zoro!;2023-10-11 18:08:59;1
81797;One Piece;1;1;I'm Luffy! The Man Who's Gonna Be King of the Pirates!;2023-10-11 17:46:02;1
353712;The Rising of the Shield Hero;3;1;The Dark Coliseum;2023-10-06 18:39:15;1
377543;Jujutsu Kaisen;2;11;Seance;2023-10-06 18:13:01;1
377543;Jujutsu Kaisen;2;10;Pandemonium;2023-10-05 10:21:34;1
275274;Rick et Morty;6;10;Ricktional Mortpoon's Rickmas Mortcation;2023-10-01 17:21:43;1
275274;Rick et Morty;6;9;A Rick in King Mortur's Mort;2023-10-01 16:57:53;1
275274;Rick et Morty;6;8;Analyze Piss;2023-10-01 16:57:46;1
275274;Rick et Morty;6;7;Full Meta Jackrick;2023-10-01 16:57:41;1
275274;Rick et Morty;6;6;JuRicksic Mort;2023-09-30 11:31:40;1
275274;Rick et Morty;6;5;Final DeSmithation;2023-09-30 11:31:36;1
275274;Rick et Morty;6;4;Night Family;2023-09-30 11:31:33;1
275274;Rick et Morty;6;3;Bethic Twinstinct;2023-09-30 11:31:32;1
275274;Rick et Morty;6;2;Rick: A Mort Well Lived;2023-09-30 11:31:30;1
275274;Rick et Morty;6;1;Solaricks;2023-09-30 11:31:28;1
377543;Jujutsu Kaisen;2;9;Shibuya Incident - Gate, Open;2023-09-24 21:43:08;1
371310;Mushoku Tensei: Jobless Reincarnation;2;12;I Want to Tell You;2023-09-24 21:12:09;1
76703;Pokémon;19;103;The Future is Now, Thanks to Strategy!;2023-09-24 20:45:29;1
76703;Pokémon;19;101;A One-Stick Wonder!;2023-09-24 20:45:25;1
76703;Pokémon;19;97;An Evolution in Taste!;2023-09-24 20:45:25;1
76703;Pokémon;19;100;Meeting Up With the Monarch!;2023-09-24 20:45:24;1
76703;Pokémon;19;108;Catching the Aura of Fate!;2023-09-24 20:45:20;1
76703;Pokémon;19;105;Reuniting for the First Time!;2023-09-24 20:45:19;1
76703;Pokémon;19;111;The Homecoming Crown!;2023-09-24 20:45:13;1
76703;Pokémon;19;95;The Good, The Bad, and The Lucky!;2023-09-22 17:11:22;1
76703;Pokémon;19;94;Suffering the Flings and Arrows!;2023-09-22 14:40:17;1
76703;Pokémon;19;93;It's All in the Name!;2023-09-22 14:40:17;1
76703;Pokémon;19;91;The Spectral Express!;2023-09-22 14:40:16;1
76703;Pokémon;19;92;The Winding Path to Greatness!;2023-09-22 14:40:16;1
377543;Jujutsu Kaisen;2;8;Shibuya Incident;2023-09-17 21:59:13;1
377543;Jujutsu Kaisen;2;7;Evening Festival;2023-09-17 21:58:31;1
377543;Jujutsu Kaisen;2;6;It's Like That;2023-09-17 21:12:12;1
371310;Mushoku Tensei: Jobless Reincarnation;2;10;These Feelings;2023-09-17 20:49:00;1
371310;Mushoku Tensei: Jobless Reincarnation;2;11;To You;2023-09-17 20:48:59;1
371310;Mushoku Tensei: Jobless Reincarnation;2;9;The White Mask;2023-09-17 20:03:46;1
371310;Mushoku Tensei: Jobless Reincarnation;2;8;The Fiancé of Despair;2023-09-17 19:41:23;1
340234;Désenchantée;3;10;Goodbye Bean;2023-09-04 11:25:57;1
340234;Désenchantée;3;9;Darkness Falls;2023-09-04 11:25:55;1
340234;Désenchantée;3;8;The Battle of Falling Water;2023-09-03 22:18:58;1
340234;Désenchantée;3;7;Gimme Gimme Shock Treatment;2023-09-03 21:56:42;1
340234;Désenchantée;3;6;The Stience of Homemade Lightning;2023-09-03 21:56:35;1
340234;Désenchantée;3;5;Who Shot Elfo?;2023-09-03 21:06:03;1
340234;Désenchantée;3;4;I Hear Your Noggin, But You Can't Come In;2023-09-03 21:05:52;1
340234;Désenchantée;3;3;Electric Ladyland;2023-09-03 21:05:50;1
340234;Désenchantée;3;2;Fish Out of Water;2023-09-03 21:05:41;1
340234;Désenchantée;3;1;Heads or Tails;2023-09-03 12:35:54;1
392276;One Piece (2023);1;8;WORST IN THE EAST;2023-09-01 19:11:15;1
392276;One Piece (2023);1;7;THE GIRL WITH THE SAWFISH TATTOO;2023-09-01 19:10:55;1
392276;One Piece (2023);1;6;THE CHEF AND THE CHORE BOY;2023-09-01 19:10:53;1
392276;One Piece (2023);1;5;EAT AT BARATIE!;2023-09-01 19:10:50;1
392276;One Piece (2023);1;4;THE PIRATES ARE COMING;2023-09-01 19:10:48;1
392276;One Piece (2023);1;3;TELL NO TALES;2023-09-01 14:31:56;1
392276;One Piece (2023);1;2;THE MAN IN THE STRAW HAT;2023-09-01 14:31:53;1
392276;One Piece (2023);1;1;ROMANCE DAWN;2023-09-01 14:31:49;1
371310;Mushoku Tensei: Jobless Reincarnation;2;7;The Kidnapping and Confinement of Beast Girls;2023-08-23 16:38:12;1
377543;Jujutsu Kaisen;2;5;Premature Death;2023-08-15 17:36:52;1
371310;Mushoku Tensei: Jobless Reincarnation;2;6;I Don't Want To Die;2023-08-15 17:34:18;1
371310;Mushoku Tensei: Jobless Reincarnation;2;5;Ranoa University of Magic;2023-08-11 16:36:27;1
371310;Mushoku Tensei: Jobless Reincarnation;2;4;Letter of Invitation;2023-08-11 16:13:49;1
377543;Jujutsu Kaisen;2;4;Hidden Inventory 4;2023-07-29 10:15:34;1
377543;Jujutsu Kaisen;2;3;Hidden Inventory 3;2023-07-28 11:09:34;1
377543;Jujutsu Kaisen;2;2;Hidden Inventory 2;2023-07-26 11:42:57;1
377543;Jujutsu Kaisen;2;1;Hidden Inventory;2023-07-26 11:18:56;1
350123;Le Prince des dragons;5;9;Infantis Sanguine;2023-07-25 19:04:58;1
350123;Le Prince des dragons;5;8;Finnegrin's Wake;2023-07-25 19:04:56;1
350123;Le Prince des dragons;5;7;Sea Legs;2023-07-25 19:04:53;1
350123;Le Prince des dragons;5;6;Bait and Switch;2023-07-25 19:04:51;1
350123;Le Prince des dragons;5;5;Archmage Akiyu;2023-07-25 12:07:24;1
371310;Mushoku Tensei: Jobless Reincarnation;2;3;Abrupt Approach;2023-07-25 12:07:23;1
350123;Le Prince des dragons;5;4;The Great Bookery;2023-07-25 12:07:21;1
350123;Le Prince des dragons;0;1;Seasons 1-3 Official Recap;2023-07-24 21:50:14;1
350123;Le Prince des dragons;5;3;Nightmares and Revelations;2023-07-24 21:14:06;1
350123;Le Prince des dragons;5;2;Old Wounds;2023-07-24 21:14:04;1
350123;Le Prince des dragons;5;1;Domina Profundis;2023-07-24 21:14:02;1
371310;Mushoku Tensei: Jobless Reincarnation;2;1;The Brokenhearted Mage;2023-07-19 08:37:30;1
371310;Mushoku Tensei: Jobless Reincarnation;2;2;The Forest in the Dead of Night;2023-07-19 08:05:21;1
396606;Sonic Prime;2;8;Ghost of a Chance;2023-07-19 07:43:57;1
396606;Sonic Prime;2;7;Cracking Down;2023-07-19 07:43:55;1
396606;Sonic Prime;2;6;Double Trouble;2023-07-19 07:43:52;1
396606;Sonic Prime;2;5;A Madness to Their Methods;2023-07-19 07:43:49;1
396606;Sonic Prime;2;4;No Way Out;2023-07-19 07:43:46;1
396606;Sonic Prime;2;3;Second Wind;2023-07-16 11:39:23;1
396606;Sonic Prime;2;2;Battle in the Boscage;2023-07-16 11:20:53;1
396606;Sonic Prime;2;1;Avoid the Void;2023-07-16 10:57:05;1
393810;Valkyrie Apocalypse;2;15;The Way of Light;2023-07-16 09:54:20;1
393810;Valkyrie Apocalypse;2;14;Legend of the Underworld;2023-07-16 09:34:50;1
393810;Valkyrie Apocalypse;2;13;The Strongest Puberty In History;2023-07-16 09:34:48;1
393810;Valkyrie Apocalypse;2;12;Zero;2023-07-16 09:34:45;1
393810;Valkyrie Apocalypse;2;11;Round Six;2023-07-16 08:30:23;1
402474;Hell's Paradise;1;13;Dreams and Reality;2023-07-16 08:03:43;1
402474;Hell's Paradise;1;12;Umbrella and Ink;2023-06-25 11:05:34;1
348545;Demon Slayer: Kimetsu no Yaiba;4;11;A Connected Bond: Daybreak and First Light;2023-06-24 08:43:29;1
402474;Hell's Paradise;1;11;Weak and Strong;2023-06-18 17:54:45;1
355774;Dr. STONE;3;11;With This Fist, a Miracle;2023-06-16 11:12:04;1
272074;Kill la Kill;0;0;Goodbye again;2023-06-14 18:51:42;1
370452;Human Resources;2;10;Yipee Ki-Hate, Motherf**ker;2023-06-14 18:51:19;1
370452;Human Resources;2;9;On the Daughterfront;2023-06-13 20:31:33;1
370452;Human Resources;2;8;Pity Party;2023-06-13 20:04:41;1
370452;Human Resources;2;7;Tony: The Life of an Office Cold;2023-06-13 19:34:26;1
370452;Human Resources;2;6;Paul Me By Your Name;2023-06-13 19:34:25;1
370452;Human Resources;2;5;Rochelle, Rochelle;2023-06-13 19:34:18;1
370452;Human Resources;2;4;A League of Their Hormone;2023-06-13 19:34:17;1
370452;Human Resources;2;3;Total RePaul;2023-06-13 19:34:16;1
370452;Human Resources;2;2;The Tell-Tale Dick;2023-06-13 17:20:54;1
348545;Demon Slayer: Kimetsu no Yaiba;4;10;Love Hashira Mitsuri Kanroji;2023-06-13 17:19:11;1
370452;Human Resources;2;1;The Jizz Mitzvah;2023-06-11 10:00:47;1
402474;Hell's Paradise;1;10;Yin and Yang;2023-06-11 10:00:45;1
355774;Dr. STONE;3;10;SCIENCE WARS;2023-06-09 11:19:13;1
348545;Demon Slayer: Kimetsu no Yaiba;4;9;Mist Hashira Muichiro Tokito;2023-06-05 10:40:45;1
402474;Hell's Paradise;1;9;Gods and People;2023-06-04 10:24:21;1
355774;Dr. STONE;3;9;Beautiful Science;2023-06-01 17:47:22;1
402474;Hell's Paradise;1;8;Student and Master;2023-05-31 20:15:35;1
402474;Hell's Paradise;1;7;Flowers and Offerings;2023-05-31 19:51:23;1
402474;Hell's Paradise;1;6;Heart and Reason;2023-05-30 22:46:34;1
402474;Hell's Paradise;1;5;The Samurai and the Woman;2023-05-30 22:46:31;1
402474;Hell's Paradise;1;4;Hell and Paradise;2023-05-30 21:29:49;1
402474;Hell's Paradise;1;3;Weakness and Strength;2023-05-30 21:00:32;1
402474;Hell's Paradise;1;2;Screening and Choosing;2023-05-30 20:36:58;1
402474;Hell's Paradise;1;1;The Death Row Convict and the Executioner;2023-05-30 20:36:52;1
348545;Demon Slayer: Kimetsu no Yaiba;4;8;The Mu in Muichiro;2023-05-30 20:36:47;1
355774;Dr. STONE;3;8;The Trump Card Aboard the Science Vessel;2023-05-27 09:24:28;1
390382;Kemono Incidents;1;12;Monster Incidents;2023-05-24 22:53:38;1
390382;Kemono Incidents;1;11;Memories;2023-05-24 22:36:04;1
390382;Kemono Incidents;1;10;Twins;2023-05-24 22:13:53;1
390382;Kemono Incidents;1;9;Family;2023-05-24 21:51:33;1
390382;Kemono Incidents;1;8;Truth;2023-05-24 21:51:30;1
390382;Kemono Incidents;1;7;Home;2023-05-24 20:57:13;1
390382;Kemono Incidents;1;6;Awakening;2023-05-24 20:57:05;1
390382;Kemono Incidents;1;5;Intrusion;2023-05-24 20:57:01;1
390382;Kemono Incidents;1;4;Mission;2023-05-24 19:40:46;1
390382;Kemono Incidents;1;3;Foxes;2023-05-24 19:18:18;1
390382;Kemono Incidents;1;2;The Kemonoist;2023-05-24 18:53:30;1
390382;Kemono Incidents;1;1;Kabane;2023-05-24 18:30:12;1
348545;Demon Slayer: Kimetsu no Yaiba;4;7;Awful Villain;2023-05-22 12:44:44;1
355774;Dr. STONE;3;7;Ray of Despair, Ray of Hope;2023-05-21 19:25:50;1
348545;Demon Slayer: Kimetsu no Yaiba;4;6;Aren't You Going to Become a Hashira?;2023-05-17 20:08:18;1
348545;Demon Slayer: Kimetsu no Yaiba;4;5;Bright Red Sword;2023-05-17 20:08:12;1
355774;Dr. STONE;3;6;TREASURE BOX;2023-05-17 19:15:05;1
355774;Dr. STONE;3;5;Science Vessel Perseus;2023-05-04 17:19:19;1
295243;Rokka: Braves of the Six Flowers;1;12;The Time to Reveal the Answer;2023-05-03 11:17:16;1
295243;Rokka: Braves of the Six Flowers;1;11;Counterattack;2023-05-03 10:59:42;1
295243;Rokka: Braves of the Six Flowers;1;10;Desperate Situation;2023-05-03 10:59:40;1
295243;Rokka: Braves of the Six Flowers;1;9;Blossoms of Doubt;2023-05-02 23:22:03;1
295243;Rokka: Braves of the Six Flowers;1;8;The Average Man and the Genius;2023-05-02 23:21:59;1
295243;Rokka: Braves of the Six Flowers;1;7;The Reasons of the Two;2023-05-02 22:37:34;1
295243;Rokka: Braves of the Six Flowers;1;6;A Trap and a Rout;2023-05-02 22:15:19;1
295243;Rokka: Braves of the Six Flowers;1;5;The Seventh Brave;2023-05-02 21:53:04;1
295243;Rokka: Braves of the Six Flowers;1;4;The Heroes Gather;2023-05-02 21:32:09;1
295243;Rokka: Braves of the Six Flowers;1;3;The Girl Who Kills Braves;2023-05-02 21:07:41;1
295243;Rokka: Braves of the Six Flowers;1;2;First Journey;2023-05-02 21:07:38;1
295243;Rokka: Braves of the Six Flowers;1;1;The Strongest Man In The World;2023-05-02 20:23:20;1
348545;Demon Slayer: Kimetsu no Yaiba;4;4;Thank You, Tokito;2023-05-01 17:27:16;1
348742;Baki (2018);1;5;Want some more?;2023-04-27 21:48:53;1
348742;Baki (2018);1;4;The Battle Begins;2023-04-27 21:28:52;1
348742;Baki (2018);1;3;They’re Finally Here!!;2023-04-27 21:28:49;1
355774;Dr. STONE;3;4;Eyes of Science;2023-04-27 20:36:26;1
348742;Baki (2018);1;2;Dark Martial Arts;2023-04-27 20:10:03;1
348742;Baki (2018);1;1;Synchronicity;2023-04-27 20:10:02;1
396606;Sonic Prime;1;8;There's No ARRGH in "Team";2023-04-27 19:03:57;1
396606;Sonic Prime;1;7;It Takes One to No Place;2023-04-27 19:03:56;1
396606;Sonic Prime;1;6;Situation: Grim;2023-04-27 18:11:53;1
396606;Sonic Prime;1;5;Barking up the Wrong Tree;2023-04-27 18:11:51;1
396606;Sonic Prime;1;4;Unwelcome to the Jungle;2023-04-27 17:25:39;1
396606;Sonic Prime;1;3;Escape from New Yoke;2023-04-27 17:25:36;1
396606;Sonic Prime;1;2;The Yoke's on You;2023-04-27 12:09:20;1
396606;Sonic Prime;1;1;Shattered;2023-04-27 11:48:08;1
348545;Demon Slayer: Kimetsu no Yaiba;4;3;A Sword From Over 300 Years Ago;2023-04-26 18:05:17;1
355774;Dr. STONE;3;3;First Contact;2023-04-21 11:16:28;1
373679;BOFURI: Je suis pas venue ici pour souffrir alors j'ai tout mis en défense.;2;12;Maxing Defense and the Big Final Battle;2023-04-21 10:35:43;1
373679;BOFURI: Je suis pas venue ici pour souffrir alors j'ai tout mis en défense.;2;11;Maxing Defense and New Parties;2023-04-19 18:53:39;1
348545;Demon Slayer: Kimetsu no Yaiba;4;2;Yoriichi Type Zero;2023-04-18 11:47:21;1
355774;Dr. STONE;3;2;Greed Equals Justice;2023-04-18 11:47:16;1
348545;Demon Slayer: Kimetsu no Yaiba;4;1;Someone's Dream;2023-04-10 11:58:37;1
409490;Pokémon Évolutions;1;8;The Discovery;2023-04-08 16:40:09;1
409490;Pokémon Évolutions;1;7;The Show;2023-04-08 16:31:31;1
409490;Pokémon Évolutions;1;6;The Wish;2023-04-08 16:23:58;1
409490;Pokémon Évolutions;1;5;The Rival;2023-04-08 16:23:57;1
409490;Pokémon Évolutions;1;4;The Plan;2023-04-08 16:05:51;1
409490;Pokémon Évolutions;1;3;The Visionary;2023-04-08 15:55:16;1
409490;Pokémon Évolutions;1;2;The Eclipse;2023-04-08 15:47:45;1
409490;Pokémon Évolutions;1;1;The Champion;2023-04-08 15:39:58;1
373679;BOFURI: Je suis pas venue ici pour souffrir alors j'ai tout mis en défense.;2;10;Maxing Defense and New Teams;2023-04-08 15:31:13;1
355774;Dr. STONE;3;1;NEW WORLD MAP;2023-04-07 15:46:27;1
420450;Smiley;1;8;The Red Thread;2023-03-24 09:38:47;1
420450;Smiley;1;7;Five Minutes Before the Countdown;2023-03-24 09:38:43;1
420450;Smiley;1;6;One Degree of Separation;2023-03-23 22:04:06;1
420450;Smiley;1;5;All Hearts Come Home for Christmas;2023-03-23 21:36:29;1
420450;Smiley;1;4;Begin the Beguine;2023-03-23 20:57:26;1
420450;Smiley;1;3;Bringing Up Baby;2023-03-23 20:57:17;1
420450;Smiley;1;2;Icarus's Wings;2023-03-23 20:57:13;1
420450;Smiley;1;1;When Álex Met Bruno;2023-03-23 19:18:30;1
331431;Big Mouth;6;10;F**ked Up Friday;2023-03-23 11:01:29;1
331431;Big Mouth;6;9;The Parents Aren't Alright;2023-03-23 11:01:24;1
331431;Big Mouth;6;8;Asexual Healing;2023-03-23 11:01:09;1
331431;Big Mouth;6;7;Dadda Dia!;2023-03-23 11:01:06;1
331431;Big Mouth;6;6;The Apple Brooch;2023-03-23 11:01:04;1
331431;Big Mouth;6;5;Andrew's Gonna Touch A Boob Tonight;2023-03-23 11:01:00;1
331431;Big Mouth;6;4;Rice Purity Test;2023-03-23 11:00:57;1
331431;Big Mouth;6;3;Vagina Shame;2023-03-22 20:44:18;1
373679;BOFURI: Je suis pas venue ici pour souffrir alors j'ai tout mis en défense.;2;9;Maxing Defense and Setting Up a Base;2023-03-22 19:41:09;1
289882;Is It Wrong to Try to Pick Up Girls in a Dungeon?;4;22;Luvia | Starry Flower;2023-03-19 13:56:57;1
305074;My Hero Academia;6;24;A Young Woman's Declaration;2023-03-19 13:56:54;1
373679;BOFURI: Je suis pas venue ici pour souffrir alors j'ai tout mis en défense.;2;8;Maxing Defense and the Eighth Event;2023-03-19 13:00:46;1
373679;BOFURI: Je suis pas venue ici pour souffrir alors j'ai tout mis en défense.;2;7;Maxing Defense and Hunting for Crystals;2023-03-14 18:51:25;1
289882;Is It Wrong to Try to Pick Up Girls in a Dungeon?;4;21;Daydream | A Sweet Lie;2023-03-14 18:51:24;1
305074;My Hero Academia;6;23;Deku vs. Class A;2023-03-14 12:25:40;1
305074;My Hero Academia;6;22;Friend;2023-03-04 19:41:22;1
267440;L'Attaque des Titans;4;29;The Final Chapters: Special 1;2023-03-04 19:13:46;1
289882;Is It Wrong to Try to Pick Up Girls in a Dungeon?;4;20;Astrea Familia | Heroic Death;2023-03-04 10:06:28;1
305074;My Hero Academia;6;21;The Lovely Lady Nagant;2023-03-03 12:21:47;1
289882;Is It Wrong to Try to Pick Up Girls in a Dungeon?;4;19;Colosseum | Combat Arena;2023-03-02 11:39:47;1
331431;Big Mouth;6;2;Twenty Two and You;2023-02-23 12:43:16;1
331431;Big Mouth;6;1;The Hookup House;2023-02-23 12:43:12;1
367138;Star Trek: Lower Decks;3;10;The Stars at Night;2023-02-19 18:30:33;1
305074;My Hero Academia;6;20;Hired Gun;2023-02-19 18:24:18;1
289882;Is It Wrong to Try to Pick Up Girls in a Dungeon?;4;18;Desperate | Dungeon Do-or-Die Time;2023-02-16 23:13:28;1
373679;BOFURI: Je suis pas venue ici pour souffrir alors j'ai tout mis en défense.;2;6;Maxing Defense and Tame Monsters;2023-02-16 23:13:08;1
367138;Star Trek: Lower Decks;3;9;Trusted Sources;2023-02-12 18:10:16;1
305074;My Hero Academia;6;19;Full Power!!;2023-02-12 17:45:29;1
367138;Star Trek: Lower Decks;3;8;Crisis Point 2: Paradoxus;2023-02-09 22:50:48;1
367138;Star Trek: Lower Decks;3;7;A Mathematically Perfect Redemption;2023-02-09 22:24:29;1
367138;Star Trek: Lower Decks;3;6;Hear All, Trust Nothing;2023-02-09 22:24:28;1
367138;Star Trek: Lower Decks;3;4;Room for Growth;2023-02-09 22:24:26;1
367138;Star Trek: Lower Decks;3;5;Reflections;2023-02-09 22:24:26;1
367138;Star Trek: Lower Decks;3;3;Mining the Mind's Mines;2023-02-09 22:24:25;1
367138;Star Trek: Lower Decks;3;2;The Least Dangerous Game;2023-02-09 22:24:24;1
367138;Star Trek: Lower Decks;3;1;Grounded;2023-02-09 22:24:23;1
289882;Is It Wrong to Try to Pick Up Girls in a Dungeon?;4;17;White Palace | White Labyrinth;2023-02-09 21:21:47;1
373679;BOFURI: Je suis pas venue ici pour souffrir alors j'ai tout mis en défense.;2;5;Maxing Defense and Tentacles;2023-02-09 21:21:43;1
289882;Is It Wrong to Try to Pick Up Girls in a Dungeon?;4;16;Welf Crozzo | Shikou;2023-02-05 14:00:11;1
289882;Is It Wrong to Try to Pick Up Girls in a Dungeon?;4;15;Ignis | Flame;2023-02-05 13:36:33;1
305074;My Hero Academia;6;18;Izuku Midoriya and Tomura Shigaraki;2023-02-04 14:13:22;1
305074;My Hero Academia;6;17;The Wrong Way to Put Out a Fire;2023-02-04 13:51:27;1
305074;My Hero Academia;6;16;The Hellish Todoroki Family, Part 2;2023-02-04 13:51:25;1
373679;BOFURI: Je suis pas venue ici pour souffrir alors j'ai tout mis en défense.;2;4;Maxing Defense and Tower Conquest;2023-02-04 12:43:06;1
373679;BOFURI: Je suis pas venue ici pour souffrir alors j'ai tout mis en défense.;2;3;Maxing Defense and the Seventh Event;2023-02-04 12:43:03;1
393810;Valkyrie Apocalypse;2;9;Resonance;2023-02-04 11:50:07;1
393810;Valkyrie Apocalypse;2;10;The Brink;2023-02-04 11:50:00;1
393810;Valkyrie Apocalypse;2;8;The Pinnacle of 1116;2023-02-04 11:49:55;1
393810;Valkyrie Apocalypse;2;7;Hundred Seals;2023-02-04 11:49:50;1
393810;Valkyrie Apocalypse;2;5;Requiem;2023-02-04 11:49:49;1
393810;Valkyrie Apocalypse;2;6;Conflicting Motives;2023-02-04 11:49:49;1
393810;Valkyrie Apocalypse;2;4;The Final Labor;2023-02-01 17:23:50;1
393810;Valkyrie Apocalypse;2;3;Birth of a Monster;2023-02-01 17:23:47;1
393810;Valkyrie Apocalypse;2;2;The Indomitable War God;2023-02-01 17:23:44;1
393810;Valkyrie Apocalypse;2;1;Good vs. Evil;2023-02-01 17:23:42;1
373679;BOFURI: Je suis pas venue ici pour souffrir alors j'ai tout mis en défense.;2;2;Maxing Defense, Level 5, and Level 6;2023-01-20 18:01:00;1
305074;My Hero Academia;6;15;Tartarus;2023-01-20 18:00:59;1
289882;Is It Wrong to Try to Pick Up Girls in a Dungeon?;4;14;Daphne Lauros | Friend;2023-01-20 12:42:36;1
289882;Is It Wrong to Try to Pick Up Girls in a Dungeon?;4;13;Morgue | Victim;2023-01-20 12:19:43;1
373679;BOFURI: Je suis pas venue ici pour souffrir alors j'ai tout mis en défense.;2;1;Maxing Defense and Christmas;2023-01-13 11:28:30;1
305074;My Hero Academia;6;14;Hellish Hell;2023-01-08 19:06:27;1
289882;Is It Wrong to Try to Pick Up Girls in a Dungeon?;4;12;Amphisbaena | A Song of Despair;2023-01-08 19:06:26;1
305074;My Hero Academia;6;13;Final Performance;2022-12-26 18:43:36;1
305074;My Hero Academia;6;12;Threads of Hope;2022-12-21 18:03:24;1
76703;Pokémon;19;90;Showdown at the Gates of Warp!;2022-12-11 20:48:20;1
305074;My Hero Academia;6;11;Dabi's Dance;2022-12-11 20:27:34;1
76703;Pokémon;19;89;The Gates of Warp!;2022-12-11 20:27:33;1
305074;My Hero Academia;6;10;The Ones Within Us;2022-12-04 19:45:21;1
305074;My Hero Academia;6;9;Katsuki Bakugo: Rising;2022-12-04 19:45:18;1
305074;My Hero Academia;6;8;League of Villains vs. U.A. Students;2022-12-04 19:45:15;1
76703;Pokémon;19;88;Looking Out for Number Two!;2022-11-23 00:06:21;1
76703;Pokémon;19;87;Breaking the Ice!;2022-11-23 00:06:14;1
305074;My Hero Academia;6;7;Disaster Walker;2022-11-13 16:58:27;1
305074;My Hero Academia;6;6;Encounter, Part 2;2022-11-06 17:57:42;1
350123;Le Prince des dragons;4;9;Escape from Umber Tor;2022-11-06 17:09:54;1
350123;Le Prince des dragons;4;8;Rex Igneous;2022-11-06 17:09:51;1
350123;Le Prince des dragons;4;7;Beneath the Surface;2022-11-06 17:09:48;1
350123;Le Prince des dragons;4;6;The Drakewood;2022-11-05 19:34:47;1
350123;Le Prince des dragons;4;5;The Great Gates;2022-11-05 19:34:43;1
350123;Le Prince des dragons;4;4;Through the Looking Glass;2022-11-05 19:34:39;1
350123;Le Prince des dragons;4;3;Breathtaking;2022-11-05 12:19:14;1
350123;Le Prince des dragons;4;2;Fallen Stars;2022-11-05 12:08:15;1
350123;Le Prince des dragons;4;1;Rebirthday;2022-11-05 12:08:12;1
305074;My Hero Academia;6;5;The Thrill of Destruction;2022-10-31 12:23:37;1
305074;My Hero Academia;6;4;Inheritance;2022-10-31 11:58:34;1
76703;Pokémon;19;86;A Battle of Mega Versus Max!;2022-10-19 10:52:11;1
76703;Pokémon;19;85;Battle Three With Bea!;2022-10-19 10:52:08;1
76703;Pokémon;19;84;An Adventure of Mega Proportions!;2022-10-18 21:59:24;1
305074;My Hero Academia;6;3;One's Justice;2022-10-18 21:36:48;1
289882;Is It Wrong to Try to Pick Up Girls in a Dungeon?;4;11;Endless |  Brutal;2022-10-13 17:42:09;1
305074;My Hero Academia;6;2;Mirko, the No. 5 Hero;2022-10-13 17:41:50;1
305074;My Hero Academia;6;1;A Quiet Beginning;2022-10-02 18:12:57;1
294002;Overlord;4;13;The Witch of the Falling Kingdom;2022-09-28 18:01:56;1
289882;Is It Wrong to Try to Pick Up Girls in a Dungeon?;4;10;Juggernaut | The Destroyer;2022-09-26 10:22:59;1
289882;Is It Wrong to Try to Pick Up Girls in a Dungeon?;4;9;Lambton | Ill Omen;2022-09-26 10:22:53;1
368185;Destin : La saga Winx;2;7;All the Wild Witches;2022-09-26 10:22:49;1
368185;Destin : La saga Winx;2;6;Poor Unfortunate Souls;2022-09-26 10:22:46;1
76703;Pokémon;19;83;Star Night, Star Flight!;2022-09-22 22:50:15;1
76703;Pokémon;19;82;The Sweet Taste of Battle!;2022-09-22 22:50:12;1
76703;Pokémon;19;81;Mad About Blue!;2022-09-22 22:50:08;1
76703;Pokémon;19;80;Trial on a Golden Scale!;2022-09-22 22:50:05;1
76703;Pokémon;19;79;Night and Day, You are the Ones!;2022-09-22 22:50:02;1
294002;Overlord;4;12;Invasion of the Royal Capital;2022-09-22 22:49:56;1
368185;Destin : La saga Winx;2;5;Are You a Good Witch or a Bad Witch?;2022-09-17 23:49:15;1
368185;Destin : La saga Winx;2;4;An Hour Before the Devil Fell;2022-09-17 22:08:19;1
368185;Destin : La saga Winx;2;3;Your Newfound Popularity;2022-09-17 21:19:49;1
368185;Destin : La saga Winx;2;2;Taken by the Wind;2022-09-17 21:19:46;1
368185;Destin : La saga Winx;2;1;Low-Flying Panic Attack;2022-09-17 21:19:43;1
294002;Overlord;4;11;Well-prepared Traps;2022-09-15 17:40:01;1
76703;Pokémon;19;78;Detective Drizzile!;2022-09-13 18:02:06;1
76703;Pokémon;19;77;Ultra Exciting from the Shocking Start!;2022-09-13 18:02:03;1
76703;Pokémon;19;76;All Out, All of the Time!;2022-09-13 18:02:00;1
76703;Pokémon;19;75;A Midsummer Night's Light!;2022-09-13 18:01:56;1
76703;Pokémon;19;74;Nightfall? Nightmares!;2022-09-13 11:44:39;1
76703;Pokémon;19;73;Grabbing the Brass Ring!;2022-09-13 11:23:02;1
76703;Pokémon;19;72;Everybody's Doing the Underground Shuffle!;2022-09-13 11:22:58;1
76703;Pokémon;19;71;Leaping Toward the Dream!;2022-09-13 11:22:53;1
76703;Pokémon;19;70;Take My Thief! Please!;2022-09-13 11:22:50;1
76703;Pokémon;19;69;Errand Endurance!;2022-09-11 13:16:42;1
76703;Pokémon;19;68;Advice to Goh!;2022-09-11 13:16:39;1
76703;Pokémon;19;67;Sleuths for Truth!;2022-09-11 13:16:37;1
76703;Pokémon;19;66;Under Color of Darkness!;2022-09-11 13:16:34;1
76703;Pokémon;19;65;Thrash of the Titans!;2022-09-10 19:36:03;1
76703;Pokémon;19;64;Absol Absolved!;2022-09-10 19:36:00;1
76703;Pokémon;19;63;On Land, In the Sea, and to the Future!;2022-09-10 19:35:56;1
76703;Pokémon;19;62;Not Too Close for Comfort!;2022-09-10 19:35:52;1
76703;Pokémon;19;61;Searching for Service with a Smile!;2022-09-10 19:35:51;1
76703;Pokémon;19;60;Beyond Chivalry... Aiming to be a Leek Master!;2022-09-10 19:35:47;1
76703;Pokémon;19;59;When a House is Not a Home!;2022-09-10 19:35:44;1
289882;Is It Wrong to Try to Pick Up Girls in a Dungeon?;4;8;Mirabilis | Chaos;2022-09-10 19:35:42;1
76703;Pokémon;19;58;A Rollicking Roll...;2022-09-09 10:55:31;1
76703;Pokémon;19;57;Memories of A Warming Kindness!;2022-09-09 10:55:28;1
76703;Pokémon;19;56;Searching for Chivalry!;2022-09-09 10:55:25;1
76703;Pokémon;19;55;The Tale of You and Glimwood Tangle!;2022-09-09 10:55:22;1
294002;Overlord;4;10;The Last King;2022-09-08 11:44:22;1
76703;Pokémon;19;54;Sobble Spies A Stealthy Strategy!;2022-09-07 07:12:31;1
76703;Pokémon;19;53;Healing the Healer!;2022-09-07 07:12:22;1
76703;Pokémon;19;52;How Are You Gonna Keep 'Em Off of the Farm?;2022-09-07 07:12:16;1
76703;Pokémon;19;51;Trials of a Budding Master!;2022-09-07 07:12:13;1
76703;Pokémon;19;50;A Pinch of This, a Pinch of That!;2022-09-07 07:12:10;1
76703;Pokémon;19;49;To Train, or Not to Train!;2022-09-05 14:59:40;1
294002;Overlord;4;9;Countdown to Extinction;2022-09-04 17:16:58;1
289882;Is It Wrong to Try to Pick Up Girls in a Dungeon?;4;7;Cassandra Ilion | Dream Seer;2022-09-03 11:00:32;1
289882;Is It Wrong to Try to Pick Up Girls in a Dungeon?;4;6;Rabbit's Foot | Rabbit's Foot;2022-09-03 11:00:23;1
289882;Is It Wrong to Try to Pick Up Girls in a Dungeon?;4;5;Argo Vesta | Heroic Slash of Holy Flame;2022-09-03 11:00:20;1
289882;Is It Wrong to Try to Pick Up Girls in a Dungeon?;4;4;Mermaid | The Girl of Water City;2022-09-03 11:00:14;1
289882;Is It Wrong to Try to Pick Up Girls in a Dungeon?;4;3;Parasite | Viscum Album;2022-09-03 09:20:08;1
289882;Is It Wrong to Try to Pick Up Girls in a Dungeon?;4;2;The Great Falls | The Great Falls;2022-09-03 09:20:04;1
289882;Is It Wrong to Try to Pick Up Girls in a Dungeon?;4;1;Prelude | Night Before Departure;2022-09-03 09:19:57;1
396983;DOTA: Dragon's Blood;3;8;Consider Phlebas;2022-08-29 10:31:45;1
396983;DOTA: Dragon's Blood;3;7;Lunartropism;2022-08-29 10:31:41;1
396983;DOTA: Dragon's Blood;3;6;Twelve Thousand, Four Hundred and Three;2022-08-27 12:58:12;1
396983;DOTA: Dragon's Blood;3;5;Summons of the Ideal;2022-08-27 12:34:20;1
396983;DOTA: Dragon's Blood;3;4;The Hanged Man;2022-08-27 12:34:17;1
396983;DOTA: Dragon's Blood;3;3;This Stranger's Life;2022-08-27 12:34:13;1
396983;DOTA: Dragon's Blood;3;2;Hell of Hells;2022-08-27 12:34:10;1
396983;DOTA: Dragon's Blood;3;1;The Wind Under the Door;2022-08-27 12:34:08;1
294002;Overlord;4;8;An Unexpected Move;2022-08-24 16:45:51;1
355774;Dr. STONE;2;2;HOT LINE;2022-08-19 18:09:12;1
294002;Overlord;4;7;Frost Dragon Lord;2022-08-19 17:10:52;1
294002;Overlord;4;6;The Impending Crisis;2022-08-19 16:47:15;1
305074;My Hero Academia;5;25;The High, Deep Blue Sky;2022-08-07 09:57:01;1
305074;My Hero Academia;5;24;Tomura Shigaraki: Origin;2022-08-07 09:32:53;1
305074;My Hero Academia;5;23;Tenko Shimura: Origin;2022-08-07 09:11:33;1
305074;My Hero Academia;5;22;Sad Man's Parade;2022-08-07 09:11:30;1
305074;My Hero Academia;5;21;Revival Party;2022-08-07 09:11:21;1
305074;My Hero Academia;5;20;My Villain Academia;2022-08-05 10:59:35;1
305074;My Hero Academia;5;19;More of a Hero Than Anyone;2022-08-05 10:59:32;1
305074;My Hero Academia;5;18;The Unforgiven;2022-08-05 10:08:09;1
305074;My Hero Academia;5;17;The Hellish Todoroki Family;2022-08-04 23:09:31;1
305074;My Hero Academia;5;16;Long Time No See, Selkie;2022-08-04 23:09:27;1
305074;My Hero Academia;5;15;One Thing at a Time;2022-08-04 17:25:50;1
305074;My Hero Academia;5;14;Off to Endeavor's Agency!;2022-08-04 17:25:46;1
305074;My Hero Academia;5;13;Have a Merry Christmas!;2022-08-04 17:25:43;1
305074;My Hero Academia;5;12;The New Power and All For One;2022-08-04 17:25:40;1
305074;My Hero Academia;5;11;Our Brawl;2022-08-04 17:25:36;1
305074;My Hero Academia;5;10;That Which Is Inherited;2022-08-04 17:25:32;1
305074;My Hero Academia;5;9;Early Bird!;2022-08-04 17:25:28;1
305074;My Hero Academia;5;8;Match 3 Conclusion;2022-08-04 17:25:25;1
305074;My Hero Academia;5;7;Match 3;2022-08-04 17:25:22;1
305074;My Hero Academia;5;6;Foresight;2022-08-03 11:29:10;1
305074;My Hero Academia;5;5;Operation New Improv Moves;2022-08-03 11:29:05;1
294002;Overlord;4;5;In Pursuit of the Land of Dwarves;2022-08-03 11:27:58;1
294002;Overlord;4;4;The Ruler of Conspiracy;2022-07-31 17:35:59;1
305074;My Hero Academia;5;4;Make It Happen, Shinso!;2022-07-31 17:11:29;1
305074;My Hero Academia;5;3;Clash! Class A vs. Class B!;2022-07-29 22:50:10;1
305074;My Hero Academia;5;2;Vestiges;2022-07-29 22:23:06;1
305074;My Hero Academia;5;1;All Hands on Deck! Class 1-A;2022-07-29 21:58:20;1
305074;My Hero Academia;4;25;His Start;2022-07-29 21:33:28;1
305074;My Hero Academia;4;24;Japanese Hero Billboard Chart;2022-07-29 21:33:23;1
305074;My Hero Academia;4;23;Let It Flow! School Festival!;2022-07-29 21:33:20;1
305074;My Hero Academia;4;22;School Festival Start!!;2022-07-27 11:54:04;1
305074;My Hero Academia;4;21;Deku vs. Gentle Criminal;2022-07-27 11:34:52;1
305074;My Hero Academia;4;20;Golden Tips Imperial;2022-07-27 11:34:49;1
305074;My Hero Academia;4;19;Prepping for the School Festival Is the Funnest Part;2022-07-27 11:34:43;1
305074;My Hero Academia;4;18;School Festival;2022-07-25 22:41:17;1
305074;My Hero Academia;4;17;Relief for License Trainees;2022-07-25 22:14:40;1
305074;My Hero Academia;4;16;Win Those Kids' Hearts;2022-07-25 22:14:37;1
305074;My Hero Academia;4;15;Smoldering Flames;2022-07-25 22:14:34;1
305074;My Hero Academia;4;14;Bright Future;2022-07-25 21:04:44;1
305074;My Hero Academia;4;13;Infinite 100%;2022-07-25 21:04:40;1
305074;My Hero Academia;4;12;Unforeseen Hope;2022-07-25 21:04:37;1
305074;My Hero Academia;4;11;Lemillion;2022-07-25 19:25:53;1
305074;My Hero Academia;4;10;Temp Squad;2022-07-25 19:06:08;1
305074;My Hero Academia;4;9;Red Riot;2022-07-25 19:06:05;1
305074;My Hero Academia;4;8;Suneater of the Big Three;2022-07-25 19:06:02;1
305074;My Hero Academia;4;7;GO!!;2022-07-25 18:01:09;1
305074;My Hero Academia;4;6;An Unpleasant Talk;2022-07-25 18:01:04;1
305074;My Hero Academia;4;5;Let's Go, Gutsy Red Riot;2022-07-25 18:01:01;1
305074;My Hero Academia;4;4;Fighting Fate;2022-07-25 11:35:51;1
305074;My Hero Academia;4;3;Boy Meets...;2022-07-23 22:41:58;1
305074;My Hero Academia;4;2;Overhaul;2022-07-23 22:41:55;1
305074;My Hero Academia;4;1;The Scoop on U.A. Class 1-A;2022-07-23 22:41:52;1
294002;Overlord;4;3;Baharuth Empire;2022-07-22 18:33:32;1
294002;Overlord;4;2;Re-Estize Kingdom;2022-07-22 18:33:23;1
294002;Overlord;4;1;Ains Ooal Gown Nation of Leading Darkness;2022-07-22 17:46:09;1
353712;The Rising of the Shield Hero;2;13;Flowers Offered in Recollection;2022-07-03 17:54:34;1
369213;Stalk;1;2;Let’s stalk;2022-07-01 21:47:26;1
369213;Stalk;1;1;The jungle of freshmen;2022-07-01 21:29:17;1
353712;The Rising of the Shield Hero;2;12;Reason to Fight;2022-06-25 12:30:23;1
353712;The Rising of the Shield Hero;2;11;Kizuna;2022-06-21 18:00:43;1
353712;The Rising of the Shield Hero;2;10;Katana Hero;2022-06-21 18:00:40;1
353712;The Rising of the Shield Hero;2;9;Humming Fairy;2022-06-04 11:55:12;1
305074;My Hero Academia;3;25;Unrivaled;2022-05-31 11:32:07;1
305074;My Hero Academia;3;24;A Season for Encounters;2022-05-29 11:47:49;1
305074;My Hero Academia;3;23;Deku vs. Kacchan, Part 2;2022-05-29 11:31:44;1
305074;My Hero Academia;3;22;A Talk About Your Quirk;2022-05-28 20:57:49;1
305074;My Hero Academia;3;21;What's the Big Idea?;2022-05-28 20:36:11;1
305074;My Hero Academia;3;20;Special Episode - Save the World with Love!;2022-05-28 20:36:08;1
305074;My Hero Academia;3;19;Rescue Exercises;2022-05-28 20:36:05;1
305074;My Hero Academia;3;18;RUSH!;2022-05-28 20:36:01;1
305074;My Hero Academia;3;17;Class 1-A;2022-05-28 20:35:54;1
305074;My Hero Academia;3;16;Shiketsu High Lurking;2022-05-28 20:35:50;1
305074;My Hero Academia;3;15;The Test;2022-05-28 20:35:45;1
305074;My Hero Academia;3;14;Create Those Ultimate Moves;2022-05-28 17:56:33;1
305074;My Hero Academia;3;13;Moving into Dorms;2022-05-28 17:56:31;1
305074;My Hero Academia;3;12;End of the Beginning, Beginning of the End;2022-05-28 16:47:04;1
305074;My Hero Academia;3;11;One For All;2022-05-28 16:46:56;1
305074;My Hero Academia;3;10;Symbol of Peace;2022-05-28 16:46:51;1
305074;My Hero Academia;3;9;All For One;2022-05-28 16:46:48;1
305074;My Hero Academia;3;8;From Iida to Midoriya;2022-05-28 15:13:19;1
305074;My Hero Academia;3;7;What a Twist!;2022-05-28 15:13:17;1
305074;My Hero Academia;3;6;Roaring Upheaval;2022-05-28 15:13:14;1
305074;My Hero Academia;3;5;Drive It Home, Iron Fist!!!;2022-05-28 15:13:11;1
305074;My Hero Academia;3;4;My Hero;2022-05-28 13:38:53;1
305074;My Hero Academia;3;3;Kota;2022-05-28 13:38:50;1
305074;My Hero Academia;3;2;Wild, Wild Pussycats;2022-05-28 12:57:04;1
305074;My Hero Academia;3;1;Game Start;2022-05-28 12:33:13;1
371310;Mushoku Tensei: Jobless Reincarnation;1;1;Jobless Reincarnation;2022-05-26 21:23:12;1
371310;Mushoku Tensei: Jobless Reincarnation;1;23;Wake Up and Take a Step;2022-05-26 21:22:26;1
371310;Mushoku Tensei: Jobless Reincarnation;1;22;Dreams and Reality;2022-05-26 21:01:12;1
371310;Mushoku Tensei: Jobless Reincarnation;1;21;Turning Point 2;2022-05-26 20:36:09;1
371310;Mushoku Tensei: Jobless Reincarnation;1;20;The Birth of My Little Sister, the Maid;2022-05-26 20:03:26;1
371310;Mushoku Tensei: Jobless Reincarnation;1;19;Route Selection;2022-05-26 20:03:21;1
371310;Mushoku Tensei: Jobless Reincarnation;1;18;Separate Journeys;2022-05-26 19:12:11;1
371310;Mushoku Tensei: Jobless Reincarnation;1;17;Reunion;2022-05-26 19:12:08;1
371310;Mushoku Tensei: Jobless Reincarnation;1;16;Family Squabble;2022-05-26 19:12:05;1
371310;Mushoku Tensei: Jobless Reincarnation;1;15;Slow Life in the Doldia Village;2022-05-26 16:53:36;1
371310;Mushoku Tensei: Jobless Reincarnation;1;14;No Such Thing As a Free Lunch;2022-05-26 16:53:30;1
371310;Mushoku Tensei: Jobless Reincarnation;1;13;Missed Connections;2022-05-26 16:53:27;1
371310;Mushoku Tensei: Jobless Reincarnation;1;12;The Woman with the Demon Eyes;2022-05-26 15:38:08;1
353712;The Rising of the Shield Hero;2;8;A Parting in the Snow;2022-05-26 15:08:45;1
353712;The Rising of the Shield Hero;2;7;Infinite Labyrinth;2022-05-25 11:13:20;1
364093;Star Trek : Picard;2;9;Hide and Seek;2022-05-14 22:08:36;1
364093;Star Trek : Picard;2;8;Mercy;2022-05-14 22:08:34;1
364093;Star Trek : Picard;2;7;Monsters;2022-05-14 22:08:31;1
353712;The Rising of the Shield Hero;2;6;Racing to Catch Up;2022-05-12 11:26:54;1
370761;Dorohedoro;1;6;The Mushrooms Are Ready / The First Smoke / Manhole Elegy;2022-05-08 18:45:54;1
370761;Dorohedoro;1;4;Roast Duck With Magic User Sauce / Formal Attire Requested / Another Year in the Hole;2022-05-08 18:45:38;1
370761;Dorohedoro;1;3;Night of the Dead / Duel! In Front of Central Department Store;2022-05-08 18:41:33;1
370761;Dorohedoro;1;2;In the Bag / Eat Quietly During Meals / My Neighbor the Sorcerer;2022-05-08 18:41:28;1
370761;Dorohedoro;1;1;Caiman;2022-05-08 18:27:15;1
370761;Dorohedoro;1;5;Caiman in Wonderland;2022-05-08 18:27:10;1
111371;Noob;10;11;U-turn;2022-05-06 13:46:03;1
353712;The Rising of the Shield Hero;2;5;Ost Hourai;2022-05-06 13:09:28;1
353712;The Rising of the Shield Hero;2;4;Ruins in the Fog;2022-05-06 13:09:20;1
353712;The Rising of the Shield Hero;2;3;Shaking Land;2022-05-06 13:09:18;1
353712;The Rising of the Shield Hero;2;2;Footprints of the Spirit Tortoise;2022-05-06 13:09:15;1
353712;The Rising of the Shield Hero;2;1;A New Roar;2022-05-06 09:32:52;1
370452;Human Resources;1;10;Shitstorm;2022-05-06 08:16:32;1
370452;Human Resources;1;9;It's Almost Over;2022-05-06 08:16:29;1
370452;Human Resources;1;8;The Light;2022-05-05 22:28:01;1
370452;Human Resources;1;7;International Creature Convention;2022-05-05 22:27:57;1
370452;Human Resources;1;6;The Addiction Angel;2022-05-05 22:27:54;1
370452;Human Resources;1;5;Love in the Time of Postpartum;2022-05-05 21:11:10;1
370452;Human Resources;1;4;Rutgers is for Lovers;2022-05-05 20:46:26;1
370452;Human Resources;1;3;Bad Mummies;2022-05-05 20:46:23;1
370452;Human Resources;1;2;Training Day;2022-05-05 20:46:20;1
370452;Human Resources;1;1;Birth;2022-05-05 19:29:59;1
364093;Star Trek : Picard;2;6;Two of One;2022-04-12 20:04:54;1
406152;Baki Hanma;1;11;The Prison Guard Talks About It;2022-04-06 09:45:30;1
406152;Baki Hanma;1;12;Beyond the Brawn;2022-04-06 09:45:30;1
267440;L'Attaque des Titans;4;28;The Dawn of Humanity;2022-04-03 21:24:21;1
364093;Star Trek : Picard;2;5;Fly Me to the Moon;2022-04-03 20:59:00;1
364093;Star Trek : Picard;2;4;Watcher;2022-04-03 20:20:01;1
364093;Star Trek : Picard;2;3;Assimilation;2022-04-03 20:19:58;1
267440;L'Attaque des Titans;4;27;Retrospective;2022-03-21 21:52:46;1
111371;Noob;10;10;The Expert;2022-03-17 19:18:31;1
111371;Noob;10;9;Judge Do It;2022-03-17 18:35:04;1
267440;L'Attaque des Titans;4;26;Traitor;2022-03-17 12:12:24;1
364093;Star Trek : Picard;2;2;Penance;2022-03-11 18:08:21;1
364093;Star Trek : Picard;2;1;The Star Gazer;2022-03-08 20:40:45;1
267440;L'Attaque des Titans;4;25;Night of the End;2022-03-08 12:52:35;1
340234;Désenchantée;2;20;Bean Falls Apart;2022-03-06 20:06:52;1
340234;Désenchantée;2;19;The Goo-Bye Girl;2022-03-06 20:06:51;1
340234;Désenchantée;2;18;Spy Vs. Spy Vs. Spy;2022-03-06 20:06:51;1
340234;Désenchantée;2;17;The Unbearable Lightning of Bean;2022-03-06 20:06:50;1
340234;Désenchantée;2;16;What to Expect When You're Expecting Parasites;2022-03-06 20:06:48;1
340234;Désenchantée;2;14;Goon Baby Goon;2022-03-06 20:06:47;1
340234;Désenchantée;2;15;The Pitter-Patter of Little Feet;2022-03-06 20:06:47;1
340234;Désenchantée;2;13;The Cabinet of Dr. Chazzzzz;2022-03-06 20:06:46;1
340234;Désenchantée;2;12;The Good, The Bad, and the Bum-Bum;2022-03-06 20:06:45;1
340234;Désenchantée;2;11;Love Is Hell;2022-03-03 22:12:15;1
267440;L'Attaque des Titans;4;24;Pride;2022-03-03 19:12:01;1
267440;L'Attaque des Titans;4;23;Sunset;2022-02-21 22:41:36;1
267440;L'Attaque des Titans;4;22;Thaw;2022-02-21 22:40:33;1
267440;L'Attaque des Titans;4;21;From You, 2,000 Years Ago;2022-02-21 21:56:40;1
348545;Demon Slayer: Kimetsu no Yaiba;3;11;No Matter How Many Lives;2022-02-16 23:49:47;1
348545;Demon Slayer: Kimetsu no Yaiba;3;10;Never Give Up;2022-02-16 23:49:46;1
383837;Shaman King (2021);1;25;The Great Onmyoji, Hao Asakura;2022-01-31 22:10:10;1
383837;Shaman King (2021);1;24;Trust No One;2022-01-31 22:10:09;1
383837;Shaman King (2021);1;23;The Power of Yoh;2022-01-31 22:10:08;1
383837;Shaman King (2021);1;22;I'll Go Anywhere with You;2022-01-31 22:10:07;1
383837;Shaman King (2021);1;21;Iron Maiden Jeanne;2022-01-31 20:56:40;1
267440;L'Attaque des Titans;4;20;Memories of the Future;2022-01-31 19:01:12;1
348545;Demon Slayer: Kimetsu no Yaiba;3;9;Defeating an Upper Rank Demon;2022-01-30 18:50:11;1
396983;DOTA: Dragon's Blood;2;8;Unreal City;2022-01-28 16:22:40;1
396983;DOTA: Dragon's Blood;2;7;The Violet Hour;2022-01-28 11:52:00;1
396983;DOTA: Dragon's Blood;2;6;The Hyacinth Girl;2022-01-28 11:51:57;1
267440;L'Attaque des Titans;4;19;Two Brothers;2022-01-24 19:24:35;1
348545;Demon Slayer: Kimetsu no Yaiba;3;8;Gathering;2022-01-23 18:54:13;1
396983;DOTA: Dragon's Blood;2;5;The Burial of the Dead;2022-01-18 19:51:14;1
396983;DOTA: Dragon's Blood;2;4;Desolate and Empty the Sea;2022-01-18 19:51:12;1
396983;DOTA: Dragon's Blood;2;3;The Lady of Situations;2022-01-18 19:51:11;1
396983;DOTA: Dragon's Blood;2;2;My Sword, My Life;2022-01-18 19:51:10;1
396983;DOTA: Dragon's Blood;2;1;Nothing with Nothing;2022-01-18 19:51:03;1
267440;L'Attaque des Titans;4;18;Sneak Attack;2022-01-18 12:55:52;1
348545;Demon Slayer: Kimetsu no Yaiba;3;7;Transformation;2022-01-18 12:32:48;1
267440;L'Attaque des Titans;4;17;Judgment;2022-01-11 11:28:36;1
383837;Shaman King (2021);1;20;Chocolove's Christmas;2022-01-10 00:09:36;1
383837;Shaman King (2021);1;19;Black Jaguar;2022-01-10 00:09:26;1
383837;Shaman King (2021);1;18;Great Spirit and My Team;2022-01-10 00:09:23;1
383837;Shaman King (2021);1;17;Guns of the Angels;2022-01-10 00:09:19;1
348545;Demon Slayer: Kimetsu no Yaiba;3;6;Layered Memories;2022-01-09 20:55:59;1
383837;Shaman King (2021);1;16;Enter the Ultra-Pompadour;2022-01-05 22:25:42;1
383837;Shaman King (2021);1;15;When the Pieces Come Together;2022-01-05 22:02:57;1
383837;Shaman King (2021);1;14;Lyserg the Avenger;2022-01-05 22:02:51;1
348545;Demon Slayer: Kimetsu no Yaiba;3;5;Things Are Gonna Get Real Flashy!!;2022-01-05 20:52:52;1
362696;The Witcher;2;8;Family;2022-01-03 22:11:47;1
362696;The Witcher;2;6;Dear Friend...;2022-01-03 21:51:28;1
362696;The Witcher;2;5;Turn Your Back;2022-01-03 21:51:24;1
362696;The Witcher;2;7;Voleth Meir;2022-01-03 21:51:22;1
362696;The Witcher;2;4;Redanian Intelligence;2022-01-03 21:51:03;1
362696;The Witcher;2;3;What Is Lost;2022-01-03 19:38:23;1
362696;The Witcher;2;2;Kaer Morhen;2022-01-02 19:56:38;1
362696;The Witcher;2;1;A Grain of Truth;2022-01-02 19:56:27;1
362696;The Witcher;1;8;Much More;2022-01-01 23:55:50;1
362696;The Witcher;1;7;Before a Fall;2022-01-01 22:58:48;1
362696;The Witcher;1;6;Rare Species;2022-01-01 22:14:20;1
362696;The Witcher;1;5;Bottled Appetites;2022-01-01 22:14:16;1
362696;The Witcher;1;4;Of Banquets, Bastards and Burials;2022-01-01 22:14:13;1
362696;The Witcher;1;3;Betrayer Moon;2022-01-01 19:21:01;1
362696;The Witcher;1;2;Four Marks;2022-01-01 17:23:10;1
348545;Demon Slayer: Kimetsu no Yaiba;3;4;Tonight;2022-01-01 15:21:13;1
348545;Demon Slayer: Kimetsu no Yaiba;3;3;What Are You?;2022-01-01 15:21:09;1
348545;Demon Slayer: Kimetsu no Yaiba;3;2;Infiltrating the Entertainment District;2021-12-19 12:58:34;1
348545;Demon Slayer: Kimetsu no Yaiba;3;1;Sound Hashira Tengen Uzui;2021-12-19 12:36:08;1
348545;Demon Slayer: Kimetsu no Yaiba;2;7;Set Your Heart Ablaze;2021-12-19 11:49:50;1
348545;Demon Slayer: Kimetsu no Yaiba;2;6;Akaza;2021-12-19 11:49:47;1
348545;Demon Slayer: Kimetsu no Yaiba;2;5;Move Forward!;2021-12-19 10:58:18;1
348545;Demon Slayer: Kimetsu no Yaiba;2;4;Insult;2021-12-19 10:58:15;1
348545;Demon Slayer: Kimetsu no Yaiba;2;3;Should Have Been;2021-12-19 10:58:10;1
348545;Demon Slayer: Kimetsu no Yaiba;2;2;Deep Sleep;2021-12-19 09:49:28;1
348545;Demon Slayer: Kimetsu no Yaiba;2;1;Flame Hashira Kyojuro Rengoku;2021-12-19 09:49:17;1
327417;La casa de papel;3;10;A Family Tradition;2021-12-08 22:40:50;1
327417;La casa de papel;3;9;Pillow Talk;2021-12-08 22:40:48;1
327417;La casa de papel;3;8;The Elegance Theory;2021-12-08 22:40:45;1
327417;La casa de papel;3;7;Wishful Thinking;2021-12-08 22:40:42;1
327417;La casa de papel;3;6;Escape Valve;2021-12-08 22:40:39;1
331431;Big Mouth;5;10;Re-New Year's Eve;2021-11-26 11:59:50;1
331431;Big Mouth;5;9;Sugarbush;2021-11-26 11:59:47;1
331431;Big Mouth;5;8;A Very Big Mouth Christmas;2021-11-26 11:56:11;1
331431;Big Mouth;5;7;I F**king Hate You;2021-11-26 11:56:08;1
331431;Big Mouth;5;6;Best Friends Make the Best Lovers;2021-11-26 11:56:04;1
331431;Big Mouth;5;5;Thanksgiving;2021-11-26 11:56:00;1
331431;Big Mouth;5;4;The Green-Eyed Monster;2021-11-21 19:07:47;1
331431;Big Mouth;5;3;Lovebugs;2021-11-21 19:07:41;1
331431;Big Mouth;5;2;The Shane Lizard Rises;2021-11-21 19:07:38;1
331431;Big Mouth;5;1;No Nut November;2021-11-21 14:15:03;1
371028;Arcane;1;9;The Monster You Created;2021-11-20 16:09:18;1
371028;Arcane;1;8;Oil and Water;2021-11-20 15:55:25;1
371028;Arcane;1;7;The Boy Savior;2021-11-20 15:55:24;1
371028;Arcane;1;6;When These Walls Come Tumbling Down;2021-11-19 17:33:39;1
371028;Arcane;1;5;Everybody Wants to Be My Enemy;2021-11-19 17:33:35;1
371028;Arcane;1;4;Happy Progress Day!;2021-11-19 17:33:34;1
371028;Arcane;1;3;The Base Violence Necessary for Change;2021-11-19 17:33:33;1
371028;Arcane;1;2;Some Mysteries Are Better Left Unsolved;2021-11-19 17:33:29;1
371028;Arcane;1;1;Welcome to the Playground;2021-11-19 17:33:29;1
76703;Pokémon;14;62;Crisis at Chargestone Cave!;2021-10-29 19:51:04;1
76703;Pokémon;14;61;Battling the King of the Mines!;2021-10-29 19:51:03;1
76703;Pokémon;14;60;Stopping the Rage of Legends! (2);2021-10-29 19:51:02;1
76703;Pokémon;14;59;Stopping the Rage of Legends! (1);2021-10-29 19:51:01;1
76703;Pokémon;14;58;A Call for Brotherly Love!;2021-10-29 19:51:00;1
76703;Pokémon;14;57;The Mighty Accelguard to the Rescue!;2021-10-29 19:50:59;1
76703;Pokémon;14;56;The Lonely Deino!;2021-10-29 19:50:55;1
76703;Pokémon;14;55;Scraggy and the Demanding Gothita!;2021-10-29 19:50:54;1
76703;Pokémon;14;54;The Four Seasons of Sawsbuck!;2021-10-29 19:50:53;1
76703;Pokémon;14;53;A Maractus Musical!;2021-10-29 19:50:51;1
76703;Pokémon;14;52;Ash Versus the Champion!;2021-10-29 19:50:51;1
76703;Pokémon;14;51;Lost at the Stamp Rally!;2021-10-29 19:50:50;1
76703;Pokémon;14;50;Dazzling the Nimbasa Gym!;2021-10-29 19:50:49;1
76703;Pokémon;14;49;Enter Elesa, Electrifying Gym Leader!;2021-10-29 19:50:48;1
111371;Noob;10;8;Collapse;2021-10-20 11:02:42;1
76703;Pokémon;14;48;Battle For The Underground!;2021-10-19 21:18:29;1
76703;Pokémon;14;47;Crisis from the Underground Up!;2021-10-19 21:18:28;1
76703;Pokémon;14;46;The Beartic Mountain Feud!;2021-10-19 21:18:27;1
76703;Pokémon;14;45;Beheeyem, Duosion, and the Dream Thief!;2021-10-19 21:18:25;1
76703;Pokémon;14;44;Purrloin: Sweet or Sneaky?;2021-10-19 21:18:24;1
76703;Pokémon;14;43;Meowth's Scrafty Tactics!;2021-10-19 21:18:23;1
367138;Star Trek: Lower Decks;2;10;First First Contact;2021-10-19 21:17:31;1
367138;Star Trek: Lower Decks;2;9;wej Duj;2021-10-11 16:07:10;1
125161;Valérian et Laureline;1;40;Only Time Will Tell;2021-10-11 13:55:57;1
125161;Valérian et Laureline;1;39;The Test of Time;2021-10-11 13:55:56;1
125161;Valérian et Laureline;1;38;Long Time No See;2021-10-11 13:02:11;1
125161;Valérian et Laureline;1;37;In Time of War;2021-10-11 13:02:10;1
125161;Valérian et Laureline;1;36;A Waste of Time;2021-10-11 13:02:08;1
125161;Valérian et Laureline;1;35;A Matter of Time;2021-10-11 13:02:07;1
125161;Valérian et Laureline;1;34;In Next to No Time;2021-10-11 13:02:05;1
125161;Valérian et Laureline;1;33;Springtime in Paris;2021-10-10 21:36:06;1
125161;Valérian et Laureline;1;32;Time for a Change;2021-10-10 21:36:03;1
125161;Valérian et Laureline;1;31;Time is Money;2021-10-10 21:36:01;1
125161;Valérian et Laureline;1;30;Get With the Times;2021-10-10 21:35:59;1
125161;Valérian et Laureline;1;29;Starved for Time;2021-10-10 21:35:58;1
125161;Valérian et Laureline;1;28;In the Nick of Time;2021-10-10 21:35:57;1
125161;Valérian et Laureline;1;27;Payback Time;2021-10-10 18:48:52;1
125161;Valérian et Laureline;1;26;It's Showtime;2021-10-10 18:48:50;1
125161;Valérian et Laureline;1;25;Running Out of Time;2021-10-10 18:48:48;1
125161;Valérian et Laureline;1;24;Time of Troubles;2021-10-10 18:48:46;1
125161;Valérian et Laureline;1;23;Once Upon A Time;2021-10-10 18:48:40;1
125161;Valérian et Laureline;1;22;Time Heals All Wounds;2021-10-09 20:30:10;1
125161;Valérian et Laureline;1;21;A Long Time Ago;2021-10-09 20:30:08;1
125161;Valérian et Laureline;1;20;Time To Pay The Piper;2021-10-09 20:30:07;1
125161;Valérian et Laureline;1;19;A Race Against Time;2021-10-09 20:30:06;1
125161;Valérian et Laureline;1;18;Serving Time;2021-10-09 20:30:04;1
125161;Valérian et Laureline;1;17;It's About Time;2021-10-09 20:30:03;1
125161;Valérian et Laureline;1;16;There's No Time Like the Present;2021-10-09 20:30:01;1
125161;Valérian et Laureline;1;15;A Sign of the Times;2021-10-09 20:30:00;1
125161;Valérian et Laureline;1;14;Time and Tide;2021-10-09 20:29:59;1
125161;Valérian et Laureline;1;13;On Borrowed Time;2021-10-09 20:29:58;1
125161;Valérian et Laureline;1;12;As Time Goes By;2021-10-09 20:29:58;1
125161;Valérian et Laureline;1;11;Tea Time;2021-10-09 20:29:56;1
125161;Valérian et Laureline;1;10;Time Saving;2021-10-09 20:29:55;1
125161;Valérian et Laureline;1;9;Any Time;2021-10-09 20:29:44;1
125161;Valérian et Laureline;1;8;Time Share;2021-10-09 20:29:42;1
125161;Valérian et Laureline;1;7;The Ravages of Time;2021-10-09 20:29:40;1
125161;Valérian et Laureline;1;6;Doing Time...;2021-10-09 20:29:37;1
125161;Valérian et Laureline;1;5;Time is Up;2021-10-09 20:29:35;1
125161;Valérian et Laureline;1;4;Till Time Do Us Part;2021-10-09 20:29:33;1
125161;Valérian et Laureline;1;3;Modern Times;2021-10-05 19:22:09;1
125161;Valérian et Laureline;1;2;Wrong Time Wrong Place;2021-10-05 18:58:19;1
125161;Valérian et Laureline;1;1;Time Matters;2021-10-05 18:58:15;1
406152;Baki Hanma;0;0;Beyond the Brawn;2021-10-05 18:04:47;1
406152;Baki Hanma;0;0;The Prison Guard talks about it;2021-10-04 21:22:44;1
406152;Baki Hanma;1;10;Can't You Laugh?;2021-10-04 21:22:33;1
406152;Baki Hanma;1;9;Decision Time;2021-10-04 18:00:08;1
406152;Baki Hanma;1;8;Gilberto Style;2021-10-04 18:00:06;1
406152;Baki Hanma;1;7;Hyper Male and Hyper Male;2021-10-03 21:57:51;1
406152;Baki Hanma;1;6;Man of the Sea;2021-10-03 21:43:25;1
406152;Baki Hanma;1;5;Terrible Triplets;2021-10-03 21:43:12;1
406152;Baki Hanma;1;4;The Second;2021-10-03 21:43:10;1
406152;Baki Hanma;1;3;Prison and Hell;2021-10-03 19:16:13;1
406152;Baki Hanma;1;2;Mixed Species' Martial Arts;2021-10-03 19:00:42;1
406152;Baki Hanma;1;1;The World's Strongest Senior;2021-10-03 18:32:56;1
379858;Queer Force;1;10;The Hole;2021-10-03 10:29:45;1
379858;Queer Force;1;9;The Coeur de la Mer;2021-10-03 10:29:44;1
379858;Queer Force;1;8;Greyscale;2021-10-03 10:29:43;1
379858;Queer Force;1;7;Tarzana;2021-10-03 10:29:42;1
379858;Queer Force;1;6;The Secretaries' Ball;2021-10-03 10:29:41;1
379858;Queer Force;1;5;WeHo Confidential;2021-10-03 10:29:34;1
367138;Star Trek: Lower Decks;2;8;I, Excretus;2021-10-03 08:04:00;1
379858;Queer Force;1;4;EuropeVision;2021-10-01 11:36:15;1
379858;Queer Force;1;3;Backache Mountain;2021-10-01 11:33:59;1
379858;Queer Force;1;2;Deb's BBQ;2021-10-01 11:33:44;1
379858;Queer Force;1;1;Rogue;2021-10-01 11:33:38;1
111371;Noob;10;7;Plagued by Doubt;2021-09-29 21:08:28;1
356317;Sex Education;3;8;Episode 8;2021-09-29 20:55:59;1
356317;Sex Education;3;7;Episode 7;2021-09-29 20:55:57;1
356317;Sex Education;3;6;Episode 6;2021-09-29 19:03:08;1
356317;Sex Education;3;5;Episode 5;2021-09-29 11:58:53;1
367138;Star Trek: Lower Decks;2;7;Where Pleasant Fountains Lie;2021-09-29 11:06:48;1
376003;Digimon Adventure: (2020);1;67;The End of the Adventure;2021-09-29 11:05:50;1
376003;Digimon Adventure: (2020);1;66;The Last Miracle, The Last Power;2021-09-29 10:43:49;1
284131;The Seven Deadly Sins;4;24;Heirs;2021-09-28 11:57:53;1
284131;The Seven Deadly Sins;4;23;An Everlasting Kingdom;2021-09-28 11:34:07;1
284131;The Seven Deadly Sins;4;22;A Taste of Chaos;2021-09-28 11:34:06;1
284131;The Seven Deadly Sins;4;21;What the Witch Had Always Wanted;2021-09-28 11:34:05;1
284131;The Seven Deadly Sins;4;20;Mortal Enemies;2021-09-28 11:34:04;1
284131;The Seven Deadly Sins;4;19;The Struggle;2021-09-28 11:34:03;1
284131;The Seven Deadly Sins;4;18;The King Sings Alone;2021-09-28 11:34:02;1
284131;The Seven Deadly Sins;4;17;The Voice Calling Your Name;2021-09-28 11:34:01;1
284131;The Seven Deadly Sins;4;16;The Final Battle;2021-09-28 11:34:00;1
284131;The Seven Deadly Sins;4;15;Fated Brothers;2021-09-26 19:57:29;1
284131;The Seven Deadly Sins;4;14;Farewell, Seven Deadly Sins;2021-09-26 19:57:26;1
284131;The Seven Deadly Sins;4;13;The End of a Long Journey;2021-09-26 19:57:25;1
284131;The Seven Deadly Sins;4;12;We'll All Be Your Strength;2021-09-26 19:57:24;1
284131;The Seven Deadly Sins;4;11;The One Who Stands Against a God;2021-09-26 19:57:22;1
284131;The Seven Deadly Sins;4;10;The Salvation of the Sun;2021-09-26 19:57:20;1
356317;Sex Education;3;4;Episode 4;2021-09-20 21:47:11;1
356317;Sex Education;3;3;Episode 3;2021-09-20 21:47:06;1
356317;Sex Education;3;2;Episode 2;2021-09-20 21:47:04;1
356317;Sex Education;3;1;Episode 1;2021-09-20 21:47:03;1
327417;La casa de papel;3;5;Live Many Lives;2021-09-18 20:47:27;1
327417;La casa de papel;3;4;Your Place in Heaven;2021-09-18 19:56:11;1
327417;La casa de papel;3;3;Welcome to the Spectacle of Life;2021-09-18 19:56:09;1
367138;Star Trek: Lower Decks;2;6;The Spy Humongous;2021-09-18 19:55:13;1
367138;Star Trek: Lower Decks;2;5;An Embarrassment of Dooplers;2021-09-18 19:55:11;1
376003;Digimon Adventure: (2020);1;65;The Great Catastrophe, Negamon;2021-09-18 18:46:25;1
76703;Pokémon;14;42;The Club Battle Finale: A Heroes Outcome!;2021-09-18 08:34:16;1
76703;Pokémon;14;41;The Club Battle Hearts of Fury: Emolga Versus Sawk!;2021-09-18 08:17:21;1
76703;Pokémon;14;40;Cilan Versus Trip, Ash Versus Georgia!!;2021-09-18 08:17:20;1
76703;Pokémon;14;39;Reunion Battles In Nimbasa!;2021-09-18 08:17:18;1
76703;Pokémon;14;37;A Fishing Connoisseur in a Fishy Competition!;2021-09-18 08:17:17;1
76703;Pokémon;14;38;Movie Time! Zorua in The Legend of the Pokémon Knight!;2021-09-18 08:17:17;1
76703;Pokémon;14;36;Archeops in the Modern World!;2021-09-18 08:17:12;1
76703;Pokémon;14;35;Where Did You Go, Audino?;2021-09-18 08:17:11;1
76703;Pokémon;14;34;Gotta Catch A Roggenrola!;2021-09-18 08:17:10;1
76703;Pokémon;14;33;Iris and Excadrill Against the Dragon Buster;2021-09-18 08:17:10;1
76703;Pokémon;14;32;Facing Fear with Eyes Wide Open!;2021-09-18 08:17:05;1
76703;Pokémon;14;31;Ash and Trip's Third Battle!;2021-09-18 08:17:04;1
76703;Pokémon;14;30;A UFO for Elgyem!;2021-09-18 08:17:03;1
76703;Pokémon;14;29;Cottonee in Love!;2021-09-18 08:17:02;1
76703;Pokémon;14;28;Oshawott's Lost Scalchop!;2021-09-18 08:16:59;1
76703;Pokémon;14;27;The Dragon Master's Path!;2021-09-18 08:16:58;1
76703;Pokémon;14;26;Scare at the Litwick Mansion!;2021-09-18 08:16:57;1
76703;Pokémon;14;25;Emolga and the New Volt Switch!;2021-09-18 08:16:55;1
76703;Pokémon;14;24;Emolga the Irresistible!;2021-09-18 08:16:54;1
76703;Pokémon;14;23;Battling for the Love of Bug-Types!;2021-09-18 08:16:53;1
76703;Pokémon;14;22;A Venipede Stampede!;2021-09-18 08:16:50;1
76703;Pokémon;14;21;The Lost World of Gothitelle!;2021-09-18 08:16:49;1
76703;Pokémon;14;20;Dancing With the Ducklett Trio!;2021-09-15 11:13:38;1
76703;Pokémon;14;19;A Connoisseur's Revenge!;2021-09-15 11:13:37;1
76703;Pokémon;14;18;Sewaddle and Burgh in Pinwheel Forest!;2021-09-15 11:13:35;1
76703;Pokémon;14;17;Scraggy-Hatched to Be Wild!;2021-09-15 11:13:34;1
76703;Pokémon;14;16;Rematch at the Nacrene Gym!;2021-09-15 11:13:33;1
76703;Pokémon;14;15;The Battle According to Lenora!;2021-09-15 11:13:32;1
76703;Pokémon;14;14;A Night in the Nacrene City Museum!;2021-09-15 11:13:31;1
95011;Modern Family;11;5;A Modern Farewell;2021-09-14 10:46:09;1
76703;Pokémon;14;13;Minccino-Neat and Tidy!;2021-09-13 19:34:19;1
76703;Pokémon;14;12;Here Comes the Trubbish Squad!;2021-09-13 19:34:16;1
76703;Pokémon;14;11;A Home for Dwebble!;2021-09-13 19:34:16;1
76703;Pokémon;14;10;A Rival Battle for Club Champ!;2021-09-13 19:34:15;1
76703;Pokémon;14;9;The Bloom Is on Axew!;2021-09-13 19:34:12;1
76703;Pokémon;14;8;Saving Darmanitan From the Bell!;2021-09-13 19:34:12;1
76703;Pokémon;14;6;Dreams by the Yard Full!;2021-09-13 19:34:10;1
76703;Pokémon;14;7;Snivy Plays Hard to Catch!;2021-09-13 19:34:10;1
76703;Pokémon;14;5;Triple Leaders, Team Threats!;2021-09-12 16:22:17;1
76703;Pokémon;14;4;The Battle Club and Tepig's Choice!;2021-09-12 16:22:15;1
76703;Pokémon;14;3;A Sandile Gusher of Change;2021-09-12 15:39:07;1
76703;Pokémon;14;2;Enter Iris and Axew!;2021-09-12 15:39:05;1
76703;Pokémon;14;1;In the Shadow of Zekrom!;2021-09-12 15:39:05;1
327417;La casa de papel;3;2;Do You Believe in Reincarnation?;2021-09-08 20:43:34;1
327417;La casa de papel;3;1;The End of the Road;2021-09-08 20:43:31;1
376003;Digimon Adventure: (2020);1;64;The Angels' Determination;2021-09-07 21:11:46;1
95011;Modern Family;11;18;Finale (2);2021-09-07 12:38:46;1
95011;Modern Family;11;17;Finale (1);2021-09-07 12:38:42;1
367138;Star Trek: Lower Decks;2;4;Mugato, Gumato;2021-09-07 12:38:38;1
95011;Modern Family;11;16;I'm Going to Miss This;2021-09-05 22:09:16;1
95011;Modern Family;11;15;Baby Steps;2021-09-05 21:47:58;1
95011;Modern Family;11;14;Spuds;2021-09-05 21:26:27;1
95011;Modern Family;11;13;Paris;2021-09-05 21:04:09;1
95011;Modern Family;11;12;Dead on a Rival;2021-09-05 20:46:32;1
95011;Modern Family;11;11;Legacy;2021-09-05 20:46:19;1
95011;Modern Family;11;10;The Prescott;2021-09-05 20:46:17;1
95011;Modern Family;11;9;The Last Christmas;2021-09-05 19:00:28;1
95011;Modern Family;11;8;Tree's a Crowd;2021-09-05 19:00:21;1
95011;Modern Family;11;7;The Last Thanksgiving;2021-09-05 19:00:17;1
95011;Modern Family;11;6;A Game of Chicken;2021-09-05 19:00:14;1
95011;Modern Family;11;5;The Last Halloween;2021-09-05 19:00:11;1
95011;Modern Family;11;4;Pool Party;2021-09-05 19:00:09;1
95011;Modern Family;11;3;Perfect Pairs;2021-09-05 19:00:04;1
95011;Modern Family;11;2;Snapped;2021-09-04 06:20:38;1
95011;Modern Family;11;1;New Kids on the Block;2021-09-04 06:20:31;1
299139;The Magicians;3;13;Will You Play With Me?;2021-08-31 20:43:31;1
299139;The Magicians;3;12;The Fillorian Candidate;2021-08-31 20:43:29;1
299139;The Magicians;3;11;Twenty-Three;2021-08-31 20:43:27;1
299139;The Magicians;3;10;The Art of the Deal;2021-08-31 10:46:41;1
299139;The Magicians;3;9;All That Josh;2021-08-31 10:46:38;1
299139;The Magicians;3;8;Six Short Stories About Magic;2021-08-31 10:46:30;1
299139;The Magicians;3;7;Poached Eggs;2021-08-31 10:46:28;1
299139;The Magicians;3;6;Do You Like Teeth?;2021-08-30 12:03:54;1
299139;The Magicians;3;5;A Life in the Day;2021-08-29 20:59:43;1
299139;The Magicians;3;4;Be the Penny;2021-08-29 20:59:40;1
299139;The Magicians;3;3;The Losses of Magic;2021-08-29 20:59:37;1
299139;The Magicians;3;2;Heroes and Morons;2021-08-29 20:59:34;1
299139;The Magicians;3;1;The Tales of the Seven Keys;2021-08-29 20:59:31;1
376003;Digimon Adventure: (2020);1;63;The Crest of Courage;2021-08-29 15:51:59;1
367138;Star Trek: Lower Decks;2;3;We'll Always Have Tom Paris;2021-08-29 09:50:57;1
299139;The Magicians;1;12;Thirty-Nine Graves;2021-08-24 11:57:39;1
299139;The Magicians;1;11;Remedial Battle Magic;2021-08-24 11:57:36;1
299139;The Magicians;1;10;Homecoming;2021-08-24 11:57:34;1
299139;The Magicians;1;9;The Writing Room;2021-08-24 11:57:08;1
299139;The Magicians;1;8;The Strangled Heart;2021-08-22 17:33:10;1
299139;The Magicians;1;7;The Mayakovsky Circumstance;2021-08-22 17:33:08;1
299139;The Magicians;1;6;Impractical Applications;2021-08-22 15:51:10;1
299139;The Magicians;1;5;Mendings, Major and Minor;2021-08-22 15:51:08;1
299139;The Magicians;1;4;The World in the Walls;2021-08-22 14:19:49;1
299139;The Magicians;1;3;Consequences of Advanced Spellcasting;2021-08-22 13:40:37;1
299139;The Magicians;1;2;The Source of Magic;2021-08-22 13:40:35;1
299139;The Magicians;1;1;Unauthorized Magic;2021-08-22 11:59:01;1
376003;Digimon Adventure: (2020);1;62;The Tears of Shakkoumon;2021-08-22 11:39:37;1
359277;Idhun;2;5;Victoria's Light;2021-08-22 11:16:25;1
359277;Idhun;2;4;The Eye of The Serpent;2021-08-22 10:43:18;1
359277;Idhun;2;3;Their True Nature;2021-08-22 10:43:17;1
359277;Idhun;2;2;Secrets;2021-08-22 10:43:15;1
359277;Idhun;2;1;Re-encounter;2021-08-22 10:43:15;1
359277;Idhun;1;5;Come With Me;2021-08-22 10:43:08;1
359277;Idhun;1;4;Rescue Plans;2021-08-22 10:43:07;1
359277;Idhun;1;3;The Staff of Ayshel;2021-08-22 10:43:06;1
359277;Idhun;1;2;You're Not Yet Ready;2021-08-21 14:55:10;1
359277;Idhun;1;1;Limbhad;2021-08-21 14:30:06;1
367138;Star Trek: Lower Decks;2;2;Kayshon, His Eyes Open;2021-08-21 14:00:50;1
383837;Shaman King (2021);1;13;And Hao!;2021-08-21 13:30:59;1
383837;Shaman King (2021);1;12;Ren vs. En - The End of the Tao;2021-08-21 13:30:17;1
383837;Shaman King (2021);1;11;Two Men;2021-08-21 12:33:44;1
383837;Shaman King (2021);1;10;Night in the Flame;2021-08-21 12:33:43;1
383837;Shaman King (2021);1;9;Yoh vs. Ren Again!;2021-08-21 12:33:41;1
383837;Shaman King (2021);1;8;Evolution;2021-08-21 12:33:39;1
383837;Shaman King (2021);1;7;A Form of Courage;2021-08-21 09:37:39;1
383837;Shaman King (2021);1;6;Yoh vs. Horohoro!;2021-08-21 09:37:36;1
383837;Shaman King (2021);1;5;Over Soul!;2021-08-21 09:37:35;1
383837;Shaman King (2021);1;4;Best Place;2021-08-21 09:37:32;1
383837;Shaman King (2021);1;3;Anna and Tao Jun;2021-08-21 09:37:31;1
383837;Shaman King (2021);1;2;Another Shaman;2021-08-21 09:37:30;1
383837;Shaman King (2021);1;1;The Boy Who Dances with Ghosts;2021-08-21 09:37:21;1
367138;Star Trek: Lower Decks;2;1;Strange Energies;2021-08-18 17:44:06;1
376003;Digimon Adventure: (2020);1;61;A Place to Return To;2021-08-17 11:05:28;1
300835;Ajin;2;13;I'll Make You a Promise Too, Mr. Sato;2021-08-15 08:47:42;1
300835;Ajin;2;12;But That Makes It Interesting, So Whatever;2021-08-15 08:47:38;1
300835;Ajin;2;11;"At This Rate... It Really Will Be War!";2021-08-15 07:53:01;1
300835;Ajin;2;8;This Country Is Going to Get a Little Unsettled;2021-08-15 07:52:57;1
300835;Ajin;2;7;Kuro, Just Once More, Please!;2021-08-15 07:52:55;1
300835;Ajin;2;6;Must Be Tough Being a Lapdog;2021-08-15 07:52:54;1
300835;Ajin;2;5;Kuro, Please...;2021-08-15 07:52:51;1
300835;Ajin;2;3;But I'm Always Scared;2021-08-15 07:52:49;1
300835;Ajin;2;4;They Make Me Sick;2021-08-15 07:52:49;1
300835;Ajin;2;2;I'm Surrounded by Idiots;2021-08-15 07:52:48;1
300835;Ajin;2;1;I'm Getting Sick of This;2021-08-10 19:27:29;1
300835;Ajin;1;13;Sato, It's All Your Fault!;2021-08-10 19:27:27;1
300835;Ajin;1;12;Whew, I'm Beat;2021-08-10 19:27:25;1
300835;Ajin;1;11;It's Show Time;2021-08-10 19:27:23;1
300835;Ajin;1;10;They Start to Decay as Soon as They're Created;2021-08-10 19:27:18;1
300835;Ajin;1;9;Wait Let's Talk It Over;2021-08-10 19:27:16;1
300835;Ajin;1;8;Brace Yourselves;2021-08-10 19:27:14;1
300835;Ajin;1;7;I Swear I'll Cover the Whole Thing Up;2021-08-10 19:27:13;1
300835;Ajin;1;6;I'm Gonna Kill You Too;2021-08-10 19:27:11;1
300835;Ajin;1;5;But When It Comes Down to It, You Still Want Them to Help You... You're the Worst Kind of Trash...;2021-08-10 19:27:08;1
300835;Ajin;1;4;Have You Ever Seen a Black Ghost?;2021-08-09 11:27:00;1
300835;Ajin;1;3;Maybe This is the End?;2021-08-09 11:26:59;1
300835;Ajin;1;2;Why is This Happening? Why Me...;2021-08-09 11:26:54;1
300835;Ajin;1;1;What Does That Stuff Have to Do With Us?;2021-08-09 11:26:54;1
376003;Digimon Adventure: (2020);1;60;Vikemon Ventures the Glaciers;2021-08-08 19:45:17;1
76703;Pokémon;13;6;Fighting Ire with Fire!;2021-08-07 16:22:20;1
76703;Pokémon;13;5;Playing the Performance Encore!;2021-08-07 14:58:36;1
76703;Pokémon;13;4;Yes, in Dee Dee It's Dawn!;2021-08-07 14:58:34;1
76703;Pokémon;13;3;A Marathon Rivalry!;2021-08-07 14:15:45;1
76703;Pokémon;13;2;Short and To the Punch!;2021-08-07 14:15:44;1
76703;Pokémon;13;1;Regaining the Home Advantage!;2021-08-07 14:15:43;1
76703;Pokémon;12;52;Gotta Get a Gible!;2021-08-07 14:15:41;1
76703;Pokémon;12;51;A Meteoric Rise to Excellence!;2021-08-07 14:15:40;1
76703;Pokémon;12;50;Double-Time Battle Training!;2021-08-07 14:15:40;1
403226;Trese : Entre deux mondes;1;6;Episode 6;2021-08-07 08:31:54;1
403226;Trese : Entre deux mondes;1;5;Episode 5;2021-08-07 08:31:52;1
403226;Trese : Entre deux mondes;1;4;Episode 4;2021-08-07 08:31:50;1
403226;Trese : Entre deux mondes;1;3;Episode 3;2021-08-06 19:19:50;1
403226;Trese : Entre deux mondes;1;2;Episode 2;2021-08-06 19:00:22;1
403226;Trese : Entre deux mondes;1;1;Episode 1;2021-08-06 19:00:21;1
376003;Digimon Adventure: (2020);1;59;Bolt, HerakleKabuterimon;2021-08-01 11:48:14;1
111371;Noob;10;6;Honey Bug;2021-08-01 08:36:36;1
376003;Digimon Adventure: (2020);1;58;Hikari, New Life;2021-07-30 11:03:58;1
76703;Pokémon;12;49;Mastering Current Events!;2021-07-28 20:59:08;1
76703;Pokémon;12;48;The Treasure is All Mine!;2021-07-28 19:14:02;1
76703;Pokémon;12;47;The Battle Finale of Legend!;2021-07-28 19:14:01;1
76703;Pokémon;12;46;Unlocking the Red Chain of Events!;2021-07-28 19:14:01;1
76703;Pokémon;12;45;Unlocking the Red Chain of Events!;2021-07-28 19:13:59;1
76703;Pokémon;12;43;Try for the Family Stone!;2021-07-28 19:13:58;1
76703;Pokémon;12;44;Sticking With Who You Know!;2021-07-28 19:13:58;1
76703;Pokémon;12;42;Bagged Then Tagged!;2021-07-28 19:13:57;1
76703;Pokémon;12;41;Dressed for Jess Success!;2021-07-28 19:13:56;1
76703;Pokémon;12;39;Gone With the Windworks!;2021-07-27 20:10:00;1
76703;Pokémon;12;40;A Rivalry to Gible On!;2021-07-27 20:09:18;1
76703;Pokémon;12;37;Where No Togepi Has Gone Before!;2021-07-26 21:22:09;1
76703;Pokémon;12;38;An Egg Scramble!;2021-07-26 21:22:09;1
76703;Pokémon;12;36;Challenging A Towering Figure!;2021-07-26 21:22:08;1
76703;Pokémon;12;35;Historical Mystery Tour;2021-07-26 21:22:07;1
76703;Pokémon;12;34;A Faux Oak Finish!;2021-07-26 21:22:06;1
76703;Pokémon;12;33;Strategy Begins at Home!;2021-07-26 21:22:04;1
76703;Pokémon;12;32;Three Sides to Every Story!;2021-07-26 21:22:03;1
76703;Pokémon;12;31;Gateway to Ruin!;2021-07-26 21:22:02;1
76703;Pokémon;12;30;Beating the Bustle and Hustle!;2021-07-26 21:22:01;1
76703;Pokémon;12;29;Promoting Healthy Tangrowth!;2021-07-25 21:41:20;1
76703;Pokémon;12;28;Uncrushing Defeat;2021-07-25 21:41:19;1
76703;Pokémon;12;27;Evolving Strategies!;2021-07-25 21:41:18;1
76703;Pokémon;12;26;Pedal to the Mettle!;2021-07-25 21:41:15;1
76703;Pokémon;12;25;Frozen on Their Tracks;2021-07-25 21:41:14;1
76703;Pokémon;12;24;Pillars of Friendship;2021-07-25 21:41:12;1
76703;Pokémon;12;23;A Pyramiding Rage!;2021-07-25 18:57:28;1
76703;Pokémon;12;22;Sliding Into Seventh!;2021-07-25 18:57:26;1
76703;Pokémon;12;21;Classroom Training;2021-07-25 18:57:26;1
76703;Pokémon;12;20;Battling A Cute Drama!;2021-07-25 18:57:25;1
76703;Pokémon;12;19;To Thine Own Pokemon Be True!;2021-07-25 18:57:23;1
76703;Pokémon;12;18;Old Rivals, New Tricks!;2021-07-25 18:57:22;1
76703;Pokémon;12;17;Stopped in the Name of Love!;2021-07-25 18:57:20;1
76703;Pokémon;12;16;The Lonely Snover!;2021-07-25 18:57:18;1
76703;Pokémon;12;15;Trials and Adulations!;2021-07-25 18:57:17;1
376003;Digimon Adventure: (2020);1;57;Contact From The Catastrophe;2021-07-22 18:09:14;1
376003;Digimon Adventure: (2020);1;56;The Gold Wolf of the Crescent Moon;2021-07-22 18:09:12;1
76703;Pokémon;12;14;Pursuing a Lofty Goal!;2021-07-20 10:24:01;1
76703;Pokémon;12;12;The Drifting Snorunt!;2021-07-20 10:24:00;1
76703;Pokémon;12;13;Noodles Roamin' Off!;2021-07-20 10:24:00;1
76703;Pokémon;12;11;Stealing the Conversation!;2021-07-18 22:34:54;1
76703;Pokémon;12;10;Another One Gabites the Dust!;2021-07-18 22:34:53;1
76703;Pokémon;12;9;Hold the Phione!;2021-07-18 22:34:52;1
76703;Pokémon;12;8;Cheers on Castaways Isle!;2021-07-18 09:12:31;1
76703;Pokémon;12;6;Steeling Peace of Mind!;2021-07-18 09:12:29;1
76703;Pokémon;12;7;Saving the World from Ruins;2021-07-18 09:12:29;1
76703;Pokémon;12;5;Leading a Stray!;2021-07-18 09:12:28;1
76703;Pokémon;12;4;Dealing With Defensive Types!;2021-07-18 09:12:27;1
76703;Pokémon;12;3;Ancient Family Matters!;2021-07-18 09:12:25;1
76703;Pokémon;12;2;A Breed Stampede!;2021-07-16 23:05:29;1
76703;Pokémon;12;1;Get Your Rotom Running!;2021-07-16 23:05:28;1
376003;Digimon Adventure: (2020);1;55;The Digimon School Under Attack;2021-07-14 16:11:40;1
76703;Pokémon;19;48;A Close Call... Practically!;2021-07-14 15:29:52;1
76703;Pokémon;19;47;Crowning the Chow Crusher!;2021-07-14 15:29:32;1
76703;Pokémon;19;46;Getting More Than You Battled For!;2021-07-14 15:29:23;1
76703;Pokémon;19;45;Sword and Shield... The Legends Awaken!;2021-07-14 15:29:21;1
76703;Pokémon;19;44;Sword and Shield: From Here to Eternatus!;2021-07-14 15:29:19;1
76703;Pokémon;19;43;Sword and Shield: The Darkest Day!;2021-07-14 15:29:18;1
76703;Pokémon;19;42;Sword and Shield, Slumbering Weald!;2021-07-14 15:29:18;1
76703;Pokémon;19;41;Pikachu Translation Check...;2021-07-14 15:29:17;1
76703;Pokémon;19;40;A Crackling Raid Battle!;2021-07-14 13:03:22;1
76703;Pokémon;19;39;Octo-Gridlock at the Gym!;2021-07-14 13:03:20;1
76703;Pokémon;19;38;Restore and Renew!;2021-07-14 13:03:17;1
284131;The Seven Deadly Sins;4;9;The Gathered;2021-06-29 21:08:51;1
284131;The Seven Deadly Sins;4;8;The Door to Hope;2021-06-29 21:08:49;1
284131;The Seven Deadly Sins;4;7;Hope, Conflict, and Despair;2021-06-29 21:08:47;1
284131;The Seven Deadly Sins;4;6;Rise Up Against Despair;2021-06-29 21:08:45;1
284131;The Seven Deadly Sins;4;5;A Sorrowful Blow;2021-06-29 21:08:43;1
284131;The Seven Deadly Sins;4;4;Victims of Holy War;2021-06-29 17:57:42;1
284131;The Seven Deadly Sins;4;3;Wholehearted Feelings;2021-06-29 17:57:38;1
284131;The Seven Deadly Sins;4;2;Encounter with the Unknown;2021-06-29 17:57:36;1
284131;The Seven Deadly Sins;4;1;From Purgatory;2021-06-29 17:57:33;1
393810;Valkyrie Apocalypse;1;12;And Ragnarok Goes On;2021-06-28 12:01:16;1
393810;Valkyrie Apocalypse;1;11;The Swallow Gazes into the Abyss;2021-06-28 12:00:19;1
393810;Valkyrie Apocalypse;1;10;Greatest Loser;2021-06-27 23:10:42;1
393810;Valkyrie Apocalypse;1;9;Tyrant of the Ocean;2021-06-27 23:10:40;1
393810;Valkyrie Apocalypse;1;8;Grace Abounding;2021-06-27 23:10:38;1
393810;Valkyrie Apocalypse;1;7;Expelled from Paradise;2021-06-27 23:10:36;1
393810;Valkyrie Apocalypse;1;6;Great Emulation;2021-06-27 23:10:34;1
393810;Valkyrie Apocalypse;1;5;FILE No.00000000001;2021-06-27 20:51:29;1
393810;Valkyrie Apocalypse;1;4;Joy;2021-06-27 20:51:28;1
393810;Valkyrie Apocalypse;1;3;Killer Move;2021-06-27 20:51:27;1
393810;Valkyrie Apocalypse;1;2;Worthy Opponent;2021-06-27 19:49:01;1
393810;Valkyrie Apocalypse;1;1;Ragnarok;2021-06-27 19:49:00;1
76703;Pokémon;19;37;That New Old Gang of Mine!;2021-06-27 18:19:57;1
376003;Digimon Adventure: (2020);1;54;The Vagrant War Demon, Rebellimon;2021-06-27 18:18:58;1
337018;Fate⁄Extra: Last Encore;2;3;Olympia Plaudere;2021-06-26 18:59:15;1
337018;Fate⁄Extra: Last Encore;2;2;Chakravartin;2021-06-26 18:59:08;1
337018;Fate⁄Extra: Last Encore;2;1;Excalibur Galatine;2021-06-26 11:40:49;1
337018;Fate⁄Extra: Last Encore;1;10;Unlimited/Raise Dead;2021-06-26 11:40:48;1
337018;Fate⁄Extra: Last Encore;1;9;Aestus Domus Aurea;2021-06-26 11:40:47;1
337018;Fate⁄Extra: Last Encore;1;8;Bajiquan;2021-06-25 11:29:43;1
337018;Fate⁄Extra: Last Encore;1;7;Nursery Rhyme;2021-06-25 11:29:41;1
337018;Fate⁄Extra: Last Encore;1;6;The Queen's Glass Game;2021-06-25 11:29:38;1
376003;Digimon Adventure: (2020);1;53;The Geko Hot Spring's Revolt;2021-06-22 12:02:38;1
376003;Digimon Adventure: (2020);1;52;Dance of the Heavens, Hououmon;2021-06-22 11:39:24;1
76703;Pokémon;11;47;A Trainer and Child Reunion!;2021-06-20 23:02:51;1
76703;Pokémon;11;46;If the Scarf Fits, Wear It!;2021-06-20 23:02:49;1
76703;Pokémon;11;45;Double Team Turnover!;2021-06-20 23:02:48;1
76703;Pokémon;11;44;Losing Its Lustrous!;2021-06-20 23:02:45;1
76703;Pokémon;11;43;Battling the Generation Gap!;2021-06-20 23:02:43;1
76703;Pokémon;11;42;Doc Brock;2021-06-20 23:02:42;1
76703;Pokémon;11;41;Playing The Leveling Field;2021-06-20 23:02:41;1
76703;Pokémon;11;40;A Lean Mean Team Rocket Machine;2021-06-20 19:51:38;1
76703;Pokémon;11;39;One Team, Two Team, Red Team, Blue Team;2021-06-20 19:32:01;1
76703;Pokémon;11;38;Ghoul Daze;2021-06-20 19:31:59;1
76703;Pokémon;11;37;Up Close and Personable!;2021-06-20 18:49:26;1
76703;Pokémon;11;36;Camping It Up!;2021-06-20 18:28:23;1
76703;Pokémon;11;35;The Psyduck Stops Here!;2021-06-20 18:08:24;1
76703;Pokémon;11;34;Arriving in Style!;2021-06-20 18:08:23;1
76703;Pokémon;11;33;Fighting Fear With Fear!;2021-06-20 11:40:38;1
76703;Pokémon;11;31;A Crasher Course in Power!;2021-06-20 11:40:37;1
76703;Pokémon;11;32;Hungry For The Good Life!;2021-06-20 11:40:37;1
76703;Pokémon;11;30;Cream of the Croagunk Crop!;2021-06-20 11:40:36;1
76703;Pokémon;11;29;Chim-charred!;2021-06-20 11:40:35;1
76703;Pokémon;19;36;Making Battles in the Sand!;2021-06-20 11:40:26;1
76703;Pokémon;11;28;The Thief That Keeps On Thieving!;2021-06-17 22:21:35;1
76703;Pokémon;11;27;Strategy With a Smile!;2021-06-17 22:01:17;1
76703;Pokémon;11;26;Pruning a Passel of Pals!;2021-06-17 22:01:16;1
76703;Pokémon;11;25;Staging A Heroes' Welcome!;2021-06-17 21:16:40;1
76703;Pokémon;11;24;A Full Course Tag Battle!;2021-06-17 21:16:37;1
76703;Pokémon;11;22;Pika and Goliath!;2021-06-17 21:16:35;1
76703;Pokémon;11;23;Our Cup Runneth Over!;2021-06-17 21:16:35;1
76703;Pokémon;11;21;Crossing Paths!;2021-06-17 21:16:34;1
76703;Pokémon;11;20;Pokemon Ranger and the Kidnapped Riolu (2);2021-06-17 21:16:32;1
76703;Pokémon;11;19;Pokemon Ranger and the Kidnapped Riolu (1);2021-06-17 21:16:28;1
76703;Pokémon;11;18;The Bells Are Singing!;2021-06-15 12:10:10;1
76703;Pokémon;11;17;Enter Galactic!;2021-06-15 12:10:09;1
76703;Pokémon;11;16;A Triple Fighting Chance;2021-06-15 12:10:08;1
76703;Pokémon;11;15;Crossing the Battle Line!;2021-06-15 12:10:07;1
76703;Pokémon;11;14;Lost Leader Strategy!;2021-06-15 12:10:06;1
76703;Pokémon;11;13;Sleight of Sand!;2021-06-14 11:26:38;1
76703;Pokémon;11;12;Riding the Winds of Change!;2021-06-14 11:26:37;1
76703;Pokémon;11;11;Hot Springing a Leak!;2021-06-14 10:43:23;1
76703;Pokémon;11;10;Tanks for the Memories!;2021-06-14 10:21:56;1
76703;Pokémon;11;9;Team Shocker!;2021-06-14 10:21:55;1
76703;Pokémon;11;8;Journey to the Unown!;2021-06-14 10:21:55;1
76703;Pokémon;11;7;Luxray Vision;2021-06-14 10:21:54;1
76703;Pokémon;19;35;Gotta Catch a What?!;2021-06-12 10:37:21;1
76703;Pokémon;11;6;Nosing 'Round the Mountain!;2021-06-10 21:33:54;1
76703;Pokémon;11;5;Bibarel Gnaws Best!;2021-06-10 21:33:53;1
76703;Pokémon;11;4;The Keystone Pops!;2021-06-09 11:12:57;1
76703;Pokémon;11;3;Throwing the Track Switch!;2021-06-09 11:12:56;1
76703;Pokémon;11;2;Once There Were Greenfields;2021-06-09 10:30:26;1
76703;Pokémon;11;1;Tears for Fears;2021-06-08 11:10:00;1
376003;Digimon Adventure: (2020);1;51;The Mystery Hidden Within the Crests;2021-06-07 11:15:01;1
76703;Pokémon;19;34;Solitary and Menacing!;2021-06-07 10:52:32;1
76703;Pokémon;19;33;Trade, Borrow, and Steal!;2021-06-07 10:51:40;1
337018;Fate⁄Extra: Last Encore;1;5;Yew Bow;2021-06-04 18:09:29;1
337018;Fate⁄Extra: Last Encore;1;4;No Face May King;2021-06-04 18:09:26;1
337018;Fate⁄Extra: Last Encore;1;3;Golden Wild Hunt;2021-06-03 21:26:41;1
337018;Fate⁄Extra: Last Encore;1;2;Dead Face;2021-06-03 21:26:40;1
337018;Fate⁄Extra: Last Encore;1;1;Praeteritus Limbus Vorago;2021-06-03 21:26:39;1
326332;Fate/Apocrypha;1;25;Apocrypha;2021-06-01 22:07:53;1
326332;Fate/Apocrypha;1;24;The Holy Grail War;2021-06-01 22:07:51;1
326332;Fate/Apocrypha;1;23;Going Beyond;2021-06-01 21:19:35;1
326332;Fate/Apocrypha;1;22;Reunion and Farewell;2021-06-01 20:56:12;1
326332;Fate/Apocrypha;1;21;Antares Snipe;2021-06-01 20:56:06;1
326332;Fate/Apocrypha;1;20;Soar Through the Sky;2021-06-01 19:41:09;1
326332;Fate/Apocrypha;1;19;Dawn of the End;2021-06-01 19:00:04;1
376003;Digimon Adventure: (2020);1;50;The End, The Ultimate Holy Battle;2021-05-31 17:59:18;1
326332;Fate/Apocrypha;1;2;The Saint’s Departure;2021-05-30 18:58:04;1
326332;Fate/Apocrypha;1;1;Apocrypha: Grail Contest;2021-05-30 15:29:37;1
268700;Fate Zero;2;12;Fate/Zero;2021-05-30 12:58:51;1
268700;Fate Zero;2;11;The Last Command Seal;2021-05-30 12:47:50;1
268700;Fate Zero;2;10;The Sea at the End of the World;2021-05-30 12:47:48;1
268700;Fate Zero;2;9;All the Evil in the World;2021-05-29 23:14:57;1
268700;Fate Zero;2;8;Knight on Two Wheels;2021-05-29 22:52:58;1
268700;Fate Zero;2;7;Return of the Assassin;2021-05-29 22:30:35;1
268700;Fate Zero;2;6;Where Justice Is Found;2021-05-29 22:01:39;1
268700;Fate Zero;2;5;Distant Memories;2021-05-29 22:01:36;1
268700;Fate Zero;2;4;The Eighth Contract;2021-05-29 22:01:34;1
268700;Fate Zero;2;3;The End of Honor;2021-05-29 20:30:27;1
268700;Fate Zero;2;2;Golden Shine;2021-05-29 20:30:25;1
268700;Fate Zero;2;1;The Mion River Battle;2021-05-29 20:30:23;1
268700;Fate Zero;1;13;The Forbidden Banquet;2021-05-29 19:39:10;1
268700;Fate Zero;1;12;The Grail`s Invitation;2021-05-29 19:07:44;1
268700;Fate Zero;1;11;The Grail Dialogue;2021-05-29 18:37:30;1
268700;Fate Zero;1;10;Rin`s Adventure;2021-05-29 17:59:19;1
268700;Fate Zero;1;9;Master and Servant;2021-05-29 17:51:24;1
268700;Fate Zero;1;8;Mage-Killer;2021-05-29 17:51:20;1
268700;Fate Zero;1;7;Evil Forest;2021-05-28 11:36:11;1
268700;Fate Zero;1;6;Night of Stratagems;2021-05-27 20:59:06;1
268700;Fate Zero;1;5;Scream of a Mad Beast;2021-05-27 20:37:36;1
268700;Fate Zero;1;4;Blade of the Demon Spear;2021-05-27 20:37:33;1
268700;Fate Zero;1;1;Summoning of the Heroes;2021-05-27 12:09:15;1
398144;Yasuke;1;1;Ronin;2021-05-25 18:32:41;1
391006;Sky-High Survival;1;12;This is a High-Rise Invasion;2021-05-24 23:12:17;1
391006;Sky-High Survival;1;11;I AM Justice!;2021-05-24 22:30:43;1
391006;Sky-High Survival;1;10;Our Enemy is One Who Desires Chaos;2021-05-24 22:09:32;1
391006;Sky-High Survival;1;9;Which Of Us Will Live a Cool Live?;2021-05-24 22:09:28;1
391006;Sky-High Survival;1;8;I've Cast Off My Humanity, But That's Fine;2021-05-24 21:25:45;1
391006;Sky-High Survival;1;7;I Will End This Realm;2021-05-24 21:25:39;1
391006;Sky-High Survival;1;6;If I Become a Perfect God;2021-05-24 21:03:59;1
361140;Blood of Zeus;1;8;War for Olympus;2021-05-24 18:29:23;1
361140;Blood of Zeus;1;7;The Fields of the Dead;2021-05-24 17:55:11;1
361140;Blood of Zeus;1;6;Back to Olympus;2021-05-24 16:50:46;1
361140;Blood of Zeus;1;5;Escape or Die;2021-05-24 16:50:45;1
361140;Blood of Zeus;1;3;The Raid;2021-05-24 16:50:44;1
361140;Blood of Zeus;1;2;Past is Prologue;2021-05-24 16:50:44;1
361140;Blood of Zeus;1;4;A Monster is Born;2021-05-24 16:50:44;1
361140;Blood of Zeus;1;1;A Call to Arms;2021-05-24 16:50:42;1
396983;DOTA: Dragon's Blood;1;8;A Game of Chess;2021-05-23 13:33:39;1
396983;DOTA: Dragon's Blood;1;7;Speak the Words;2021-05-23 13:33:35;1
396983;DOTA: Dragon's Blood;1;6;The Knight, Death and the Devil;2021-05-23 12:23:04;1
396983;DOTA: Dragon's Blood;1;5;The Fire Sermon;2021-05-23 11:59:22;1
396983;DOTA: Dragon's Blood;1;4;The Monster at the End of This Book;2021-05-23 11:59:21;1
376003;Digimon Adventure: (2020);1;49;The God of Evil Descends, Millenniumon;2021-05-23 11:59:18;1
396983;DOTA: Dragon's Blood;1;3;Neverwhere Land;2021-05-22 22:14:25;1
396983;DOTA: Dragon's Blood;1;2;Princess of Nothing;2021-05-22 22:14:23;1
396983;DOTA: Dragon's Blood;1;1;What the Thunder Said;2021-05-22 22:14:21;1
76703;Pokémon;10;51;Smells Like Team Spirit!;2021-05-22 20:31:22;1
76703;Pokémon;10;49;Tag! We're It...!;2021-05-22 20:11:02;1
76703;Pokémon;10;50;Glory Blaze;2021-05-22 20:11:01;1
76703;Pokémon;10;48;Dawn's Early Night;2021-05-22 19:29:10;1
76703;Pokémon;10;47;Sandshrew's Locker;2021-05-22 19:29:09;1
76703;Pokémon;10;45;Ill-Will Hunting;2021-05-22 19:04:11;1
76703;Pokémon;10;46;A Maze-ing Race!;2021-05-22 19:04:11;1
76703;Pokémon;10;44;Mass Hip-Po-Sis!;2021-05-22 19:04:10;1
76703;Pokémon;19;32;Time After Time!;2021-05-22 19:03:57;1
76703;Pokémon;10;43;Malice in Wonderland!;2021-05-22 12:02:31;1
76703;Pokémon;10;42;The Electrike Company!;2021-05-22 12:02:29;1
76703;Pokémon;10;41;A Stand-Up Sit-Down!;2021-05-22 12:02:28;1
76703;Pokémon;10;40;Top-Down Training!;2021-05-22 12:02:27;1
76703;Pokémon;10;39;Steamboat Willies!;2021-05-22 12:02:26;1
76703;Pokémon;10;38;One Big Happiny Family!;2021-05-22 12:02:24;1
76703;Pokémon;10;37;The Grass Menagerie!;2021-05-20 19:36:22;1
76703;Pokémon;10;36;A Secret Sphere of Influence!;2021-05-20 19:36:21;1
76703;Pokémon;10;35;An Elite Meet and Greet!;2021-05-20 18:54:45;1
76703;Pokémon;10;34;Buizel Your Way Out of This!;2021-05-20 18:54:25;1
76703;Pokémon;10;33;All Dressed Up with Somewhere to Go;2021-05-20 18:54:23;1
376003;Digimon Adventure: (2020);1;48;The Attack of Mugendramon;2021-05-19 20:52:18;1
76703;Pokémon;10;32;An Angry Combeenation;2021-05-19 20:51:27;1
76703;Pokémon;10;31;The Grass-Type Is Always Greener!;2021-05-19 20:51:26;1
76703;Pokémon;10;30;Some Enchanted Sweetening!;2021-05-19 20:51:25;1
76703;Pokémon;10;29;The Champ Twins;2021-05-19 20:51:24;1
76703;Pokémon;10;28;Drifloon On the Wind;2021-05-18 10:52:12;1
76703;Pokémon;10;27;Settling a Not-So-Old Score!;2021-05-18 10:31:27;1
76703;Pokémon;10;25;Oh Do You Know the Poffin Plan!;2021-05-18 10:31:26;1
76703;Pokémon;10;26;Getting the Pre-Contest Titters!;2021-05-18 10:31:26;1
76703;Pokémon;10;24;Cooking Up a Sweet Story!;2021-05-18 10:31:25;1
76703;Pokémon;10;23;Faced with Steelix Determination;2021-05-18 10:31:23;1
76703;Pokémon;10;22;Borrowing on Bad Faith!;2021-05-18 10:31:21;1
76703;Pokémon;10;21;Ya See We Want an Evolution!;2021-05-18 10:31:20;1
76703;Pokémon;10;20;Mutiny in the Bounty;2021-05-18 10:31:19;1
76703;Pokémon;10;19;Twice Smitten, Once Shy!;2021-05-18 10:31:18;1
76703;Pokémon;10;18;O'er the Rampardos We Watched!;2021-05-16 21:13:26;1
76703;Pokémon;19;31;The Cuteness Quotient!;2021-05-16 15:50:57;1
76703;Pokémon;19;30;Betrayed, Bothered, and Beleaguered!;2021-05-15 12:39:18;1
329065;Castlevania;4;10;It's Been a Strange Ride;2021-05-15 12:26:32;1
329065;Castlevania;4;9;The Endings;2021-05-15 12:26:29;1
329065;Castlevania;4;8;Death Magic;2021-05-15 12:26:26;1
329065;Castlevania;4;7;The Great Work;2021-05-15 10:48:39;1
329065;Castlevania;4;6;You Don't Deserve My Blood;2021-05-15 10:48:38;1
329065;Castlevania;4;5;Back in the World;2021-05-15 10:48:37;1
329065;Castlevania;4;4;You Must Sacrifice;2021-05-13 17:02:57;1
329065;Castlevania;4;3;Walk Away;2021-05-13 17:02:55;1
329065;Castlevania;4;2;Having the World;2021-05-13 17:02:53;1
329065;Castlevania;4;1;Murder Wakes It Up;2021-05-13 17:02:50;1
376003;Digimon Adventure: (2020);1;47;The Villains of the Wastelands;2021-05-10 17:47:46;1
377543;Jujutsu Kaisen;1;24;Accomplices;2021-05-10 17:22:55;1
377543;Jujutsu Kaisen;1;23;The Origin of Blind Obedience - 2 -;2021-05-10 17:22:53;1
377543;Jujutsu Kaisen;1;22;The Origin of Blind Obedience;2021-05-09 18:29:48;1
377543;Jujutsu Kaisen;1;21;Jujutsu Koshien;2021-05-09 18:03:45;1
377543;Jujutsu Kaisen;1;20;Nonstandard;2021-05-09 17:39:31;1
377543;Jujutsu Kaisen;1;19;Black Flash;2021-05-09 17:39:29;1
377543;Jujutsu Kaisen;1;18;Sage;2021-05-09 17:39:27;1
377543;Jujutsu Kaisen;1;17;Kyoto Sister School Exchange Event - Group Battle 3 -;2021-05-09 16:29:23;1
377543;Jujutsu Kaisen;1;16;Kyoto Sister School Exchange Event - Group Battle 2 -;2021-05-09 16:29:19;1
377543;Jujutsu Kaisen;1;15;Kyoto Sister School Exchange Event - Group Battle 1 -;2021-05-09 16:05:54;1
377543;Jujutsu Kaisen;1;14;Kyoto Sister School Exchange Event - Group Battle 0 -;2021-05-09 16:05:52;1
377543;Jujutsu Kaisen;1;13;Tomorrow;2021-05-09 14:56:21;1
377543;Jujutsu Kaisen;1;12;To You, Someday;2021-05-09 14:35:21;1
377543;Jujutsu Kaisen;1;11;Narrow-minded;2021-05-09 14:13:54;1
377543;Jujutsu Kaisen;1;10;Idle Transfiguration;2021-05-09 14:13:52;1
377543;Jujutsu Kaisen;1;9;Small Fry and Reverse Retribution;2021-05-09 14:13:50;1
377543;Jujutsu Kaisen;1;8;Boredom;2021-05-09 14:13:48;1
377543;Jujutsu Kaisen;1;7;Assault;2021-05-09 10:51:55;1
377543;Jujutsu Kaisen;1;6;After Rain;2021-05-09 10:30:24;1
377543;Jujutsu Kaisen;1;5;Curse Womb Must Die -II-;2021-05-09 10:05:50;1
377543;Jujutsu Kaisen;1;4;Curse Womb Must Die;2021-05-09 10:05:48;1
377543;Jujutsu Kaisen;1;3;Girl of Steel;2021-05-09 10:05:45;1
377543;Jujutsu Kaisen;1;2;For Myself;2021-05-05 17:33:27;1
377543;Jujutsu Kaisen;1;1;Ryoumen Sukuna;2021-05-05 16:58:22;1
371310;Mushoku Tensei: Jobless Reincarnation;1;11;Children and Warriors;2021-05-05 10:44:44;1
371310;Mushoku Tensei: Jobless Reincarnation;1;10;The Value of a Life and the First Job;2021-05-05 10:44:39;1
76703;Pokémon;19;29;There's a New Kid in Town!;2021-05-04 11:09:30;1
371310;Mushoku Tensei: Jobless Reincarnation;1;9;A Chance Encounter;2021-05-04 11:08:56;1
371310;Mushoku Tensei: Jobless Reincarnation;1;8;Turning Point 1;2021-05-03 18:31:51;1
371310;Mushoku Tensei: Jobless Reincarnation;1;7;What Lies Beyond Effort;2021-05-03 18:31:49;1
371310;Mushoku Tensei: Jobless Reincarnation;1;6;A Day Off in Roa;2021-05-03 17:43:52;1
376003;Digimon Adventure: (2020);1;46;The Sword of Hope;2021-05-03 11:09:38;1
376003;Digimon Adventure: (2020);1;45;Activate, Metalgarurumon;2021-05-02 18:18:47;1
376003;Digimon Adventure: (2020);1;44;Hikari and the Moving Forest;2021-05-02 11:21:03;1
376003;Digimon Adventure: (2020);1;43;Clash, the King of Digimon;2021-05-02 11:11:36;1
267440;L'Attaque des Titans;4;16;Above and Below;2021-04-28 11:39:48;1
267440;L'Attaque des Titans;4;15;Sole Salvation;2021-04-28 11:18:47;1
267440;L'Attaque des Titans;4;14;Savagery;2021-04-28 10:59:25;1
267440;L'Attaque des Titans;4;13;Children of the Forest;2021-04-28 10:36:39;1
267440;L'Attaque des Titans;4;12;Guides;2021-04-27 11:50:16;1
267440;L'Attaque des Titans;4;11;Deceiver;2021-04-27 11:49:37;1
267440;L'Attaque des Titans;4;10;A Sound Argument;2021-04-27 11:09:03;1
267440;L'Attaque des Titans;4;9;Brave Volunteers;2021-04-27 10:46:19;1
76703;Pokémon;19;28;Sobbing Sobble!;2021-04-27 10:19:40;1
76703;Pokémon;9;47;Home Is Where The Start Is;2021-04-26 11:38:55;1
76703;Pokémon;9;46;Once More With Reeling;2021-04-26 11:17:40;1
76703;Pokémon;9;45;Pace - The Final Frontier!;2021-04-26 10:57:10;1
76703;Pokémon;9;44;Gathering The Gang Of Four!;2021-04-26 10:57:09;1
76703;Pokémon;9;42;The Unbeatable Lightness of Seeing!;2021-04-26 10:57:07;1
76703;Pokémon;9;43;Pinch Healing!;2021-04-26 10:57:07;1
76703;Pokémon;9;41;Overjoyed!;2021-04-26 10:57:06;1
76703;Pokémon;9;40;Duels of the Jungle!;2021-04-26 10:57:04;1
76703;Pokémon;9;39;Strategy Tomorrow - Comedy Tonight!;2021-04-26 10:57:03;1
76703;Pokémon;9;38;Aipom and Circumstance!;2021-04-26 10:57:02;1
76703;Pokémon;9;37;Channeling The Battle Zone;2021-04-26 10:57:00;1
76703;Pokémon;9;36;Thinning The Hoard!;2021-04-26 10:56:59;1
76703;Pokémon;9;34;Slaking Kong;2021-04-26 10:56:58;1
76703;Pokémon;9;35;May, We Harley Drew'd Ya!;2021-04-26 10:56:57;1
76703;Pokémon;9;33;Battling the Enemy Within;2021-04-20 11:13:59;1
76703;Pokémon;9;32;Grating Spaces!;2021-04-20 11:13:58;1
76703;Pokémon;9;30;Going For Choke!;2021-04-20 11:13:56;1
76703;Pokémon;9;31;The Ole' Berate and Switch;2021-04-20 11:13:56;1
76703;Pokémon;9;29;New Plot, Odd Lot!;2021-04-20 11:13:55;1
76703;Pokémon;9;28;All That Glitters Is Not Golden!;2021-04-20 11:13:54;1
76703;Pokémon;19;27;Toughing It Out!;2021-04-20 11:13:44;1
76703;Pokémon;19;26;Splash, Dash, and Smash for the Crown!;2021-04-20 11:13:39;1
76703;Pokémon;9;27;Pokémon Ranger - Deoxys Crisis! (2);2021-04-14 17:47:22;1
76703;Pokémon;9;26;Pokémon Ranger - Deoxys Crisis! (1);2021-04-14 17:47:21;1
76703;Pokémon;9;25;Second Time's the Charm!;2021-04-14 17:47:19;1
76703;Pokémon;9;24;Talking A Good Game;2021-04-14 17:47:18;1
76703;Pokémon;9;23;Three Jynx and a Baby!;2021-04-14 17:47:17;1
76703;Pokémon;9;22;What I Did For Love!;2021-04-14 17:47:16;1
76703;Pokémon;9;21;Curbing the Crimson Tide!;2021-04-14 17:47:15;1
76703;Pokémon;9;20;King and Queen for a Day!;2021-04-13 21:03:12;1
76703;Pokémon;9;18;Cutting the Ties That Bind!;2021-04-13 21:03:11;1
76703;Pokémon;9;19;Ka Boom With a View!;2021-04-13 21:03:11;1
76703;Pokémon;9;17;Spontaneous Combusken!;2021-04-13 21:03:09;1
76703;Pokémon;9;16;Odd Pokémon Out!;2021-04-13 21:03:08;1
76703;Pokémon;9;14;Off the Unbeaten Path!;2021-04-13 21:03:07;1
76703;Pokémon;9;15;Harley Rides Again;2021-04-13 21:03:07;1
76703;Pokémon;9;13;Queen of the Serpentine!;2021-04-13 21:03:06;1
76703;Pokémon;9;11;From Cradle to Save!;2021-04-13 21:03:04;1
76703;Pokémon;9;12;Time Warp Heals All Wounds!;2021-04-13 21:03:03;1
76703;Pokémon;9;10;The Green Guardian;2021-04-13 21:03:02;1
76703;Pokémon;9;9;Reversing The Charges;2021-04-13 21:03:00;1
76703;Pokémon;9;8;Tactics Theatrics!!;2021-04-13 21:02:59;1
76703;Pokémon;9;7;On Olden Pond;2021-04-13 21:02:59;1
76703;Pokémon;9;6;Weekend Warrior;2021-04-09 19:55:57;1
76703;Pokémon;9;5;May's Egg-Cellent Adventure;2021-04-09 19:55:56;1
76703;Pokémon;9;4;Wheel of Frontier;2021-04-09 19:55:55;1
76703;Pokémon;9;3;A Chip Off the Old Brock;2021-04-09 19:55:54;1
76703;Pokémon;9;2;Sweet Baby James;2021-04-09 19:55:52;1
345948;Vermin;1;5;The Clitoris;2021-04-09 19:37:28;1
345948;Vermin;1;4;Spider-Spider;2021-04-09 19:31:15;1
345948;Vermin;1;3;The Flashback;2021-04-09 19:20:24;1
345948;Vermin;1;2;Laundrette Housing Projects;2021-04-09 19:20:20;1
345948;Vermin;1;1;The Town;2021-04-09 19:07:05;1
76703;Pokémon;9;1;Fear Factor Phony;2021-04-07 18:07:05;1
376003;Digimon Adventure: (2020);1;42;The King of Inventors, Gerbemon;2021-04-07 18:06:53;1
76703;Pokémon;19;25;A Festival Reunion!;2021-04-07 11:12:50;1
376003;Digimon Adventure: (2020);1;41;Mon-Mon Park in the Fog;2021-04-06 21:41:04;1
76703;Pokémon;8;49;Caterpie's Big Dilemma;2021-04-06 11:24:55;1
76703;Pokémon;8;48;Hail to the Chef!;2021-04-04 23:07:35;1
76703;Pokémon;8;47;Sitting Psyduck;2021-04-04 22:51:20;1
76703;Pokémon;8;46;On Cloud Arcanine;2021-04-04 22:51:19;1
76703;Pokémon;8;45;Rough, Tough Jigglypuff;2021-04-04 22:08:44;1
76703;Pokémon;8;44;Hooked On Onix;2021-04-04 22:08:42;1
76703;Pokémon;8;43;The Symbol Life;2021-04-02 18:53:24;1
76703;Pokémon;8;42;Numero Uno Articuno;2021-04-02 18:53:23;1
76703;Pokémon;8;41;A Real Cleffa Hanger;2021-04-02 18:53:21;1
76703;Pokémon;8;40;The Right Place and the Right Mime;2021-04-02 18:53:20;1
76703;Pokémon;8;39;The Scheme Team;2021-04-02 18:53:20;1
76703;Pokémon;8;38;At the End of the Fray;2021-04-02 18:53:19;1
76703;Pokémon;8;37;Choose It or Lose It!;2021-04-02 18:53:17;1
76703;Pokémon;8;36;A Judgment Brawl;2021-04-02 18:53:16;1
76703;Pokémon;8;35;Shocks and Bonds;2021-04-02 18:53:15;1
76703;Pokémon;8;34;From Brags to Riches;2021-04-02 18:53:14;1
76703;Pokémon;8;33;Saved By The Beldum;2021-04-02 18:53:13;1
76703;Pokémon;8;32;Like a Meowth to a Flame;2021-04-02 18:53:12;1
76703;Pokémon;8;31;Island Time;2021-04-02 18:53:11;1
76703;Pokémon;8;30;Rhapsody in Drew;2021-04-02 18:53:09;1
331753;Black Clover;1;170;The Faraway Future;2021-04-01 19:50:14;1
76703;Pokémon;8;29;Deceit and Assist;2021-03-28 20:28:23;1
76703;Pokémon;8;28;Hi Ho Silver Wind!;2021-03-28 20:28:21;1
76703;Pokémon;8;27;The Ribbon Cup Caper!;2021-03-28 20:28:20;1
76703;Pokémon;8;26;Less is Morrison;2021-03-28 20:28:19;1
76703;Pokémon;8;25;Berry, Berry Interesting;2021-03-28 20:28:18;1
76703;Pokémon;8;24;Pacifidlog Jam;2021-03-28 20:28:17;1
76703;Pokémon;8;23;Mean With Envy;2021-03-28 20:28:16;1
76703;Pokémon;8;21;Who, What, When, Where, Wynaut?;2021-03-28 20:28:15;1
76703;Pokémon;8;22;Date Expectations;2021-03-28 20:28:15;1
76703;Pokémon;8;20;Showdown at Linoone;2021-03-28 20:28:13;1
76703;Pokémon;8;18;The Great Eight Fate!;2021-03-28 20:28:12;1
76703;Pokémon;8;19;Eight Ain't Enough;2021-03-28 20:28:11;1
76703;Pokémon;8;16;Let it Snow, Let it Snow, Let it Snorunt;2021-03-28 20:28:10;1
76703;Pokémon;8;17;Do I Hear a Ralts?;2021-03-28 20:28:10;1
76703;Pokémon;8;15;Absol-ute Disaster;2021-03-28 20:28:07;1
76703;Pokémon;8;14;Beg, Burrow and Steal;2021-03-28 20:28:06;1
76703;Pokémon;8;13;Once in a Mawile;2021-03-28 20:28:05;1
76703;Pokémon;8;12;Claydol Big and Tall;2021-03-28 20:28:04;1
76703;Pokémon;8;11;A Cacturne for the Worse;2021-03-28 20:28:03;1
76703;Pokémon;8;10;Where's Armaldo?;2021-03-28 20:28:02;1
76703;Pokémon;8;9;Vanity Affair;2021-03-28 20:27:57;1
76703;Pokémon;19;24;A Little Rocket R & R!;2021-03-26 16:49:09;1
331753;Black Clover;1;169;The Devil Binding Ritual;2021-03-26 16:48:33;1
355774;Dr. STONE;2;11;PROLOGUE OF Dr.STONE;2021-03-26 13:20:59;1
376003;Digimon Adventure: (2020);1;40;Strike! The Killer Shot;2021-03-26 10:57:20;1
76703;Pokémon;8;8;Solid as a Solrock;2021-03-23 19:12:14;1
76703;Pokémon;8;7;Its Still Rocket Roll to Me;2021-03-23 19:12:11;1
76703;Pokémon;8;6;The Scuffle of Legends;2021-03-23 19:12:11;1
76703;Pokémon;8;5;Gaining Groudon;2021-03-23 19:12:10;1
76703;Pokémon;8;3;The Evolutionary War;2021-03-23 19:12:08;1
76703;Pokémon;8;4;Training Wrecks;2021-03-23 19:12:08;1
76703;Pokémon;8;2;The Relicanth Really Can;2021-03-23 19:12:07;1
76703;Pokémon;8;1;Clamperl of Wisdom;2021-03-22 18:48:39;1
76703;Pokémon;7;52;Judgment Day!;2021-03-22 12:35:24;1
76703;Pokémon;7;51;Lessons in Lilycove;2021-03-22 12:19:23;1
76703;Pokémon;7;50;Pokéblock, Stock and Berry;2021-03-22 11:53:57;1
76703;Pokémon;7;49;A Scare to Remember;2021-03-21 22:35:45;1
76703;Pokémon;7;48;The Garden of Eatin';2021-03-21 22:35:44;1
76703;Pokémon;7;47;Crazy as a Lunatone;2021-03-21 18:54:53;1
76703;Pokémon;7;46;Lights, Camerupt, Action!;2021-03-21 18:54:52;1
76703;Pokémon;7;45;Sky High Gym Battle!;2021-03-21 18:54:51;1
76703;Pokémon;7;44;Who's Flying Now?;2021-03-21 18:54:50;1
76703;Pokémon;19;23;Panic in the Park!;2021-03-20 11:31:33;1
355774;Dr. STONE;2;10;Humanity's Strongest Tag Team;2021-03-20 11:31:27;1
331753;Black Clover;1;168;Stirrings of the Strongest;2021-03-19 17:24:32;1
76703;Pokémon;7;43;Unfair-Weather Friends;2021-03-17 18:53:27;1
76703;Pokémon;7;42;A Shroomish Skirmish;2021-03-17 18:33:43;1
76703;Pokémon;7;41;Take This House and Shuppet;2021-03-17 18:33:42;1
76703;Pokémon;7;40;That's Just Swellow;2021-03-17 18:33:41;1
76703;Pokémon;7;39;Pearls are a Spoink's Best Friend;2021-03-17 18:33:38;1
76703;Pokémon;7;38;Cruisin' for a Losin';2021-03-17 18:33:37;1
76703;Pokémon;7;37;A Fan with a Plan;2021-03-17 18:33:34;1
76703;Pokémon;7;35;Whiscash and Ash;2021-03-17 18:33:32;1
76703;Pokémon;7;36;Me, Myself and Time;2021-03-17 18:33:32;1
76703;Pokémon;7;34;Hokey Pokéballs;2021-03-17 18:33:31;1
76703;Pokémon;7;33;Grass Hysteria!;2021-03-15 11:21:45;1
76703;Pokémon;7;32;The Bicker The Better;2021-03-14 18:42:25;1
76703;Pokémon;7;30;Balance of Power;2021-03-14 14:25:16;1
76703;Pokémon;7;31;A Six Pack Attack!;2021-03-14 14:25:16;1
76703;Pokémon;7;29;Love, Petalburg Style!;2021-03-14 14:25:15;1
76703;Pokémon;7;28;A Double Dilemma;2021-03-14 14:25:14;1
76703;Pokémon;7;27;Go Go Ludicolo!;2021-03-14 14:25:13;1
76703;Pokémon;7;26;Exploud and Clear;2021-03-13 13:44:02;1
76703;Pokémon;7;25;Gulpin it Down;2021-03-13 13:44:01;1
76703;Pokémon;7;24;True Blue Swablu;2021-03-13 13:44:00;1
76703;Pokémon;19;22;Goodbye, Friend!;2021-03-13 13:43:31;1
355774;Dr. STONE;2;9;To Destroy and to Save;2021-03-13 13:22:10;1
76703;Pokémon;7;23;Take The Lombre Home;2021-03-10 18:51:06;1
76703;Pokémon;7;22;Disguise Da Limit;2021-03-10 18:30:00;1
76703;Pokémon;7;21;Disaster of Disguise;2021-03-10 18:29:59;1
331753;Black Clover;1;167;Black Oath;2021-03-10 17:59:27;1
76703;Pokémon;7;20;Delcatty Got Your Tongue;2021-03-09 19:53:58;1
76703;Pokémon;7;19;Manectric Charge;2021-03-09 19:53:57;1
76703;Pokémon;7;18;All Torkoal, No Play;2021-03-09 19:53:55;1
76703;Pokémon;7;17;Going for a Spinda;2021-03-09 19:53:54;1
76703;Pokémon;7;15;Poetry Commotion!;2021-03-09 19:53:53;1
76703;Pokémon;7;16;Going, Going, Yawn;2021-03-09 19:53:53;1
76703;Pokémon;7;14;Fight for the Meteorite;2021-03-09 19:53:52;1
76703;Pokémon;7;13;Game Winning Assist;2021-03-09 19:53:51;1
376003;Digimon Adventure: (2020);1;39;Jyagamon, Potato Hell;2021-03-09 19:53:41;1
76703;Pokémon;19;21;Caring for a Mystery!;2021-03-07 11:54:58;1
355774;Dr. STONE;2;8;FINAL BATTLE;2021-03-06 19:17:51;1
76703;Pokémon;7;12;Cheer Pressure;2021-03-05 11:46:14;1
76703;Pokémon;7;11;Come What May!;2021-03-05 11:46:13;1
76703;Pokémon;7;10;Pros and Con Artists;2021-03-05 11:46:11;1
76703;Pokémon;7;9;Maxxed Out!;2021-03-04 12:41:59;1
76703;Pokémon;7;8;ZigZag Zangoose!;2021-03-04 12:21:08;1
76703;Pokémon;7;7;I Feel Skitty!;2021-03-04 12:21:07;1
76703;Pokémon;7;6;Candid Camerupt!;2021-03-04 12:21:04;1
76703;Pokémon;7;5;A Togepi Mirage!;2021-03-04 12:21:03;1
76703;Pokémon;7;4;The Princess and the Togepi;2021-03-04 12:21:01;1
76703;Pokémon;7;3;Let Bagons Be Bagons;2021-03-04 12:21:00;1
76703;Pokémon;7;2;Love at First Flight;2021-03-04 12:20:59;1
76703;Pokémon;7;1;What You Seed is What You Get;2021-03-04 12:20:58;1
331753;Black Clover;1;166;Captain Yami Sukehiro;2021-03-03 11:11:28;1
76703;Pokémon;19;20;Dreams Are Made of These!;2021-03-03 11:11:23;1
376003;Digimon Adventure: (2020);1;38;The Blazing Blue Friendship;2021-03-02 19:04:12;1
355774;Dr. STONE;2;7;Secret Mission;2021-03-02 11:25:21;1
76703;Pokémon;6;39;A Poké-BLOCK Party;2021-03-01 12:40:56;1
76703;Pokémon;6;38;A Different Kind of Misty;2021-03-01 12:40:55;1
76703;Pokémon;6;37;Jump for Joy!;2021-03-01 12:40:53;1
76703;Pokémon;6;36;The Spheal of Approval;2021-03-01 12:40:52;1
76703;Pokémon;6;35;Win, Lose or Drew!;2021-03-01 12:40:51;1
76703;Pokémon;6;34;Having A Wailord Of A Time;2021-03-01 12:40:49;1
76703;Pokémon;6;33;Now That's Flower Power!;2021-03-01 12:40:48;1
76703;Pokémon;6;32;Abandon Ship!;2021-03-01 12:40:46;1
76703;Pokémon;6;31;Just One of The Geysers;2021-02-24 11:33:31;1
76703;Pokémon;6;29;Ready, Willing and Sableye;2021-02-24 11:33:30;1
76703;Pokémon;6;30;A Meditite Fight!;2021-02-24 11:33:30;1
76703;Pokémon;6;28;Seeing is Believing!;2021-02-24 11:33:29;1
76703;Pokémon;6;27;A Three Team Scheme!;2021-02-24 11:33:28;1
76703;Pokémon;6;26;Turning Over A Nuzleaf;2021-02-24 11:33:26;1
76703;Pokémon;6;24;A Corphish Out of Water;2021-02-24 11:33:25;1
76703;Pokémon;6;25;A Mudkip Mission;2021-02-24 11:33:25;1
76703;Pokémon;6;23;Gone Corphishin';2021-02-24 11:33:24;1
76703;Pokémon;19;19;A Talent for Imitation!;2021-02-24 11:32:54;1
76703;Pokémon;19;18;Destination: Coronation!;2021-02-24 11:32:51;1
376003;Digimon Adventure: (2020);1;37;Mimi-chan Wars;2021-02-24 11:32:48;1
376003;Digimon Adventure: (2020);1;36;Operation Satellite Sniper;2021-02-23 17:34:30;1
331753;Black Clover;1;165;Water Crusade;2021-02-23 17:34:10;1
355774;Dr. STONE;2;6;PRISON BREAK;2021-02-23 17:06:53;1
76703;Pokémon;6;22;A Hole Lotta Trouble;2021-02-20 18:35:31;1
76703;Pokémon;6;21;Which Wurmple's Which?;2021-02-20 18:16:51;1
76703;Pokémon;6;20;Brave The Wave;2021-02-20 18:16:49;1
76703;Pokémon;6;19;Sharpedo Attack!;2021-02-20 18:16:47;1
76703;Pokémon;6;17;Stairway to Devon;2021-02-20 18:16:46;1
76703;Pokémon;6;18;On a Wingull and a Prayer!;2021-02-20 18:16:45;1
76703;Pokémon;6;16;The Winner By a Nosepass;2021-02-20 18:16:43;1
76703;Pokémon;6;15;Gonna Rule the School!;2021-02-20 18:16:42;1
76703;Pokémon;6;14;All in a Day's Wurmple;2021-02-18 19:24:42;1
76703;Pokémon;6;13;All Things Bright and Beautifly!;2021-02-18 19:04:48;1
76703;Pokémon;6;12;The Lotad Lowdown;2021-02-18 18:44:21;1
76703;Pokémon;6;11;A Bite to Remember;2021-02-18 18:44:20;1
76703;Pokémon;6;10;You Said a Mouthful!;2021-02-18 18:44:19;1
76703;Pokémon;6;9;Taming of the Shroomish;2021-02-18 18:44:18;1
76703;Pokémon;6;8;A Tail with a Twist;2021-02-18 18:44:16;1
76703;Pokémon;6;7;Tree's a Crowd;2021-02-18 18:44:15;1
76703;Pokémon;6;6;A Poached Ego!;2021-02-18 18:44:14;1
331753;Black Clover;1;164;Battlefield: Heart Kingdom;2021-02-17 12:18:15;1
76703;Pokémon;6;5;In the Knicker of Time!;2021-02-13 11:40:48;1
76703;Pokémon;6;4;You Never Can Taillow;2021-02-12 19:42:51;1
76703;Pokémon;6;3;There's No Place Like Hoenn;2021-02-12 19:42:50;1
76703;Pokémon;6;2;A Ruin with a View;2021-02-12 12:00:13;1
76703;Pokémon;6;1;Get the Show on the Road!;2021-02-12 11:38:51;1
355774;Dr. STONE;2;5;STEAM GORILLA;2021-02-11 19:31:34;1
331753;Black Clover;1;163;Dante vs. The Captain of the Black Bulls Squad;2021-02-10 18:48:13;1
76703;Pokémon;19;17;Kicking It From Here Into Tomorrow!;2021-02-09 11:53:18;1
371310;Mushoku Tensei: Jobless Reincarnation;1;5;A Young Lady and Violence;2021-02-08 12:31:14;1
376003;Digimon Adventure: (2020);1;35;The Glowing Angewomon;2021-02-08 12:07:35;1
305089;Re:ZERO –Starting Life in Another World–;1;4;The Happy Roswaal Mansion Family;2021-02-07 18:57:51;1
305089;Re:ZERO –Starting Life in Another World–;1;3;Starting Life from Zero in Another World;2021-02-07 18:57:47;1
305089;Re:ZERO –Starting Life in Another World–;1;2;Reunion with the Witch;2021-02-05 19:18:58;1
305089;Re:ZERO –Starting Life in Another World–;1;1;The End of the Beginning and the Beginning of the End;2021-02-05 11:42:41;1
355774;Dr. STONE;2;4;Full Assault;2021-02-05 11:13:47;1
267440;L'Attaque des Titans;4;8;Assassin's Bullet;2021-02-03 12:03:23;1
267440;L'Attaque des Titans;4;7;Assault;2021-02-03 11:34:30;1
267440;L'Attaque des Titans;4;6;The War Hammer Titan;2021-02-02 19:01:05;1
331753;Black Clover;1;162;The Great War Breaks Out;2021-02-02 12:59:17;1
371310;Mushoku Tensei: Jobless Reincarnation;1;4;Emergency Family Meeting;2021-02-02 11:26:05;1
376003;Digimon Adventure: (2020);1;34;Hikari and Tailmon;2021-02-01 18:41:25;1
368185;Destin : La saga Winx;1;6;A Fanatic Heart;2021-02-01 12:56:59;1
368185;Destin : La saga Winx;1;5;Wither Into the Truth;2021-02-01 12:56:56;1
368185;Destin : La saga Winx;1;4;Some Wrecked Angel;2021-02-01 12:05:45;1
368185;Destin : La saga Winx;1;3;Heavy Mortal Hopes;2021-01-31 13:33:55;1
368185;Destin : La saga Winx;1;2;No Strangers Here;2021-01-31 13:33:45;1
368185;Destin : La saga Winx;1;1;To the Waters and the Wild;2021-01-31 00:43:10;1
76703;Pokémon;19;16;A Chilling Curse!;2021-01-30 19:18:33;1
76703;Pokémon;19;15;A Snow Day for Searching!;2021-01-30 18:57:44;1
76703;Pokémon;19;14;Raid Battle in the Ruins!;2021-01-30 18:57:31;1
76703;Pokémon;19;13;The Climb to Be the Very Best!;2021-01-30 18:57:19;1
344643;BONDiNG;2;8;Permission;2021-01-30 15:32:58;1
344643;BONDiNG;2;7;Stand Me Up, Stand Me Down;2021-01-30 15:32:55;1
344643;BONDiNG;2;6;The Lost Egg;2021-01-30 13:49:34;1
344643;BONDiNG;2;5;Nanci;2021-01-30 13:49:31;1
344643;BONDiNG;2;4;Threesomes;2021-01-30 13:35:32;1
344643;BONDiNG;2;3;Personal;2021-01-30 13:35:30;1
344643;BONDiNG;2;2;Dog Days;2021-01-30 12:30:34;1
344643;BONDiNG;2;1;The Kinks;2021-01-30 12:13:10;1
355774;Dr. STONE;2;3;Call from the Dead;2021-01-28 18:00:26;1
371310;Mushoku Tensei: Jobless Reincarnation;1;3;A Friend;2021-01-27 18:58:58;1
376003;Digimon Adventure: (2020);1;33;The Hikari of Dawn;2021-01-27 18:29:51;1
331753;Black Clover;1;161;Zenon's Power;2021-01-27 18:29:49;1
367138;Star Trek: Lower Decks;1;10;No Small Parts;2021-01-26 13:06:27;1
367138;Star Trek: Lower Decks;1;9;Crisis Point;2021-01-26 12:41:04;1
367138;Star Trek: Lower Decks;1;8;Veritas;2021-01-26 12:14:59;1
367138;Star Trek: Lower Decks;1;7;Much Ado About Boimler;2021-01-26 11:52:03;1
367138;Star Trek: Lower Decks;1;6;Terminal Provocations;2021-01-26 11:51:55;1
367138;Star Trek: Lower Decks;1;5;Cupid's Errant Arrow;2021-01-25 18:33:06;1
367138;Star Trek: Lower Decks;1;4;Moist Vessel;2021-01-25 18:03:34;1
367138;Star Trek: Lower Decks;1;3;Temporal Edict;2021-01-25 12:20:55;1
367138;Star Trek: Lower Decks;1;2;Envoys;2021-01-25 11:59:12;1
367138;Star Trek: Lower Decks;1;1;Second Contact;2021-01-25 11:59:02;1
262090;Psycho-Pass;3;8;Cubism;2021-01-25 00:19:56;1
262090;Psycho-Pass;3;7;Don't Take God's Name in Vain;2021-01-24 23:36:13;1
262090;Psycho-Pass;3;6;Caesar's Gold Coins;2021-01-24 23:36:09;1
262090;Psycho-Pass;3;5;Agamemnon's Offering;2021-01-24 11:07:05;1
262090;Psycho-Pass;3;4;Political Strife in the Colosseum;2021-01-24 11:07:02;1
262090;Psycho-Pass;3;3;Herakles and the Sirens;2021-01-24 11:07:01;1
262090;Psycho-Pass;3;2;Teumessian Sacrifices;2021-01-22 11:08:22;1
331753;Black Clover;1;160;The Messenger from the Spade Kingdom;2021-01-20 12:50:57;1
371310;Mushoku Tensei: Jobless Reincarnation;1;2;Master;2021-01-19 11:52:03;1
376003;Digimon Adventure: (2020);1;32;Soaring Hope;2021-01-19 11:27:44;1
340234;Désenchantée;2;6;Last Splash;2021-01-17 18:29:12;1
340234;Désenchantée;2;4;Steamland Confidential;2021-01-17 18:29:11;1
340234;Désenchantée;2;5;Freak Out!;2021-01-17 18:29:11;1
340234;Désenchantée;2;3;Beanie Get Your Gun;2021-01-17 18:29:10;1
340234;Désenchantée;2;2;You're the Bean;2021-01-15 18:48:04;1
340234;Désenchantée;2;1;Subterranean Homesick Blues;2021-01-15 18:48:02;1
355774;Dr. STONE;2;1;STONE WARS BEGINNING;2021-01-15 11:26:08;1
262090;Psycho-Pass;3;1;Laelaps' Calling;2021-01-14 11:14:17;1
331753;Black Clover;1;159;Quiet Lakes and Forest Shadows;2021-01-14 11:13:41;1
267440;L'Attaque des Titans;4;5;Declaration of War;2021-01-12 11:43:36;1
267440;L'Attaque des Titans;4;4;From One Hand to Another;2021-01-11 18:56:09;1
267440;L'Attaque des Titans;4;3;The Door of Hope;2021-01-11 18:56:04;1
376003;Digimon Adventure: (2020);1;31;The New Darkness, Millenniumon;2021-01-10 18:48:36;1
328711;Star Trek : Discovery;3;13;That Hope Is You (2);2021-01-10 13:57:26;1
338947;Les nouvelles aventures de Sabrina;2;16;Chapter Thirty-Six: At the Mountains of Madness;2021-01-10 12:57:14;1
338947;Les nouvelles aventures de Sabrina;2;15;Chapter Thirty-Five: The Endless;2021-01-10 12:57:12;1
338947;Les nouvelles aventures de Sabrina;2;14;Chapter Thirty-Four: The Returned;2021-01-09 17:13:07;1
338947;Les nouvelles aventures de Sabrina;2;13;Chapter Thirty-Three: Deus Ex Machina;2021-01-08 00:11:40;1
338947;Les nouvelles aventures de Sabrina;2;12;Chapter Thirty-Two: The Imp of the Perverse;2021-01-07 23:19:46;1
338947;Les nouvelles aventures de Sabrina;2;11;Chapter Thirty-One: The Weird;2021-01-07 23:19:43;1
338947;Les nouvelles aventures de Sabrina;2;10;Chapter Thirty: The Uninvited;2021-01-07 23:19:41;1
338947;Les nouvelles aventures de Sabrina;2;9;Chapter Twenty-Nine: The Eldritch Dark;2021-01-07 12:11:22;1
331753;Black Clover;1;158;The Beginning of Hope and Despair;2021-01-05 23:37:18;1
377625;Onyx Equinox;1;12;The Bet;2021-01-05 23:15:35;1
377625;Onyx Equinox;1;11;The Last Year;2021-01-05 13:15:01;1
377625;Onyx Equinox;1;10;Death From Below;2021-01-05 12:49:27;1
377625;Onyx Equinox;1;9;Death From Above;2021-01-05 12:26:08;1
377625;Onyx Equinox;1;8;Run;2021-01-05 12:02:15;1
377625;Onyx Equinox;1;7;The Underworld;2021-01-05 12:00:02;1
377625;Onyx Equinox;1;6;What She Carries;2021-01-05 00:33:19;1
377625;Onyx Equinox;1;5;Predation;2021-01-05 00:07:27;1
305074;My Hero Academia;2;12;Todoroki vs. Bakugo;2021-01-02 12:24:17;1
305074;My Hero Academia;2;11;Fight On, Iida;2021-01-02 12:24:04;1
305074;My Hero Academia;2;10;Shoto Todoroki: Origin;2021-01-02 12:24:02;1
305074;My Hero Academia;2;9;Bakugo vs. Uraraka;2021-01-02 12:24:00;1
305074;My Hero Academia;2;8;Battle on, Challengers!;2021-01-02 12:23:58;1
305074;My Hero Academia;2;7;Victory or Defeat;2021-01-02 00:42:06;1
305074;My Hero Academia;2;6;The Boy Born with Everything;2021-01-02 00:42:04;1
305074;My Hero Academia;2;5;Cavalry Battle Finale;2021-01-02 00:42:02;1
305074;My Hero Academia;2;4;Strategy, Strategy, Strategy;2021-01-02 00:41:56;1
305074;My Hero Academia;2;3;In Their Own Quirky Ways;2021-01-02 00:41:54;1
305074;My Hero Academia;2;2;Roaring Sports Festival;2021-01-01 23:45:00;1
305074;My Hero Academia;2;1;That's the Idea, Ochaco;2021-01-01 19:47:35;1
376003;Digimon Adventure: (2020);1;30;The Mega Digimon, WarGreymon;2021-01-01 18:28:46;1
386818;Noblesse;1;13;Noblesse / Take Her Hand;2020-12-31 17:38:44;1
328711;Star Trek : Discovery;3;12;There is a Tide…;2020-12-31 17:38:31;1
376003;Digimon Adventure: (2020);1;29;Escape the Burning Jungle;2020-12-29 20:41:32;1
386818;Noblesse;1;12;That All May Be as It Should Be / Execution;2020-12-29 13:21:07;1
305074;My Hero Academia;1;13;In Each of Our Hearts;2020-12-29 12:57:17;1
305074;My Hero Academia;1;12;All Might;2020-12-29 12:57:13;1
305074;My Hero Academia;1;11;Game Over;2020-12-27 02:09:12;1
305074;My Hero Academia;1;10;Encounter With the Unknown;2020-12-27 01:50:01;1
305074;My Hero Academia;1;9;Yeah, Just Do Your Best, Iida!;2020-12-27 01:49:58;1
305074;My Hero Academia;1;8;Bakugo's Start Line;2020-12-27 01:49:54;1
305074;My Hero Academia;1;7;Deku vs. Kacchan;2020-12-27 00:46:56;1
305074;My Hero Academia;1;6;Rage, You Damn Nerd;2020-12-27 00:27:13;1
305074;My Hero Academia;1;5;What I Can Do for Now;2020-12-27 00:06:54;1
305074;My Hero Academia;1;4;Start Line;2020-12-26 23:46:27;1
305074;My Hero Academia;1;3;Roaring Muscles;2020-12-26 23:24:25;1
305074;My Hero Academia;1;2;What It Takes to Be a Hero;2020-12-26 23:02:55;1
305074;My Hero Academia;1;1;Izuku Midoriya: Origin;2020-12-26 22:41:48;1
328711;Star Trek : Discovery;3;11;Su'Kal;2020-12-26 22:39:12;1
331753;Black Clover;1;157;Five-Leaf Clover;2020-12-23 18:43:05;1
76703;Pokémon;19;12;Flash of the Titans!;2020-12-23 18:18:54;1
76703;Pokémon;19;11;Best Friend... Worst Nightmare!;2020-12-23 18:18:52;1
76703;Pokémon;19;10;A Test in Paradise!;2020-12-23 12:08:42;1
76703;Pokémon;19;9;Finding a Legend!;2020-12-22 22:32:08;1
76703;Pokémon;19;8;The Sinnoh Iceberg Race!;2020-12-22 22:10:37;1
76703;Pokémon;19;7;Serving Up the Flute Cup!;2020-12-22 12:51:45;1
76703;Pokémon;19;6;Working My Way Back to Mew!;2020-12-22 12:29:45;1
76703;Pokémon;19;5;Mind-Boggling Dynamax;2020-12-21 20:08:50;1
76703;Pokémon;19;4;Settling the Scorbunny!;2020-12-21 19:05:33;1
76703;Pokémon;19;3;Ivysaur's Mysterious Tower!;2020-12-20 19:52:43;1
76703;Pokémon;19;2;Legend? Go! Friends? Go!;2020-12-20 19:30:26;1
76703;Pokémon;19;1;Enter Pikachu!;2020-12-19 19:48:53;1
289882;Is It Wrong to Try to Pick Up Girls in a Dungeon?;3;12;(Argonaut) Hero's Return;2020-12-19 19:42:02;1
328711;Star Trek : Discovery;3;10;Terra Firma (2);2020-12-18 22:52:42;1
386818;Noblesse;1;11;Lord / Lost Child;2020-12-17 22:57:27;1
386818;Noblesse;1;10;Dangerous Man / LOVEPARADE;2020-12-17 22:35:54;1
386818;Noblesse;1;9;Blood Pact / Devote;2020-12-17 22:34:22;1
386818;Noblesse;1;8;Frankenstein / First Contact;2020-12-17 19:14:44;1
386818;Noblesse;1;7;The Girl I'm Into Is a Noble / Unforgettable;2020-12-17 18:52:27;1
386818;Noblesse;1;6;Great Power / Raizel;2020-12-17 18:52:24;1
386818;Noblesse;1;5;A Friend's Hand / Fight For...;2020-12-17 12:34:31;1
386818;Noblesse;1;4;Spiderweb / Long Fall;2020-12-17 12:12:18;1
386818;Noblesse;1;3;Night's Footsteps / Fall Out;2020-12-17 11:51:23;1
386818;Noblesse;1;2;A Reason to Fight / Nobility;2020-12-17 11:49:11;1
386818;Noblesse;1;1;What Must Be Protected / Ordinary;2020-12-16 19:43:46;1
331753;Black Clover;1;156;Awakening Power;2020-12-16 12:21:14;1
377625;Onyx Equinox;1;4;The Stranger;2020-12-16 11:58:22;1
267440;L'Attaque des Titans;4;2;Midnight Train;2020-12-15 20:55:46;1
348545;Demon Slayer: Kimetsu no Yaiba;1;26;New Mission;2020-12-15 20:17:04;1
348545;Demon Slayer: Kimetsu no Yaiba;1;25;Tsuguko, Kanao Tsuyuri;2020-12-15 19:54:38;1
348545;Demon Slayer: Kimetsu no Yaiba;1;24;Rehabilitation Training;2020-12-15 19:54:32;1
348545;Demon Slayer: Kimetsu no Yaiba;1;23;Hashira Meeting;2020-12-15 19:12:54;1
348545;Demon Slayer: Kimetsu no Yaiba;1;22;Master of the Mansion;2020-12-15 19:12:51;1
348545;Demon Slayer: Kimetsu no Yaiba;1;21;Against Corps Rules;2020-12-15 19:12:49;1
348545;Demon Slayer: Kimetsu no Yaiba;1;20;Pretend Family;2020-12-15 18:03:51;1
348545;Demon Slayer: Kimetsu no Yaiba;1;19;Hinokami;2020-12-15 17:38:03;1
348545;Demon Slayer: Kimetsu no Yaiba;1;18;A Forged Bond;2020-12-15 17:16:27;1
348545;Demon Slayer: Kimetsu no Yaiba;1;17;You Must Master a Single Thing;2020-12-14 21:14:55;1
348545;Demon Slayer: Kimetsu no Yaiba;1;16;Letting Someone Else Go First;2020-12-13 23:13:12;1
348545;Demon Slayer: Kimetsu no Yaiba;1;15;Mount Natagumo;2020-12-13 22:54:18;1
376003;Digimon Adventure: (2020);1;28;The Children's Fight for Survival;2020-12-13 15:23:19;1
348545;Demon Slayer: Kimetsu no Yaiba;1;14;The House With the Wisteria Family Crest;2020-12-13 15:23:17;1
348545;Demon Slayer: Kimetsu no Yaiba;1;13;Something More Important Than Life;2020-12-13 15:02:56;1
348545;Demon Slayer: Kimetsu no Yaiba;1;12;The Boar Bares Its Fangs, Zenitsu Sleeps;2020-12-13 14:42:27;1
348545;Demon Slayer: Kimetsu no Yaiba;1;11;Tsuzumi Mansion;2020-12-13 13:57:43;1
348545;Demon Slayer: Kimetsu no Yaiba;1;10;Together Forever;2020-12-13 13:37:07;1
348545;Demon Slayer: Kimetsu no Yaiba;1;9;Temari Demon and Arrow Demon;2020-12-13 13:16:36;1
348545;Demon Slayer: Kimetsu no Yaiba;1;8;The Smell of Enchanting Blood;2020-12-13 12:53:19;1
348545;Demon Slayer: Kimetsu no Yaiba;1;7;Muzan Kibutsuji;2020-12-13 12:31:13;1
348545;Demon Slayer: Kimetsu no Yaiba;1;6;Swordsman Accompanying a Demon;2020-12-13 12:05:52;1
348545;Demon Slayer: Kimetsu no Yaiba;1;5;My Own Steel;2020-12-13 11:43:49;1
348545;Demon Slayer: Kimetsu no Yaiba;1;4;Final Selection;2020-12-12 19:28:17;1
348545;Demon Slayer: Kimetsu no Yaiba;1;3;Sabito and Makomo;2020-12-12 19:07:20;1
348545;Demon Slayer: Kimetsu no Yaiba;1;2;Trainer Sakonji Urokodaki;2020-12-12 18:44:59;1
348545;Demon Slayer: Kimetsu no Yaiba;1;1;Cruelty;2020-12-12 18:24:23;1
289882;Is It Wrong to Try to Pick Up Girls in a Dungeon?;3;11;(Ultra Soul) Decisive Battle;2020-12-12 12:30:37;1
328711;Star Trek : Discovery;3;9;Terra Firma (1);2020-12-11 20:08:03;1
377625;Onyx Equinox;1;3;Thicker Than Water;2020-12-10 19:11:55;1
377625;Onyx Equinox;1;2;Jaws of the Jaguar;2020-12-10 18:48:21;1
331753;Black Clover;1;155;The 5 Spirit Guardians;2020-12-10 18:23:40;1
376003;Digimon Adventure: (2020);1;27;To the New Continent;2020-12-08 22:50:13;1
275274;Rick et Morty;4;10;Star Mort: Rickturn of the Jerri;2020-12-08 22:23:23;1
275274;Rick et Morty;4;9;Childrick of Mort;2020-12-08 22:00:51;1
275274;Rick et Morty;4;8;The Vat of Acid Episode;2020-12-08 21:10:26;1
275274;Rick et Morty;4;7;Promortyus;2020-12-08 20:48:24;1
275274;Rick et Morty;4;6;Never Ricking Morty;2020-12-08 19:47:31;1
331431;Big Mouth;4;10;What Are You Gonna Do?;2020-12-08 12:47:26;1
289882;Is It Wrong to Try to Pick Up Girls in a Dungeon?;3;10;(Invisible) Forced Breakthrough;2020-12-08 12:19:10;1
289882;Is It Wrong to Try to Pick Up Girls in a Dungeon?;3;9;(Stigma) Downfall;2020-12-08 11:58:34;1
267440;L'Attaque des Titans;4;1;The Other Side of the Sea;2020-12-08 11:49:04;1
331431;Big Mouth;4;9;Horrority House;2020-12-07 12:59:58;1
331431;Big Mouth;4;8;The Funeral;2020-12-07 12:35:15;1
331431;Big Mouth;4;7;Four Stories About Hand Stuff;2020-12-07 12:35:12;1
331431;Big Mouth;4;6;Nick Starr;2020-12-07 12:35:10;1
331431;Big Mouth;4;5;A Very Special 9/11 Episode;2020-12-07 12:35:08;1
331431;Big Mouth;4;4;Cafeteria Girls;2020-12-07 12:35:06;1
331431;Big Mouth;4;3;Poop Madness;2020-12-07 12:35:04;1
331431;Big Mouth;4;2;The Hugest Period Ever;2020-12-04 12:51:38;1
331431;Big Mouth;4;1;The New Me;2020-12-04 12:27:11;1
328711;Star Trek : Discovery;3;8;The Sanctuary;2020-12-04 12:01:47;1
376003;Digimon Adventure: (2020);1;26;Break Through the Sea Monster Barricade;2020-12-04 11:09:58;1
331753;Black Clover;1;154;Vice Captain Langris Vaude;2020-12-01 12:25:48;1
328711;Star Trek : Discovery;3;7;Unification III;2020-11-28 18:56:09;1
331753;Black Clover;1;153;The Chosen Ones;2020-11-25 18:08:57;1
272074;Kill la Kill;0;1;Goodbye Once Again;2020-11-22 23:22:57;1
289882;Is It Wrong to Try to Pick Up Girls in a Dungeon?;3;8;(Bell Cranel) The Fool;2020-11-22 23:00:48;1
377625;Onyx Equinox;1;1;The Last Day;2020-11-22 22:38:13;1
331753;Black Clover;1;152;To Tomorrow!;2020-11-22 22:13:33;1
376003;Digimon Adventure: (2020);1;25;Dive to the Next Ocean;2020-11-22 12:59:47;1
328711;Star Trek : Discovery;3;6;Scavengers;2020-11-20 21:09:32;1
376003;Digimon Adventure: (2020);1;24;The Final Stage, Donedevimon;2020-11-19 23:21:19;1
328711;Star Trek : Discovery;3;5;Die Trying;2020-11-19 22:58:53;1
328711;Star Trek : Discovery;3;4;Forget Me Not;2020-11-18 19:15:05;1
328711;Star Trek : Discovery;3;3;People of Earth;2020-11-17 19:40:19;1
328711;Star Trek : Discovery;3;2;Far from Home;2020-11-17 13:03:52;1
328711;Star Trek : Discovery;3;1;That Hope Is You (1);2020-11-17 12:14:35;1
376003;Digimon Adventure: (2020);1;23;The Messenger of Darkness, Devimon;2020-11-17 10:08:28;1
289882;Is It Wrong to Try to Pick Up Girls in a Dungeon?;3;7;(Dix Perdix) A Dream of Beasts;2020-11-16 19:02:28;1
289882;Is It Wrong to Try to Pick Up Girls in a Dungeon?;3;6;(Knossos) A Man-Made Labyrinth;2020-11-13 11:51:22;1
289882;Is It Wrong to Try to Pick Up Girls in a Dungeon?;3;5;(Ikelos Familia) The King of Calamity;2020-11-13 11:51:20;1
331753;Black Clover;1;151;Clash! The Battle of the Magic Knights Squad Captains!;2020-11-13 11:51:16;1
289882;Is It Wrong to Try to Pick Up Girls in a Dungeon?;3;4;(Yearning) A Far-Off-Dream;2020-11-12 12:37:38;1
289882;Is It Wrong to Try to Pick Up Girls in a Dungeon?;3;3;(Xenos) Heretics;2020-11-12 12:16:39;1
289882;Is It Wrong to Try to Pick Up Girls in a Dungeon?;3;2;(Monster) A Single Wing;2020-11-12 11:56:12;1
289882;Is It Wrong to Try to Pick Up Girls in a Dungeon?;3;1;(Wiene) A Dragon Girl;2020-11-09 20:05:12;1
331753;Black Clover;1;150;The Maidens' Challenge;2020-11-07 13:33:15;1
331753;Black Clover;1;149;Two Things We Need to Find;2020-11-03 19:40:49;1
376003;Digimon Adventure: (2020);1;22;The Unbeatable Blue Sagittarius;2020-11-03 19:40:04;1
376003;Digimon Adventure: (2020);1;21;The Tide-Turning Update;2020-10-25 18:43:29;1
376003;Digimon Adventure: (2020);1;20;The Seventh One Awakens;2020-10-25 11:59:03;1
331753;Black Clover;1;148;Becoming the Light That Shines Through the Darkness;2020-10-21 11:17:00;1
385314;Dragon's Dogma;1;7;Pride;2020-10-17 07:02:39;1
385314;Dragon's Dogma;1;6;Lust;2020-10-16 17:32:57;1
385314;Dragon's Dogma;1;5;Greed;2020-10-16 17:15:52;1
385314;Dragon's Dogma;1;4;Sloth;2020-10-16 17:15:49;1
385314;Dragon's Dogma;1;3;Envy;2020-10-15 17:37:10;1
385314;Dragon's Dogma;1;2;Gluttony;2020-10-15 12:26:22;1
385314;Dragon's Dogma;1;1;Wrath;2020-10-15 12:00:57;1
331753;Black Clover;1;147;Prepared to Die;2020-10-14 11:19:24;1
376003;Digimon Adventure: (2020);1;19;Howl, Jyuoken;2020-10-14 10:57:54;1
376003;Digimon Adventure: (2020);1;18;Countdown to Tokyo's Annihilation;2020-10-12 11:43:20;1
378556;The God of High School;1;13;GOD/GOD;2020-10-12 11:21:16;1
331753;Black Clover;1;146;Those Who Worship the Devil;2020-10-12 11:20:57;1
331753;Black Clover;1;145;Rescue;2020-09-30 18:00:23;1
289909;Food Wars!;5;13;Food Wars;2020-09-27 16:47:32;1
376003;Digimon Adventure: (2020);1;17;The Battle in Tokyo Against Orochimon;2020-09-27 16:28:38;1
331753;Black Clover;1;144;Those Who Wish to Destroy Devils;2020-09-23 14:34:14;1
378556;The God of High School;1;12;FOX/GOD;2020-09-22 10:51:01;1
378556;The God of High School;1;11;lay/key;2020-09-20 22:11:17;1
331753;Black Clover;1;143;The Tilted Scale;2020-09-20 21:47:02;1
376003;Digimon Adventure: (2020);1;16;The Jet-Black Shadow Invades Tokyo;2020-09-20 21:46:25;1
289909;Food Wars!;5;12;The Perfect Rocks;2020-09-20 21:14:51;1
376003;Digimon Adventure: (2020);1;15;Zudomon's Iron Hammer of Lightning;2020-09-13 19:38:29;1
289909;Food Wars!;5;11;The Taste of Failure;2020-09-13 19:14:11;1
331753;Black Clover;1;142;Those Remaining;2020-09-08 17:57:45;1
289909;Food Wars!;5;10;Surpassing Dad;2020-09-08 11:22:40;1
378556;The God of High School;1;10;oath/meaning;2020-09-08 10:59:55;1
376003;Digimon Adventure: (2020);1;14;The Kings of the Insects Clash;2020-09-08 10:33:05;1
370761;Dorohedoro;1;12;Memories of School Days / Boy Meets Girl = Battle! / Pinky Swear;2020-09-07 17:01:03;1
370761;Dorohedoro;1;11;The Boss / See You at the Food Stall;2020-09-07 16:37:38;1
370761;Dorohedoro;1;10;Lonely Caiman / Before Nightmare / Manju Terror;2020-09-07 11:19:10;1
370761;Dorohedoro;1;9;Ah, Flower Smoke / Wonderful Meat Pie / Blue Night Day 2 / Blue Night Day 3 / The Strange Mushroom Appears!;2020-09-07 10:56:40;1
370761;Dorohedoro;1;8;A Good Day to Leave / Lalala Monsterman / Splendid & Exuberant / Welcome to Blue Night Land;2020-09-06 17:26:54;1
370761;Dorohedoro;1;7;The All-Star ☆ Dream Game;2020-09-06 17:05:15;1
376003;Digimon Adventure: (2020);1;13;Garudamon of the Crimson Wings;2020-09-04 11:04:55;1
378556;The God of High School;1;9;curse/cornered;2020-09-02 20:46:55;1
331753;Black Clover;1;141;The Golden Family;2020-09-02 20:24:31;1
289909;Food Wars!;5;9;The God Tongue's Despair;2020-09-01 21:15:01;1
289909;Food Wars!;5;8;The Missing Half of the Moon;2020-08-27 10:37:12;1
331753;Black Clover;1;140;A Favor for Julius;2020-08-25 20:15:54;1
378556;The God of High School;1;8;close/friend;2020-08-25 11:03:40;1
376003;Digimon Adventure: (2020);1;12;Lilimon Blooms;2020-08-24 20:59:51;1
385764;High Score : L'âge d'or du gaming;1;6;Level Up;2020-08-24 20:36:39;1
385764;High Score : L'âge d'or du gaming;1;5;Fight!;2020-08-24 20:36:35;1
275274;Rick et Morty;4;5;Rattlestar Ricklactica;2020-08-24 20:35:15;1
275274;Rick et Morty;4;4;Claw and Hoarder: Special Ricktim's Morty;2020-08-24 20:13:40;1
385764;High Score : L'âge d'or du gaming;1;4;This is War;2020-08-23 15:12:19;1
385764;High Score : L'âge d'or du gaming;1;3;Role Players;2020-08-23 15:12:17;1
385764;High Score : L'âge d'or du gaming;1;2;Comeback Kid;2020-08-23 13:39:40;1
385764;High Score : L'âge d'or du gaming;1;1;Boom & Bust;2020-08-23 12:56:30;1
275274;Rick et Morty;4;3;One Crew Over the Crewcoo's Morty;2020-08-20 11:51:30;1
275274;Rick et Morty;4;2;The Old Man and the Seat;2020-08-20 11:31:16;1
275274;Rick et Morty;4;1;Edge of Tomorty: Rick Die Rickpeat;2020-08-20 11:08:13;1
331753;Black Clover;1;139;A Witch's Homecoming;2020-08-20 10:46:01;1
373770;Pokémon - Ailes du Crépuscule;1;7;Sky;2020-08-18 11:04:46;1
376003;Digimon Adventure: (2020);1;11;The Wolf Standing Atop the Desert;2020-08-18 10:55:08;1
378556;The God of High School;1;7;anima/force;2020-08-17 19:36:42;1
289909;Food Wars!;5;7;Crossed Knives;2020-08-17 19:36:40;1
281249;Tokyo Ghoul;3;24;The Final Episode;2020-08-17 19:13:02;1
281249;Tokyo Ghoul;3;23;Act: Encounters;2020-08-17 18:51:39;1
281249;Tokyo Ghoul;3;22;Call: The Far Side of Tragedy;2020-08-17 18:09:33;1
281249;Tokyo Ghoul;3;21;Morse: Remembrances;2020-08-17 18:09:32;1
281249;Tokyo Ghoul;3;20;Incarnation: Awakened Child;2020-08-17 17:39:55;1
281249;Tokyo Ghoul;3;19;Proof: Bonds;2020-08-17 12:10:09;1
281249;Tokyo Ghoul;3;18;Face: Effulgence;2020-08-17 12:09:47;1
281249;Tokyo Ghoul;3;17;Move: Confluence, Confusion;2020-08-16 22:27:57;1
281249;Tokyo Ghoul;3;16;Vive: Those Left Behind;2020-08-16 22:06:04;1
281249;Tokyo Ghoul;3;15;Union: Cross Game;2020-08-16 22:06:01;1
281249;Tokyo Ghoul;3;14;Volt: White Darkness;2020-08-13 21:05:59;1
281249;Tokyo Ghoul;3;13;Place: And So, Once Again;2020-08-13 20:07:24;1
289909;Food Wars!;5;6;A Midsummer Christmas;2020-08-13 19:44:38;1
378556;The God of High School;1;6;fear/SIX;2020-08-13 19:20:59;1
376003;Digimon Adventure: (2020);1;10;The Steel-Solid Super Evolution;2020-08-13 18:58:10;1
331753;Black Clover;1;138;In Zara's Footsteps;2020-08-13 18:36:05;1
353764;Umbrella Academy;2;9;743;2020-08-13 10:53:29;1
353764;Umbrella Academy;2;8;The Seven Stages;2020-08-13 10:53:21;1
353764;Umbrella Academy;2;7;Öga for Öga;2020-08-12 21:49:00;1
353764;Umbrella Academy;2;6;A Light Supper;2020-08-11 11:23:47;1
353764;Umbrella Academy;2;5;Valhalla;2020-08-11 11:23:47;1
353764;Umbrella Academy;2;4;The Majestic 12;2020-08-10 23:24:41;1
353764;Umbrella Academy;2;3;The Swedish Job;2020-08-10 22:39:16;1
353764;Umbrella Academy;2;2;The Frankel Footage;2020-08-10 22:39:14;1
353764;Umbrella Academy;2;1;Right Back Where We Started;2020-08-10 20:18:16;1
284131;The Seven Deadly Sins;3;24;Rampaging Love;2020-08-10 19:28:54;1
284131;The Seven Deadly Sins;3;23;The One Twisted by Darkness;2020-08-10 19:28:51;1
284131;The Seven Deadly Sins;3;22;War-torn Britannia;2020-08-10 18:47:29;1
284131;The Seven Deadly Sins;3;19;The Holy War Accord;2020-08-10 18:27:17;1
284131;The Seven Deadly Sins;3;18;March of the Saints;2020-08-10 18:27:12;1
284131;The Seven Deadly Sins;3;17;Our Choices;2020-08-10 18:27:10;1
284131;The Seven Deadly Sins;3;16;Seven Deadly Sins End;2020-08-10 18:27:08;1
284131;The Seven Deadly Sins;3;15;To Our Captain;2020-08-10 18:27:06;1
284131;The Seven Deadly Sins;3;14;A New Threat;2020-08-09 22:00:10;1
284131;The Seven Deadly Sins;3;13;The Almighty vs. the Greatest Evil;2020-08-09 22:00:08;1
284131;The Seven Deadly Sins;3;12;Love is a Maiden's Power;2020-08-09 21:59:59;1
284131;The Seven Deadly Sins;3;11;The Hateful Cannot Rest;2020-08-09 16:18:37;1
284131;The Seven Deadly Sins;3;10;That Is Our Way of Life;2020-08-09 15:58:32;1
284131;The Seven Deadly Sins;3;9;The Cursed Lovers;2020-08-09 15:38:10;1
284131;The Seven Deadly Sins;3;8;The Doll Seeks Love;2020-08-09 15:38:06;1
284131;The Seven Deadly Sins;3;7;Deadly Sins Unite;2020-08-07 20:03:39;1
284131;The Seven Deadly Sins;3;6;We Call That Love;2020-08-07 19:44:04;1
284131;The Seven Deadly Sins;3;5;Emotional Maelstrom;2020-08-07 19:24:15;1
284131;The Seven Deadly Sins;3;4;The Ten Commandments vs. The Four Archangels;2020-08-07 19:24:12;1
284131;The Seven Deadly Sins;3;3;Those Without Light;2020-08-07 19:24:11;1
284131;The Seven Deadly Sins;3;2;Memories of the Holy War;2020-08-06 11:20:25;1
284131;The Seven Deadly Sins;3;1;The Light That Disperses Darkness;2020-08-06 11:02:10;1
331753;Black Clover;1;137;Charmy's Century of Hunger, Gordon's Millennium of Loneliness;2020-08-05 21:05:57;1
376003;Digimon Adventure: (2020);1;9;The Ultimate Digimon Attacks;2020-08-05 20:42:42;1
378556;The God of High School;1;5;ronde/hound;2020-08-04 11:08:53;1
378556;The God of High School;1;4;marriage/bonds;2020-08-04 10:44:11;1
289909;Food Wars!;5;5;Convenience Store Brawl;2020-08-01 10:21:37;1
331753;Black Clover;1;136;A Black Deep-Sea Story;2020-08-01 09:58:00;1
376003;Digimon Adventure: (2020);1;8;The Children's Attack on the Fortress;2020-07-28 11:22:24;1
289909;Food Wars!;5;4;The Last Supper;2020-07-24 17:51:16;1
376003;Digimon Adventure: (2020);1;7;That Boy is Joe Kido;2020-07-24 11:42:07;1
378556;The God of High School;1;3;wisdom/kingdom;2020-07-24 11:19:26;1
331753;Black Clover;1;135;The One Who Has My Heart, My Mind, and Soul;2020-07-21 21:53:47;1
121361;Game of Thrones;8;55;The Last Watch;2020-07-20 22:54:38;1
289909;Food Wars!;5;3;Les Cuisiniers Noir;2020-07-18 16:07:06;1
331753;Black Clover;1;134;Those Who Have Been Gathered;2020-07-16 17:32:23;1
111371;Noob;10;5;Period;2020-07-13 22:35:23;1
111371;Noob;10;4;Hands Off;2020-07-13 22:21:32;1
378556;The God of High School;1;2;renewal/soul;2020-07-13 22:20:20;1
378556;The God of High School;1;1;set up/stand up;2020-07-13 21:56:23;1
376003;Digimon Adventure: (2020);1;6;The Targeted Kingdom;2020-07-13 21:33:17;1
353712;The Rising of the Shield Hero;1;25;The Rising of the Shield Hero;2020-07-13 21:08:29;1
353712;The Rising of the Shield Hero;1;24;Guardians of Another World;2020-07-13 20:44:29;1
353712;The Rising of the Shield Hero;1;23;Cal Mira Archipelago;2020-07-13 20:18:00;1
353712;The Rising of the Shield Hero;1;22;Four Heroes Council;2020-07-13 19:55:44;1
353712;The Rising of the Shield Hero;1;21;Naofumi's Triumphant Return;2020-07-11 14:48:04;1
353712;The Rising of the Shield Hero;1;20;Battle of Good and Evil;2020-07-11 14:25:00;1
353712;The Rising of the Shield Hero;1;19;The Four Cardinal Heroes;2020-07-11 14:01:30;1
353712;The Rising of the Shield Hero;1;18;A Conspiracy Linked;2020-07-11 13:38:56;1
353712;The Rising of the Shield Hero;1;17;A Promise Made;2020-07-11 13:16:47;1
353712;The Rising of the Shield Hero;1;16;Filolial Queen;2020-07-11 12:54:58;1
353712;The Rising of the Shield Hero;1;15;Raphtalia;2020-07-11 12:32:35;1
353712;The Rising of the Shield Hero;1;14;Everlasting Memory;2020-07-11 12:10:46;1
353712;The Rising of the Shield Hero;1;13;The Devil of the Shield;2020-07-11 11:43:34;1
353712;The Rising of the Shield Hero;1;12;The Raven Invader;2020-07-08 22:47:11;1
331753;Black Clover;1;133;The Lion Awakens, Continued;2020-07-08 12:05:40;1
353712;The Rising of the Shield Hero;1;11;Catastrophe Returns;2020-07-07 17:54:45;1
353712;The Rising of the Shield Hero;1;10;In the Midst of Turmoil;2020-07-07 17:54:42;1
353712;The Rising of the Shield Hero;1;9;Melty;2020-07-05 23:37:10;1
353712;The Rising of the Shield Hero;1;8;Curse Shield;2020-07-05 23:13:54;1
353712;The Rising of the Shield Hero;1;7;The Savior of the Heavenly Fowl;2020-07-05 22:50:47;1
353712;The Rising of the Shield Hero;1;6;A New Comrade;2020-07-05 22:26:44;1
353712;The Rising of the Shield Hero;1;5;Filo;2020-07-05 22:01:00;1
353712;The Rising of the Shield Hero;1;4;Lullaby at Dawn;2020-07-05 21:34:50;1
353712;The Rising of the Shield Hero;1;3;Wave of Catastrophe;2020-07-05 21:12:30;1
353712;The Rising of the Shield Hero;1;2;The Slave Girl;2020-07-05 20:50:28;1
353712;The Rising of the Shield Hero;1;1;The Shield Hero;2020-07-05 20:26:39;1
376003;Digimon Adventure: (2020);1;5;The Holy Digimon;2020-07-05 19:34:53;1
355774;Dr. STONE;1;24;Voices Over Infinite Distance;2020-07-05 18:55:37;1
355774;Dr. STONE;1;23;Wave of Science;2020-07-05 18:30:29;1
355774;Dr. STONE;1;22;THE TREASURE;2020-07-05 18:09:50;1
355774;Dr. STONE;1;21;Spartan Crafts Club;2020-07-05 17:47:21;1
355774;Dr. STONE;1;20;The Age of Energy;2020-07-05 16:34:32;1
355774;Dr. STONE;1;19;To Modernity;2020-07-05 16:12:07;1
355774;Dr. STONE;1;18;STONE WARS;2020-07-05 15:48:35;1
355774;Dr. STONE;1;17;A Hundred Nights and a Thousand Skies;2020-07-05 15:02:53;1
355774;Dr. STONE;1;16;A Tale for the Ages;2020-07-05 14:37:18;1
355774;Dr. STONE;1;15;The Culmination of Two Million Years;2020-07-05 14:14:38;1
355774;Dr. STONE;1;14;MASTER OF FLAME;2020-07-05 13:50:30;1
355774;Dr. STONE;1;13;Masked Warrior;2020-07-05 13:50:26;1
355774;Dr. STONE;1;12;Buddies Back to Back;2020-07-05 13:02:54;1
355774;Dr. STONE;1;11;CLEAR WORLD;2020-07-05 12:40:05;1
355774;Dr. STONE;1;10;A Flimsy Alliance;2020-07-05 12:11:32;1
355774;Dr. STONE;1;9;Let There Be the Light of Science;2020-07-05 01:41:53;1
355774;Dr. STONE;1;8;STONE ROAD;2020-07-05 01:19:10;1
355774;Dr. STONE;1;7;Where Two Million Years Have Gone;2020-07-05 00:56:15;1
355774;Dr. STONE;1;6;Two Nations of the Stone World;2020-07-05 00:33:31;1
355774;Dr. STONE;1;5;STONE WORLD THE BEGINNING;2020-07-05 00:09:14;1
355774;Dr. STONE;1;4;Fire the Smoke Signal;2020-07-04 23:46:33;1
355774;Dr. STONE;1;3;Weapons of Science;2020-07-04 23:23:49;1
355774;Dr. STONE;1;2;KING OF THE STONE WORLD;2020-07-04 23:01:04;1
355774;Dr. STONE;1;1;STONE WORLD;2020-07-04 23:01:00;1
373770;Pokémon - Ailes du Crépuscule;1;6;Moonlight;2020-07-04 22:11:47;1
376003;Digimon Adventure: (2020);1;4;Birdramon Soars;2020-06-30 20:12:51;1
376729;Tower of God;1;13;Tower of God;2020-06-30 18:16:58;1
289744;Yamada-kun and the Seven Witches;1;12;I Love You, Shiraishi!;2020-06-24 11:23:22;1
289744;Yamada-kun and the Seven Witches;1;11;What Did You Do With Shiraishi?!;2020-06-24 11:23:20;1
376729;Tower of God;1;12;Underwater Hunt (Part Two);2020-06-24 10:58:15;1
376729;Tower of God;1;11;Underwater Hunt (Part One);2020-06-24 10:58:13;1
289744;Yamada-kun and the Seven Witches;1;10;Please Go Out With Me!;2020-06-15 20:13:50;1
289744;Yamada-kun and the Seven Witches;1;9;I'll Definitely Change the Future;2020-06-14 19:11:10;1
289744;Yamada-kun and the Seven Witches;1;8;You're So Annoying;2020-06-14 18:44:32;1
289744;Yamada-kun and the Seven Witches;1;7;Anything but Tempura!;2020-06-08 22:15:11;1
289744;Yamada-kun and the Seven Witches;1;6;Respond!;2020-06-08 22:15:10;1
289744;Yamada-kun and the Seven Witches;1;5;You Mustn't Kiss Her, Okay?;2020-06-08 22:15:09;1
289744;Yamada-kun and the Seven Witches;1;4;It Looks Like I've Fallen for Yamada!;2020-06-07 19:09:22;1
289744;Yamada-kun and the Seven Witches;1;3;Will You Accept? Or Won't You?;2020-06-07 15:52:56;1
289744;Yamada-kun and the Seven Witches;1;2;Kiss Me, Okay?;2020-06-07 15:28:43;1
289744;Yamada-kun and the Seven Witches;1;1;I've Turned Into Her!;2020-06-07 15:28:42;1
376729;Tower of God;1;10;Beyond the Sadness;2020-06-07 14:20:20;1
376729;Tower of God;1;9;The One-Horned Ogre;2020-06-07 13:57:17;1
376729;Tower of God;1;8;Khun’s Strategy;2020-06-07 13:57:14;1
376729;Tower of God;1;7;Lunch and Tag;2020-06-07 13:57:11;1
376729;Tower of God;1;6;Position Selection;2020-06-07 12:49:27;1
376729;Tower of God;1;5;The Crown’s Fate;2020-06-07 12:49:23;1
376729;Tower of God;1;4;The Green April;2020-06-07 12:02:50;1
376729;Tower of God;1;3;The Correct Door;2020-06-07 11:40:42;1
376729;Tower of God;1;2;3/400 (Three Four-Hundredths);2020-06-07 11:40:39;1
376729;Tower of God;1;1;BALL;2020-06-06 18:44:52;1
373770;Pokémon - Ailes du Crépuscule;1;5;Assistant;2020-06-06 18:17:02;1
76703;Pokémon;10;17;Wild in the Streets!;2020-06-03 09:42:48;1
76703;Pokémon;10;16;A Gruff Act to Follow!;2020-06-03 09:22:54;1
76703;Pokémon;10;15;Shapes of Things to Come!;2020-06-03 09:00:55;1
76703;Pokémon;10;14;Leave It to Brocko!;2020-06-03 08:40:39;1
76703;Pokémon;10;9;Setting the World on Its Buneary!;2020-06-03 08:11:50;1
76703;Pokémon;10;10;Not on MY Watch Ya Don't!;2020-06-03 08:11:42;1
76703;Pokémon;10;11;Mounting a Coordinator Assault;2020-06-03 08:11:42;1
76703;Pokémon;10;12;Arrival of a Rival!;2020-06-03 08:11:40;1
76703;Pokémon;10;13;A Staravia Is Born!;2020-06-03 08:11:40;1
76703;Pokémon;10;8;Gymbaliar;2020-06-02 05:32:32;1
76703;Pokémon;10;7;Like It or Lup It!;2020-06-02 05:32:31;1
76703;Pokémon;10;6;Different Strokes for Different Blokes!;2020-06-01 15:23:43;1
76703;Pokémon;10;5;Gettin' Twiggy with It!;2020-06-01 15:23:43;1
76703;Pokémon;10;4;Dawn of a New Era!;2020-05-27 13:51:30;1
76703;Pokémon;10;3;When Pokémon Worlds Collide!;2020-05-27 13:19:22;1
76703;Pokémon;10;2;Two Degrees of Separation!;2020-05-27 12:43:01;1
76703;Pokémon;10;1;Following a Maiden's Voyage!;2020-05-27 12:22:10;1
71624;Lilo et Stitch;1;18;Yaarp;2020-05-26 19:47:42;1
71624;Lilo et Stitch;1;17;Elastico;2020-05-26 19:25:35;1
71624;Lilo et Stitch;1;16;Sprout;2020-05-26 19:03:09;1
71624;Lilo et Stitch;1;15;Tank;2020-05-26 18:41:49;1
364093;Star Trek : Picard;1;10;Et in Arcadia Ego (2);2020-05-26 11:15:00;1
364093;Star Trek : Picard;1;9;Et in Arcadia Ego (1);2020-05-26 10:21:31;1
364093;Star Trek : Picard;1;8;Broken Pieces;2020-05-26 00:22:30;1
364093;Star Trek : Picard;1;7;Nepenthe;2020-05-25 22:44:56;1
364093;Star Trek : Picard;1;6;The Impossible Box;2020-05-25 21:50:24;1
364093;Star Trek : Picard;1;5;Stardust City Rag;2020-05-25 20:58:21;1
364093;Star Trek : Picard;1;4;Absolute Candor;2020-05-25 20:58:18;1
364093;Star Trek : Picard;1;3;The End is the Beginning;2020-05-25 20:58:16;1
76703;Pokémon;18;146;Thank You, Alola! The Journey Continues!;2020-05-23 23:26:03;1
76703;Pokémon;2;35;A Tent Situation;2020-05-19 19:33:19;1
76703;Pokémon;2;31;Hello Pummelo;2020-05-19 19:13:27;1
76703;Pokémon;2;30;The Stun Spore Detour;2020-05-19 19:13:26;1
76703;Pokémon;2;29;The Wacky Watcher;2020-05-19 19:13:24;1
76703;Pokémon;2;28;Pokémon Double Trouble;2020-05-19 19:13:23;1
76703;Pokémon;2;32;Enter the Dragonite;2020-05-19 19:13:15;1
76703;Pokémon;2;33;Viva Las Lapras;2020-05-19 19:13:15;1
76703;Pokémon;2;34;The Underground Round-Up;2020-05-19 19:13:13;1
76703;Pokémon;18;145;Dreams of the Sun and Moon!;2020-05-17 22:16:39;1
364093;Star Trek : Picard;1;2;Maps and Legends;2020-05-16 08:48:13;1
364093;Star Trek : Picard;1;1;Remembrance;2020-05-13 21:44:50;1
76703;Pokémon;18;144;From Z to Shining Z!;2020-05-13 20:54:00;1
327417;La casa de papel;2;16;The Paris Plan;2020-05-13 20:29:19;1
327417;La casa de papel;2;15;Strike the Tent;2020-05-13 19:32:12;1
327417;La casa de papel;2;7;A Quick Vacation;2020-05-12 09:34:11;1
327417;La casa de papel;2;1;We're Back;2020-05-12 09:34:11;1
327417;La casa de papel;2;2;Aikido;2020-05-12 09:34:10;1
327417;La casa de papel;2;4;It's Dolphin Time;2020-05-12 09:34:10;1
327417;La casa de papel;2;3;48 Meters Underground;2020-05-12 09:34:10;1
327417;La casa de papel;2;5;Boom, Boom, Ciao;2020-05-12 09:34:09;1
327417;La casa de papel;2;6;Everything Seemed Insignificant;2020-05-12 09:34:09;1
327417;La casa de papel;2;14;TKO;2020-05-11 23:32:45;1
327417;La casa de papel;2;13;5 Minutes Earlier;2020-05-11 22:42:02;1
327417;La casa de papel;2;12;Pasodoble;2020-05-11 22:01:54;1
327417;La casa de papel;2;11;Anatomy Lesson;2020-05-11 21:12:16;1
327417;La casa de papel;2;10;Berlin's Wedding;2020-05-11 20:31:19;1
327417;La casa de papel;2;9;Game Over;2020-05-11 19:48:51;1
78804;Doctor Who (2005);12;10;The Timeless Children (2);2020-05-11 12:48:17;1
78804;Doctor Who (2005);12;9;Ascension of the Cybermen (1);2020-05-11 11:39:30;1
78804;Doctor Who (2005);12;8;The Haunting of Villa Diodati;2020-05-10 23:44:22;1
78804;Doctor Who (2005);12;7;Can You Hear Me?;2020-05-10 22:53:45;1
78804;Doctor Who (2005);12;6;Praxeus;2020-05-10 22:04:24;1
78804;Doctor Who (2005);12;5;Fugitive of the Judoon;2020-05-10 21:13:43;1
78804;Doctor Who (2005);12;4;Nikola Tesla's Night of Terror;2020-05-10 20:23:13;1
78804;Doctor Who (2005);12;3;Orphan 55;2020-05-10 19:23:13;1
78804;Doctor Who (2005);12;2;Spyfall (2);2020-05-10 18:36:12;1
78804;Doctor Who (2005);12;1;Spyfall (1);2020-05-10 17:35:46;1
376003;Digimon Adventure: (2020);1;3;And to the Digital World;2020-05-10 16:15:15;1
376003;Digimon Adventure: (2020);1;2;War Game;2020-05-10 15:52:43;1
376003;Digimon Adventure: (2020);1;1;Tokyo Digital Crisis;2020-05-10 15:29:26;1
289909;Food Wars!;5;2;Preparetory Battle before the BLUE;2020-05-10 15:05:39;1
263725;What The Cut !?;0;0;;2020-05-10 14:46:03;1
289909;Food Wars!;5;1;End of Term Exam;2020-05-10 14:42:43;1
111371;Noob;10;3;Friendly Camping;2020-05-10 10:46:07;1
111371;Noob;10;2;Reroll Farandole;2020-05-10 10:32:53;1
331753;Black Clover;1;132;The Lion Awakens;2020-05-09 12:32:51;1
331753;Black Clover;1;131;A New Resolve;2020-05-09 12:11:07;1
331753;Black Clover;1;130;The New Magic Knight Squad Captains' Meeting;2020-05-09 11:48:14;1
331753;Black Clover;1;129;Devil Megicula;2020-05-09 11:48:11;1
76703;Pokémon;2;27;Pokémon Food Fight;2020-05-06 17:53:03;1
76703;Pokémon;2;26;The Pokémon Water War;2020-05-06 17:53:01;1
76703;Pokémon;2;25;Charizard Chills;2020-05-06 17:53:00;1
76703;Pokémon;2;24;Bound for Trouble;2020-05-06 00:25:20;1
76703;Pokémon;2;23;Misty Meets Her Match;2020-05-06 00:03:54;1
76703;Pokémon;2;22;The Mystery Menace;2020-05-05 23:42:13;1
76703;Pokémon;2;21;Get Along, Little Pokémon;2020-05-05 23:21:34;1
76703;Pokémon;2;20;Wherefore Art Thou, Pokémon?;2020-05-05 22:59:47;1
76703;Pokémon;2;18;A Way-Off Day Off;2020-05-05 22:38:20;1
76703;Pokémon;2;17;Tracey Gets Bugged;2020-05-05 18:32:40;1
76703;Pokémon;2;16;Meowth Rules!;2020-05-05 18:32:38;1
76703;Pokémon;2;15;A Shipful of Shivers;2020-05-05 17:43:11;1
76703;Pokémon;2;14;Snack Attack;2020-05-05 17:43:10;1
76703;Pokémon;2;13;Navel Maneuvers;2020-05-03 22:45:12;1
76703;Pokémon;2;12;The Joy of Pokémon;2020-05-03 22:06:31;1
76703;Pokémon;2;11;Bye Bye Psyduck;2020-05-03 21:44:59;1
76703;Pokémon;2;9;Shell Shock!;2020-05-03 21:22:25;1
76703;Pokémon;2;8;In the Pink;2020-05-03 21:01:01;1
76703;Pokémon;2;7;The Crystal Onix;2020-05-03 20:39:19;1
76703;Pokémon;2;6;Pikachu Re-Volts;2020-05-03 20:16:22;1
76703;Pokémon;2;5;Fit to Be Tide!;2020-05-03 19:54:50;1
76703;Pokémon;2;4;The Lost Lapras;2020-05-03 19:34:02;1
373770;Pokémon - Ailes du Crépuscule;1;4;Early-Evening Waves;2020-05-02 11:09:08;1
373770;Pokémon - Ailes du Crépuscule;1;3;Buddy;2020-05-02 11:03:00;1
373770;Pokémon - Ailes du Crépuscule;1;2;Training;2020-05-02 10:56:31;1
373770;Pokémon - Ailes du Crépuscule;1;1;Letter;2020-05-02 10:44:35;1
76703;Pokémon;2;3;Pokéball Peril;2020-05-01 23:55:32;1
76703;Pokémon;2;2;A Scare in the Air;2020-05-01 23:33:59;1
76703;Pokémon;2;1;Pallet Party Panic;2020-05-01 23:12:57;1
76703;Pokémon;1;81;Friend and Foe Alike;2020-05-01 22:29:27;1
76703;Pokémon;18;143;Fiery Surprises!;2020-05-01 19:21:46;1
76703;Pokémon;18;142;A Full Battle Bounty!;2020-05-01 19:00:39;1
76703;Pokémon;18;141;Exhibition Unmasked!;2020-05-01 18:39:18;1
76703;Pokémon;18;140;Z-Move Showdown!;2020-05-01 18:18:08;1
71624;Lilo et Stitch;1;14;Fibber;2020-05-01 17:55:55;1
71624;Lilo et Stitch;1;13;Swirly;2020-05-01 17:34:48;1
71624;Lilo et Stitch;1;12;Amnesio;2020-05-01 17:34:45;1
71624;Lilo et Stitch;1;11;Splodyhead;2020-04-29 19:13:40;1
71624;Lilo et Stitch;1;10;Kixx;2020-04-29 19:13:37;1
71624;Lilo et Stitch;1;9;Yin-Yang;2020-04-26 19:35:56;1
71624;Lilo et Stitch;1;8;Yapper;2020-04-26 19:13:22;1
71624;Lilo et Stitch;1;7;Cannonball;2020-04-26 18:51:09;1
71624;Lilo et Stitch;1;6;Spooky;2020-04-26 18:28:15;1
71624;Lilo et Stitch;1;5;Holio;2020-04-26 18:28:12;1
71624;Lilo et Stitch;1;4;Mr. Stenchy;2020-04-26 10:53:11;1
71624;Lilo et Stitch;1;3;Clip;2020-04-26 10:31:01;1
71624;Lilo et Stitch;1;2;Phantasmo;2020-04-26 10:08:21;1
71624;Lilo et Stitch;1;1;Richter;2020-04-25 11:23:18;1
76703;Pokémon;1;80;A Friend in Deed;2020-04-20 19:17:11;1
76703;Pokémon;1;79;The Fourth Round Rumble;2020-04-20 18:54:59;1
76703;Pokémon;1;78;Fire and Ice;2020-04-20 18:33:11;1
76703;Pokémon;1;77;Round One - Begin!;2020-04-20 18:12:18;1
76703;Pokémon;1;76;All Fired Up!;2020-04-19 11:07:11;1
76703;Pokémon;1;75;Bad to the Bone;2020-04-19 10:46:15;1
76703;Pokémon;1;74;The Ancient Puzzle of Pokémopolis;2020-04-18 22:52:21;1
76703;Pokémon;1;73;To Master the Onixpected;2020-04-18 22:30:26;1
76703;Pokémon;1;72;Go West Young Meowth;2020-04-18 22:07:12;1
76703;Pokémon;1;71;Lights, Camera, Quack-tion;2020-04-18 21:35:36;1
76703;Pokémon;1;68;The Evolution Solution;2020-04-18 21:14:06;1
76703;Pokémon;1;67;Showdown at the Po-ké Corral;2020-04-18 20:52:54;1
76703;Pokémon;1;66;Snow Way Out;2020-04-18 20:31:02;1
76703;Pokémon;1;65;Holiday Hi-Jynx;2020-04-18 20:09:38;1
76703;Pokémon;1;70;Make Room for Gloom;2020-04-18 19:47:56;1
76703;Pokémon;1;64;It's Mr. Mime Time;2020-04-18 19:27:14;1
76703;Pokémon;1;63;The Battle of the Badge;2020-04-18 19:05:57;1
76703;Pokémon;1;62;Clefairy Tales;2020-04-18 18:43:49;1
76703;Pokémon;1;61;The Misty Mermaid;2020-04-18 18:20:18;1
76703;Pokémon;1;60;Beach Blank-Out Blastoise;2020-04-18 11:07:10;1
76703;Pokémon;1;59;Volcanic Panic;2020-04-18 10:45:27;1
76703;Pokémon;1;58;Riddle Me This;2020-04-17 12:10:30;1
76703;Pokémon;1;53;The Purr-fect Hero;2020-04-17 11:49:52;1
76703;Pokémon;1;52;Princess vs. Princess;2020-04-17 11:24:19;1
76703;Pokémon;1;57;The Breeding Center Secret;2020-04-12 11:11:52;1
76703;Pokémon;1;56;The Ultimate Test;2020-04-11 11:15:26;1
76703;Pokémon;1;55;Pokémon Paparazzi;2020-04-11 10:53:34;1
76703;Pokémon;1;54;The Case of the K-9 Caper!;2020-04-08 21:59:14;1
76703;Pokémon;1;51;Bulbasaur's Mysterious Garden;2020-04-08 21:38:59;1
76703;Pokémon;1;50;Who Gets to Keep Togepi?;2020-04-08 10:59:20;1
76703;Pokémon;1;49;So Near, Yet So Farfetch'd;2020-04-08 10:28:06;1
76703;Pokémon;18;139;Enter the Champion!;2020-04-07 23:31:59;1
76703;Pokémon;18;138;Final Rivals!;2020-04-07 23:10:01;1
76703;Pokémon;18;137;The Wisdom Not to Run!;2020-04-07 22:38:57;1
76703;Pokémon;18;136;Getting Down to The Ire!;2020-04-07 22:14:58;1
76703;Pokémon;18;135;The Final Four!;2020-04-07 21:51:09;1
76703;Pokémon;18;134;The Road to the Semifinals!;2020-04-07 20:37:09;1
76703;Pokémon;18;133;Battling on the Wing!;2020-04-07 18:20:16;1
76703;Pokémon;18;132;Imitation is the Sincerest Form of Strategy!;2020-04-07 12:11:21;1
76703;Pokémon;18;131;The Battlefield of Truth and Love!;2020-04-07 11:39:56;1
76703;Pokémon;18;130;Battling Besties!;2020-04-07 11:17:56;1
76703;Pokémon;18;129;Battle Royal 151!;2020-04-07 11:17:52;1
76703;Pokémon;18;128;League Offenders and Defenders!;2020-04-07 10:07:49;1
76703;Pokémon;18;127;Chasing Memories, Creating Dreams!;2020-04-06 11:31:20;1
76703;Pokémon;18;126;Pikachu's Exciting Adventure!;2020-04-06 11:31:16;1
76703;Pokémon;18;125;A Timeless Encounter!;2020-04-06 11:31:13;1
76703;Pokémon;18;124;Living on the Cutting Edge!;2020-04-05 22:57:00;1
76703;Pokémon;18;123;A Fiery Training Camp Trick!;2020-04-05 22:35:45;1
76703;Pokémon;18;122;Spying for the Big Guy!;2020-04-05 22:14:49;1
76703;Pokémon;18;121;A Recipe for Success!;2020-04-05 21:52:56;1
76703;Pokémon;18;120;The One that Didn't Get Away!;2020-04-05 21:31:28;1
76703;Pokémon;18;119;A High-Speed Awakening!;2020-04-05 19:57:44;1
76703;Pokémon;18;118;Aiming for the Top Floor!;2020-04-05 19:33:41;1
76703;Pokémon;18;117;Drawn with the Wind!;2020-04-05 19:33:38;1
76703;Pokémon;18;116;The Secret Princess!;2020-04-05 19:33:36;1
76703;Pokémon;18;115;The Dealer of Destruction!;2020-04-05 18:29:49;1
76703;Pokémon;18;114;Beauty is Only Crystal Deep!;2020-04-05 11:32:28;1
76703;Pokémon;18;113;This Magik Moment!;2020-04-05 11:32:28;1
76703;Pokémon;18;112;Got Meltan?;2020-04-05 09:56:52;1
76703;Pokémon;18;111;Show Me the Metal!;2020-04-05 00:08:35;1
76703;Pokémon;18;110;Keeping Your Eyes on the Ball!;2020-04-04 23:46:18;1
76703;Pokémon;18;109;A Grand Debut!;2020-04-04 23:25:38;1
76703;Pokémon;18;108;Memories in the Mist!;2020-04-04 23:04:23;1
76703;Pokémon;18;107;Run, Heroes, Run!;2020-04-04 23:04:20;1
76703;Pokémon;18;106;Evolving Research!;2020-04-04 22:21:04;1
76703;Pokémon;18;105;Showdown on Poni Island!;2020-04-04 22:08:32;1
76703;Pokémon;18;104;That's Some Spicy Island Research!;2020-04-04 21:38:27;1
76703;Pokémon;18;103;Heart of Fire! Heart of Stone!;2020-04-04 21:16:51;1
76703;Pokémon;18;102;Alola, Alola!;2020-04-04 20:55:22;1
76703;Pokémon;18;101;Parallel Friendships!;2020-04-04 20:34:53;1
76703;Pokémon;18;100;Battling the Beast Within!;2020-04-04 20:34:50;1
76703;Pokémon;18;99;We Know Where You're Going, Eevee!;2020-04-04 19:01:32;1
76703;Pokémon;18;98;Bright Lights, Big Changes!;2020-04-04 16:25:35;1
76703;Pokémon;18;97;No Stone Unturned!;2020-04-04 15:46:43;1
76703;Pokémon;18;96;Don't Ignore the Small Stufful!;2020-04-04 12:20:59;1
76703;Pokémon;18;95;Sparking Confusion!;2020-04-04 12:20:43;1
76703;Pokémon;18;94;A Haunted House for Everyone!;2020-04-03 09:56:52;1
76703;Pokémon;18;93;Lillier and the Staff!;2020-04-03 09:30:00;1
341663;Titans (2018);2;7;Bruce Wayne;2020-04-01 18:44:47;1
331753;Black Clover;1;128;To the Heart Kingdom!;2020-04-01 11:57:29;1
341663;Titans (2018);2;6;Conner;2020-03-31 11:28:43;1
341663;Titans (2018);2;5;Deathstroke;2020-03-31 10:45:22;1
373679;BOFURI: Je suis pas venue ici pour souffrir alors j'ai tout mis en défense.;1;12;Defense and Bonds;2020-03-26 11:11:07;1
331753;Black Clover;1;127;Clues;2020-03-25 18:28:31;1
341663;Titans (2018);2;4;Aqualad;2020-03-21 12:26:43;1
341663;Titans (2018);2;3;Ghosts;2020-03-20 13:02:43;1
341663;Titans (2018);2;2;Rose;2020-03-20 11:49:52;1
373679;BOFURI: Je suis pas venue ici pour souffrir alors j'ai tout mis en défense.;1;11;Defense and Mighty Foe;2020-03-19 12:46:37;1
373679;BOFURI: Je suis pas venue ici pour souffrir alors j'ai tout mis en défense.;1;10;Defense and Attack;2020-03-19 12:46:36;1
331753;Black Clover;1;125;Return;2020-03-18 11:58:09;1
341663;Titans (2018);2;1;Trigon;2020-03-16 12:42:44;1
373679;BOFURI: Je suis pas venue ici pour souffrir alors j'ai tout mis en défense.;1;9;Defense and Fourth Event;2020-03-09 12:01:37;1
329065;Castlevania;3;10;Abandon All Hope;2020-03-09 00:33:03;1
329065;Castlevania;3;9;The Harvest;2020-03-09 00:06:57;1
329065;Castlevania;3;8;What the Night Brings;2020-03-08 23:43:22;1
329065;Castlevania;3;7;Worse Things Than Betrayal;2020-03-07 18:54:07;1
329065;Castlevania;3;6;The Good Dream;2020-03-07 18:30:45;1
329065;Castlevania;2;4;Broken Mast;2020-03-07 18:07:55;1
329065;Castlevania;3;5;A Seat of Civilisation and Refinement;2020-03-07 18:07:44;1
329065;Castlevania;3;4;I Have a Scheme;2020-03-07 17:20:54;1
329065;Castlevania;3;3;Investigators;2020-03-07 16:41:38;1
329065;Castlevania;3;2;The Reparation of My Heart;2020-03-07 16:41:37;1
329065;Castlevania;3;1;Bless Your Dead Little Hearts;2020-03-07 16:41:34;1
342131;Radiant;2;21;The Future is With You -Eternity-;2020-03-06 17:50:16;1
111371;Noob;10;1;Shonen Spirit;2020-03-06 17:25:20;1
331753;Black Clover;1;124;Nero Reminiscences Part 2;2020-03-06 17:06:28;1
356317;Sex Education;2;7;Episode 7;2020-03-05 12:23:20;1
356317;Sex Education;2;6;Episode 6;2020-03-05 11:34:21;1
356317;Sex Education;2;5;Episode 5;2020-03-03 19:30:45;1
356317;Sex Education;2;4;Episode 4;2020-03-03 19:30:42;1
373679;BOFURI: Je suis pas venue ici pour souffrir alors j'ai tout mis en défense.;1;8;Defense and Third Event;2020-02-28 11:50:53;1
356317;Sex Education;2;3;Episode 3;2020-02-26 15:15:06;1
356317;Sex Education;2;2;Episode 2;2020-02-26 14:27:52;1
356317;Sex Education;2;1;Episode 1;2020-02-26 12:29:00;1
373679;BOFURI: Je suis pas venue ici pour souffrir alors j'ai tout mis en défense.;1;7;Defense and Upgrades;2020-02-26 11:11:34;1
331753;Black Clover;1;123;Nero Reminiscences Part 1;2020-02-25 11:50:27;1
342131;Radiant;2;20;A Bouquet of Flowers for This Land -Fantasia-;2020-02-25 11:26:46;1
331753;Black Clover;1;122;As Pitch Black as It Gets;2020-02-24 18:25:48;1
345944;Diablero;2;6;The Black Key;2020-02-16 20:19:42;1
345944;Diablero;2;5;You Don't Choose Your Family;2020-02-16 20:19:39;1
345944;Diablero;2;4;Coatlicue;2020-02-16 20:19:37;1
345944;Diablero;2;3;Tears of the Devil;2020-02-15 12:48:19;1
342131;Radiant;2;19;I Can't Hear Your Voice -Myrddin-;2020-02-13 12:01:03;1
373679;BOFURI: Je suis pas venue ici pour souffrir alors j'ai tout mis en défense.;1;6;Defense and Reinforcements;2020-02-13 11:33:45;1
345944;Diablero;2;2;The Ahuizotl;2020-02-12 12:39:06;1
345944;Diablero;2;1;Searching for Ventura;2020-02-12 11:58:28;1
342131;Radiant;2;18;The Will of the People Shines Bright -Resistance-;2020-02-11 18:46:41;1
331753;Black Clover;1;121;Three Problems;2020-02-11 17:50:39;1
338947;Les nouvelles aventures de Sabrina;2;8;Chapter Twenty-Eight: Sabrina Is Legend;2020-02-09 21:27:54;1
338947;Les nouvelles aventures de Sabrina;2;7;Chapter Twenty-Seven: The Judas Kiss;2020-02-09 20:28:48;1
338947;Les nouvelles aventures de Sabrina;2;6;Chapter Twenty-Six: All of Them Witches;2020-02-09 19:36:21;1
338947;Les nouvelles aventures de Sabrina;2;5;Chapter Twenty-Five: The Devil Within;2020-02-09 19:36:19;1
338947;Les nouvelles aventures de Sabrina;2;4;Chapter Twenty-Four: The Hare Moon;2020-02-07 12:29:33;1
338947;Les nouvelles aventures de Sabrina;2;3;Chapter Twenty-Three: Heavy Is the Crown;2020-02-07 11:35:25;1
342131;Radiant;2;17;The Black Dragon Descends -Pen Draig-;2020-02-07 11:34:33;1
342131;Radiant;2;16;The Light of Life is Extinguished -Tragedy-;2020-02-06 12:58:50;1
338947;Les nouvelles aventures de Sabrina;2;2;Chapter Twenty-Two: Drag Me to Hell;2020-02-06 12:27:06;1
338947;Les nouvelles aventures de Sabrina;2;1;Chapter Twenty-One: The Hellbound Heart;2020-02-06 12:27:02;1
373679;BOFURI: Je suis pas venue ici pour souffrir alors j'ai tout mis en défense.;1;5;Defense and Spoils of War;2020-02-06 12:26:45;1
331753;Black Clover;1;120;Dawn;2020-02-06 12:00:03;1
373679;BOFURI: Je suis pas venue ici pour souffrir alors j'ai tout mis en défense.;1;4;Defense and Second Event;2020-02-02 21:53:47;1
373679;BOFURI: Je suis pas venue ici pour souffrir alors j'ai tout mis en défense.;1;3;Defense and Reaching Second Level;2020-02-02 21:32:19;1
373679;BOFURI: Je suis pas venue ici pour souffrir alors j'ai tout mis en défense.;1;2;Defense and Friends;2020-02-02 21:09:59;1
289909;Food Wars!;4;12;The New Totsuki Elite Ten;2020-02-02 20:43:41;1
289909;Food Wars!;4;11;Song of Hope;2020-02-02 20:19:50;1
289909;Food Wars!;4;10;How to Build a Specialty;2020-02-02 19:57:09;1
289909;Food Wars!;4;9;The First and Second Seats;2020-02-02 19:05:44;1
289909;Food Wars!;4;8;Watching from Beside You;2020-02-02 18:55:34;1
289909;Food Wars!;4;7;The Two Queens;2020-02-02 18:27:53;1
289909;Food Wars!;4;6;A Single Blade;2020-02-02 17:57:19;1
289909;Food Wars!;4;5;You're Through;2020-02-02 17:34:17;1
289909;Food Wars!;4;4;Aim for Victory!;2020-02-02 17:11:57;1
289909;Food Wars!;4;3;Hope in Solidarity;2020-02-02 16:49:18;1
289909;Food Wars!;4;2;Camera Flash;2020-02-02 16:26:01;1
289909;Food Wars!;4;1;What We Want to Protect;2020-02-02 16:02:16;1
289909;Food Wars!;3;24;That Which Makes One Strong;2020-02-02 15:36:17;1
289909;Food Wars!;3;23;For the Sake of Kyokusei Dorm;2020-02-02 15:15:21;1
289909;Food Wars!;3;22;To the Site of the Final Battle;2020-02-02 14:53:34;1
289909;Food Wars!;3;21;He Who Clears a Path Through the Wilderness;2020-02-02 14:23:49;1
289909;Food Wars!;3;20;Erina's Devotion;2020-02-02 14:01:32;1
289909;Food Wars!;3;19;A Declaration of War;2020-02-02 13:37:51;1
289909;Food Wars!;3;18;For Someone's Sake;2020-02-02 13:13:46;1
289909;Food Wars!;3;17;Walking the Tightrope of Umami;2020-02-02 12:49:00;1
289909;Food Wars!;3;16;Revenge Match;2020-02-01 19:47:04;1
289909;Food Wars!;3;15;Joan of Arc Arises;2020-02-01 19:22:18;1
289909;Food Wars!;3;14;The Totsuki Train Heads Forth;2020-02-01 19:01:11;1
289909;Food Wars!;3;13;Advancement Exam;2020-02-01 18:37:06;1
289909;Food Wars!;3;12;Those Who Strive for the Top;2020-02-01 18:14:10;1
289909;Food Wars!;3;11;Der Weiße Ritter der Tafel;2020-02-01 17:37:42;1
289909;Food Wars!;3;10;Dance of the Salmon;2020-02-01 17:14:42;1
289909;Food Wars!;3;9;Hunting the Stragglers;2020-02-01 16:50:07;1
289909;Food Wars!;3;8;The Alchemist;2020-02-01 12:44:36;1
289909;Food Wars!;3;7;The Academy Falls;2020-02-01 12:17:23;1
289909;Food Wars!;3;6;The Captive Queen;2020-02-01 11:51:36;1
289909;Food Wars!;3;5;The Shadow Over the Dining Table;2020-01-29 16:50:08;1
289909;Food Wars!;3;4;A Pride of Young Lions;2020-01-29 16:25:29;1
289909;Food Wars!;3;3;The Lunar Feast;2020-01-29 16:04:22;1
289909;Food Wars!;3;2;Ma & La;2020-01-29 16:04:19;1
289909;Food Wars!;3;1;Challenging the Ten;2020-01-29 16:04:17;1
373679;BOFURI: Je suis pas venue ici pour souffrir alors j'ai tout mis en défense.;1;1;Defense and First Battle;2020-01-28 18:22:15;1
289909;Food Wars!;2;13;Pomp and Circumstance;2020-01-28 12:47:11;1
289909;Food Wars!;2;12;The Magician Returns;2020-01-28 12:26:15;1
331753;Black Clover;1;119;The Final Attack;2020-01-28 12:03:02;1
289909;Food Wars!;2;11;The Stagiaire;2020-01-28 11:32:03;1
289909;Food Wars!;2;10;A New Jewel;2020-01-28 11:10:09;1
289909;Food Wars!;2;9;The Sword That Announces Fall;2020-01-27 23:40:53;1
289909;Food Wars!;2;8;The Battle That Follows the Seasons;2020-01-27 23:34:55;1
289909;Food Wars!;2;7;Beasts That Devour Each Other;2020-01-27 13:02:49;1
289909;Food Wars!;2;6;Morning Shall Come Again;2020-01-27 13:02:47;1
289909;Food Wars!;2;5;The Secret of the First Bite;2020-01-27 13:02:45;1
289909;Food Wars!;2;4;The Pursuer;2020-01-27 13:02:42;1
289909;Food Wars!;2;3;The Age of Kings;2020-01-26 19:14:39;1
289909;Food Wars!;2;2;Interplay of Light and Shadow;2020-01-26 13:37:05;1
289909;Food Wars!;2;1;That Which Is Placed Within the Box;2020-01-26 13:15:26;1
289909;Food Wars!;1;24;The Warrior's Banquet;2020-01-25 19:24:39;1
289909;Food Wars!;1;23;The Unfolding Individual Competition;2020-01-25 11:50:32;1
289909;Food Wars!;1;22;That Which Transcends the Norm;2020-01-24 12:34:40;1
289909;Food Wars!;1;21;That Which Is Known Yet Unknown;2020-01-24 12:34:38;1
289909;Food Wars!;1;20;Dragon Lies Prone then Ascends to the Sky;2020-01-24 12:34:37;1
289909;Food Wars!;1;19;The Chosen One;2020-01-24 12:34:36;1
289909;Food Wars!;1;18;The Fried Chicken of Youth;2020-01-24 12:34:28;1
289909;Food Wars!;1;17;Sensual Fried Chicken;2020-01-22 22:09:27;1
289909;Food Wars!;1;16;The Cook Who Traveled Thousands of Miles;2020-01-22 21:45:56;1
331753;Black Clover;1;118;A Reunion Across Time and Space;2020-01-21 23:37:48;1
289909;Food Wars!;1;15;The Man Called 'Carnage';2020-01-21 22:39:21;1
289909;Food Wars!;1;14;Metamorphose;2020-01-21 19:14:00;1
289909;Food Wars!;1;13;Eggs Before the Dawn;2020-01-21 12:56:58;1
289909;Food Wars!;1;12;The Memory of a Single Dish;2020-01-21 12:35:19;1
289909;Food Wars!;1;11;The Magician That Came From the East;2020-01-21 12:35:14;1
289909;Food Wars!;1;10;The Supreme Recette;2020-01-20 13:06:41;1
289909;Food Wars!;1;9;The Breading that Showcases the Mountains;2020-01-20 12:30:19;1
289909;Food Wars!;1;8;A Concerto of Concept and Creation;2020-01-20 12:08:49;1
289909;Food Wars!;1;7;The Silent Bowl, The Eloquent Bowl;2020-01-20 11:46:22;1
289909;Food Wars!;1;6;The Meat Agressor;2020-01-19 20:06:42;1
289909;Food Wars!;1;5;The Ice Queen and the Spring Storm;2020-01-19 19:39:04;1
289909;Food Wars!;1;4;Sacred Mother of Kyokusei;2020-01-19 19:15:09;1
289909;Food Wars!;1;3;That Chef Doesn't Smile;2020-01-19 18:52:20;1
289909;Food Wars!;1;2;God Tongue;2020-01-19 18:28:08;1
342131;Radiant;2;15;Led to the Abyss by a Melody of Death -Harmonizium-;2020-01-19 12:05:58;1
289909;Food Wars!;1;1;The Vast Wasteland;2020-01-15 11:39:56;1
331753;Black Clover;1;117;Breaking the Seal;2020-01-14 12:54:15;1
342131;Radiant;2;14;The Final Battlefield -Battlefield-;2020-01-12 18:41:02;1
342131;Radiant;2;13;Your Decision -Knighthood-;2020-01-10 11:55:45;1
342131;Radiant;2;12;The Truth Is Like a Curse -Ocoho-;2020-01-09 23:18:54;1
342131;Radiant;2;11;Now, Feel the World -Resonance-;2020-01-09 22:55:57;1
362696;The Witcher;1;1;The End's Beginning;2020-01-08 12:45:05;1
331753;Black Clover;1;116;The Ultimate Natural Enemy;2020-01-08 00:03:28;1
76703;Pokémon;18;92;Turning the Other Mask!;2020-01-07 23:08:54;1
76703;Pokémon;18;91;A Plethora of Pikachu!;2020-01-07 22:47:48;1
76703;Pokémon;18;90;Securing the Future!;2020-01-07 22:27:05;1
76703;Pokémon;18;89;The Prism Between Light and Darkness!;2020-01-07 22:05:12;1
76703;Pokémon;18;88;Full Moon and Many Arms!;2020-01-07 21:46:34;1
76703;Pokémon;18;87;Filling the Light with Darkness!;2020-01-07 21:24:28;1
76703;Pokémon;18;86;I Choose Paradise!;2020-01-07 21:03:05;1
76703;Pokémon;18;85;The Long Vault Home!;2020-01-07 21:03:02;1
76703;Pokémon;18;84;The Shape of Love to Come!;2020-01-07 12:14:33;1
76703;Pokémon;18;83;Dummy, You Shrunk the Kids!;2020-01-07 11:54:16;1
76703;Pokémon;18;82;All They Want to Do is Dance Dance!;2020-01-07 11:33:53;1
76703;Pokémon;18;81;A Young Royal Flame Ignites!	;2020-01-07 00:46:21;1
76703;Pokémon;18;80;Not Caving Under Pressure!;2020-01-07 00:26:16;1
76703;Pokémon;18;79;Showering the World with Love!;2020-01-07 00:05:22;1
76703;Pokémon;18;78;Twirling with a Bang!;2020-01-06 23:45:03;1
76703;Pokémon;18;77;Guiding an Awakening!;2020-01-06 23:10:00;1
76703;Pokémon;18;76;A Battle Hand-Off!;2020-01-06 22:49:13;1
76703;Pokémon;18;75;Some Kind of Laziness!;2020-01-06 22:49:09;1
76703;Pokémon;18;74;Tough Guy Trials!;2020-01-06 22:08:01;1
76703;Pokémon;18;73;Why Not Give Me a Z-Ring Sometime?;2020-01-06 22:07:58;1
76703;Pokémon;18;72;Sours for the Sweet!;2020-01-06 21:26:04;1
76703;Pokémon;18;71;Dewpider Ascending!;2020-01-06 21:05:15;1
76703;Pokémon;18;70;The Young Flame Strikes Back!;2020-01-06 20:44:10;1
76703;Pokémon;18;69;Rise and Shine, Starship!;2020-01-06 20:23:34;1
76703;Pokémon;18;68;Real Life...Inquire Within!;2020-01-06 20:03:07;1
76703;Pokémon;18;67;Love at First Twirl!;2020-01-06 12:47:47;1
76703;Pokémon;18;66;Smashing with Sketch!;2020-01-06 12:25:36;1
76703;Pokémon;18;65;Turning Heads and Training Hard!;2020-01-06 12:05:27;1
76703;Pokémon;18;64;Ash and Passimian! Touchdown of Friendship!!;2020-01-06 12:05:12;1
76703;Pokémon;18;63;Pushing the Fiery Envelope!;2020-01-06 11:45:37;1
76703;Pokémon;18;62;Acting True to Form!;2020-01-06 01:35:40;1
76703;Pokémon;18;61;A Mission of Ultra Urgency!;2020-01-06 01:15:18;1
76703;Pokémon;18;60;Getting a Jump on the Competition!;2020-01-06 01:15:15;1
76703;Pokémon;18;59;Tasting the Bitter with the Sweet!;2020-01-06 00:08:54;1
76703;Pokémon;18;58;Fighting Back The Tears!;2020-01-05 23:46:57;1
76703;Pokémon;18;57;The Dex Can't Help It!;2020-01-05 23:26:35;1
76703;Pokémon;18;56;Let Sleeping Pokémon Lie!;2020-01-05 23:06:01;1
76703;Pokémon;18;55;The Professors' New Adventure!;2020-01-05 22:44:30;1
76703;Pokémon;18;54;10,000,000 Reasons to Fight!;2020-01-05 22:23:56;1
76703;Pokémon;18;53;Rescuing the Unwilling!;2020-01-05 22:03:30;1
76703;Pokémon;18;52;Revealing the Stuff of Legend!;2020-01-05 21:42:57;1
76703;Pokémon;18;51;Family Determination!;2020-01-05 21:22:26;1
76703;Pokémon;18;50;Faba's Revenge!;2020-01-05 21:02:34;1
76703;Pokémon;18;49;Mission: Total Recall!;2020-01-05 20:40:49;1
76703;Pokémon;18;48;Night of a Thousand Poses!;2020-01-05 20:20:36;1
76703;Pokémon;18;47;A Masked Warning!;2020-01-05 20:00:15;1
76703;Pokémon;18;46;Deceiving Appearances!;2020-01-05 20:00:04;1
76703;Pokémon;18;45;Now You See Them, Now You Don't!;2020-01-05 19:19:01;1
76703;Pokémon;18;44;A Dream Encounter!;2020-01-05 12:02:19;1
76703;Pokémon;18;43;When Regions Collide!;2020-01-05 02:46:42;1
76703;Pokémon;18;42;Alola, Kanto!;2020-01-05 02:25:49;1
76703;Pokémon;18;41;Mounting an Electrifying Charge!;2020-01-05 02:07:21;1
76703;Pokémon;18;40;Balloons, Brionne, and Belligerence!;2020-01-05 02:07:17;1
76703;Pokémon;18;39;Mallow and the Forest Teacher!;2020-01-05 01:24:23;1
76703;Pokémon;18;38;Mimikyu Unmasked!;2020-01-05 01:03:36;1
76703;Pokémon;18;37;Rising from the Ruins!;2020-01-05 00:43:29;1
76703;Pokémon;18;36;Trials and Determinations!;2020-01-04 12:23:57;1
76703;Pokémon;18;35;Currying Favor and Flavor!;2020-01-03 12:39:04;1
76703;Pokémon;18;34;A Crowning Moment of Truth!;2020-01-03 12:16:35;1
76703;Pokémon;18;33;Big Sky, Small Fry!;2020-01-03 11:56:06;1
76703;Pokémon;18;32;Treasure Hunt, Akala Style!;2020-01-03 11:35:50;1
76703;Pokémon;18;31;The Island Whisperer!;2020-01-03 01:48:22;1
76703;Pokémon;18;30;The Ol' Raise and Switch!;2020-01-03 01:27:50;1
76703;Pokémon;18;29;Lulled to La-La Land!;2020-01-03 01:07:31;1
76703;Pokémon;18;28;Pulling out the Pokémon Base Pepper!;2020-01-03 00:46:33;1
76703;Pokémon;18;27;A Glaring Rivalry!;2020-01-03 00:26:30;1
76703;Pokémon;18;26;So Long, Sophocles!;2020-01-02 19:18:18;1
76703;Pokémon;18;25;A Team-on-Team Tussle!;2020-01-02 19:18:16;1
76703;Pokémon;18;24;Alolan Open House!;2020-01-02 02:12:37;1
76703;Pokémon;18;23;Getting the Band Back Together!;2020-01-02 01:52:12;1
76703;Pokémon;18;22;A Shivering Shovel Search!;2020-01-02 01:31:48;1
76703;Pokémon;18;21;One Journey Ends, Another Begins...;2020-01-02 01:10:44;1
76703;Pokémon;18;20;Partner Promises!;2020-01-02 00:49:46;1
76703;Pokémon;18;19;A Guardian Rematch;2020-01-02 00:29:19;1
76703;Pokémon;18;18;A Seasoned Search!;2020-01-02 00:09:06;1
76703;Pokémon;18;17;Crystal-Clear Sleuthing;2020-01-02 00:03:02;1
76703;Pokémon;18;16;They Might Not Be Giants;2020-01-01 04:11:44;1
76703;Pokémon;18;15;Rocking Clawmark Hill;2020-01-01 03:47:21;1
76703;Pokémon;18;14;Getting to Know You!;2019-12-31 19:01:00;1
76703;Pokémon;18;13;Racing to a Big Event;2019-12-31 18:40:38;1
76703;Pokémon;18;12;The Sun, the Scare, the Secret Lair!;2019-12-31 18:18:33;1
76703;Pokémon;18;11;Young Kiawe Had a Farm!;2019-12-31 17:58:11;1
76703;Pokémon;18;10;Trial and Tribulation!;2019-12-31 02:50:09;1
76703;Pokémon;18;9;To Top a Totem!;2019-12-31 02:31:15;1
76703;Pokémon;18;8;Lillie's Egg-xhilarating Challenge!;2019-12-31 02:09:48;1
76703;Pokémon;18;7;That's Why the Litten is a Scamp!;2019-12-31 02:09:45;1
76703;Pokémon;18;6;A Shocking Grocery Run!;2019-12-31 01:28:34;1
76703;Pokémon;18;5;Yo, Ho, Ho! Go, Popplio!;2019-12-31 01:07:51;1
76703;Pokémon;18;4;First Catch in Alola, Ketchum-style!;2019-12-28 18:07:07;1
76703;Pokémon;18;3;Loading the Dex!;2019-12-28 17:46:36;1
331753;Black Clover;1;115;Mastermind;2019-12-26 19:53:43;1
76703;Pokémon;18;2;The Guardian's Challenge!;2019-12-24 13:29:50;1
76703;Pokémon;18;1;Alola to New Adventure!;2019-12-24 13:29:48;1
331753;Black Clover;1;114;The Final Invaders;2019-12-19 12:35:27;1
331753;Black Clover;1;113;Storming the Shadow Palace;2019-12-10 12:43:09;1
342131;Radiant;2;10;The Qualifications of a Knight -Quality-;2019-12-08 12:49:03;1
342131;Radiant;2;9;The Palace of Schemes -Palace-;2019-12-08 12:26:40;1
342131;Radiant;2;8;Seth in the Forest of Time -Caillte-;2019-12-05 12:08:55;1
331753;Black Clover;1;112;Humans Who Can Be Trusted;2019-12-05 11:44:12;1
342131;Radiant;2;7;The Spectre Battle -Spectre-;2019-12-05 11:44:11;1
342131;Radiant;2;6;His Name Is -Diabal-;2019-11-28 12:18:55;1
342131;Radiant;2;5;Silent Rain, Distant Hearts -Rain-;2019-11-28 11:51:53;1
331753;Black Clover;1;111;The Eyes in the Mirror;2019-11-26 23:14:14;1
342131;Radiant;2;4;The Bringer of Calamity -Dullahan-;2019-11-26 22:51:45;1
342131;Radiant;2;3;The City of Knights -Caislean Merlin-;2019-11-25 12:01:40;1
342131;Radiant;2;2;An Encounter in the Rain -Mist-;2019-11-24 11:47:19;1
342131;Radiant;2;1;Toward a New Adventure -Overture-;2019-11-24 11:47:16;1
350123;Le Prince des dragons;3;9;The Final Battle;2019-11-23 01:54:43;1
350123;Le Prince des dragons;3;8;Dragonguard;2019-11-23 01:24:25;1
350123;Le Prince des dragons;3;7;Hearts of Cinder;2019-11-23 01:00:57;1
350123;Le Prince des dragons;3;6;Thunderfall;2019-11-23 00:36:21;1
350123;Le Prince des dragons;3;5;Heroes and Masterminds;2019-11-23 00:10:58;1
350123;Le Prince des dragons;3;4;The Midnight Desert;2019-11-23 00:10:55;1
331753;Black Clover;1;110;The Raging Bull Joins the Showdown!!;2019-11-22 23:24:46;1
350123;Le Prince des dragons;3;3;Ghost;2019-11-22 23:24:35;1
350123;Le Prince des dragons;3;2;The Crown;2019-11-22 23:01:45;1
350123;Le Prince des dragons;3;1;Sol Regem;2019-11-22 22:38:45;1
331753;Black Clover;1;109;Spatial Mage Brothers;2019-11-18 11:37:15;1
289882;Is It Wrong to Try to Pick Up Girls in a Dungeon?;2;12;(Song of Love) Goddess and Child;2019-11-11 18:54:49;1
331431;Big Mouth;3;11;Super Mouth;2019-11-09 19:23:27;1
331431;Big Mouth;3;10;Disclosure the Movie: The Musical!;2019-11-09 18:45:11;1
331431;Big Mouth;3;9;The ASSes;2019-11-09 18:45:09;1
331431;Big Mouth;3;8;Rankings;2019-11-09 18:45:05;1
331753;Black Clover;1;108;Battlefield Dancer;2019-11-05 12:00:45;1
331753;Black Clover;1;107;The Battle for Clover Castle;2019-11-05 11:39:50;1
331431;Big Mouth;3;7;Duke;2019-10-29 13:49:33;1
331431;Big Mouth;3;6;How to Have an Orgasm;2019-10-23 10:58:46;1
331753;Black Clover;1;106;Path of Revenge, Path of Atonement;2019-10-23 10:58:42;1
331431;Big Mouth;3;5;Florida;2019-10-22 11:33:22;1
331431;Big Mouth;3;4;Obsessed;2019-10-22 11:33:19;1
331431;Big Mouth;3;3;Cellsea;2019-10-21 22:09:23;1
331753;Black Clover;1;105;Smiles, Tears;2019-10-21 22:08:29;1
331431;Big Mouth;3;2;Girls Are Angry Too;2019-10-19 16:57:03;1
331753;Black Clover;1;104;Lightning of Rage vs. Friends;2019-10-11 18:34:05;1
331753;Black Clover;1;103;Release from Misfortune;2019-10-11 18:11:24;1
340234;Désenchantée;1;20;Tiabeanie Falls;2019-10-10 22:11:27;1
340234;Désenchantée;1;19;The Electric Princess;2019-10-10 21:45:27;1
340234;Désenchantée;1;18;In Her Own Write;2019-10-06 21:59:02;1
340234;Désenchantée;1;17;Love's Slimy Embrace;2019-10-06 21:26:43;1
340234;Désenchantée;1;16;The Dreamland Job;2019-10-06 21:05:00;1
340234;Désenchantée;1;15;Our Bodies, Our Elves;2019-10-06 20:44:51;1
340234;Désenchantée;1;14;The Lonely Heart Is a Hunter;2019-10-06 20:15:20;1
340234;Désenchantée;1;13;The Very Thing;2019-10-06 19:49:50;1
340234;Désenchantée;1;12;Stairway to Hell;2019-10-06 19:26:02;1
289882;Is It Wrong to Try to Pick Up Girls in a Dungeon?;2;11;(Rakia) Army's Advance;2019-09-30 21:12:49;1
331753;Black Clover;1;102;Two Miracles;2019-09-29 21:18:38;1
340234;Désenchantée;1;11;The Disenchantress;2019-09-23 19:25:42;1
315164;Keijo!!!!!!!!;1;12;The Heated Battle's Rear-End!!!!;2019-09-23 11:35:31;1
315164;Keijo!!!!!!!!;1;11;The Castle of the Final Match!!!!;2019-09-23 11:13:05;1
315164;Keijo!!!!!!!!;1;10;The Second East-West War Race!!!!;2019-09-23 10:51:04;1
315164;Keijo!!!!!!!!;1;9;Ruler of the Jungle Gym!!!!;2019-09-23 10:50:59;1
315164;Keijo!!!!!!!!;1;8;The Dramatic East-West War!!!!;2019-09-19 18:26:49;1
315164;Keijo!!!!!!!!;1;7;Where the Turnips Lead!!!!;2019-09-19 18:01:13;1
315164;Keijo!!!!!!!!;1;6;Alluring Kyoto Camp!!!!;2019-09-19 17:38:08;1
315164;Keijo!!!!!!!!;1;5;Full-Auto Cerberus!!!!;2019-09-19 11:39:08;1
315164;Keijo!!!!!!!!;1;4;The Battle for the Fastest Butt!!!!;2019-09-19 11:39:07;1
315164;Keijo!!!!!!!!;1;3;Vacuum Butt Cannon!!!!;2019-09-19 10:52:18;1
315164;Keijo!!!!!!!!;1;2;The Hip Toss Brings Us Together!!!!;2019-09-18 22:00:14;1
315164;Keijo!!!!!!!!;1;1;Setouchi Keijo Training School!!!!;2019-09-18 21:37:36;1
342131;Radiant;1;21;In Search of the Future -Utopia-;2019-09-18 12:01:42;1
342131;Radiant;1;20;Omen -Sign-;2019-09-18 11:39:55;1
342131;Radiant;1;19;The World That You Changed -Relief-;2019-09-18 11:18:06;1
342131;Radiant;1;18;The Light That Follows the Darkness -Awakening-;2019-09-18 10:54:11;1
342131;Radiant;1;17;To Stop the Sound of the Wind -Serenade-;2019-09-18 10:31:28;1
342131;Radiant;1;16;Fly High and Pierce Through the Storm -Rising-;2019-09-18 10:31:19;1
331753;Black Clover;1;101;The Lives of the Village in the Sticks;2019-09-17 11:21:40;1
342131;Radiant;1;15;With Fists Like Shooting Stars -Burst-;2019-09-17 10:42:15;1
342131;Radiant;1;14;The Bell Tolls the Sound of Destruction -Catastrophe-;2019-09-16 21:38:20;1
342131;Radiant;1;13;Overture of Turbulence -Storm-;2019-09-16 21:38:17;1
342131;Radiant;1;12;The Shadow Lurking in the City -Darkness-;2019-09-16 20:06:06;1
342131;Radiant;1;11;The City That Roars Like Thunder -Rumble Town-;2019-09-16 20:05:59;1
342131;Radiant;1;10;Broom of Memories -Memory-;2019-09-16 20:05:56;1
289882;Is It Wrong to Try to Pick Up Girls in a Dungeon?;2;10;(Argonaut) Longing to Be a Hero;2019-09-15 11:53:46;1
289882;Is It Wrong to Try to Pick Up Girls in a Dungeon?;2;9;(Barbera) War Prostitutes;2019-09-15 11:32:57;1
331753;Black Clover;1;100;We Won't Lose to You;2019-09-11 11:50:55;1
342131;Radiant;1;9;Those Who Hunt Heretics -Inquisition-;2019-09-10 16:29:13;1
342131;Radiant;1;8;Proof of Strength -Progress-;2019-09-10 16:29:05;1
342131;Radiant;1;7;The Sewer Dweller -Monster-;2019-09-10 16:29:00;1
342131;Radiant;1;6;Drops of Friendship -Melie-;2019-09-09 11:08:41;1
342131;Radiant;1;5;A Paradise of Wisdom and Hope -Artemis-;2019-09-09 10:45:58;1
289882;Is It Wrong to Try to Pick Up Girls in a Dungeon?;2;8;(Ephemeral Dreams) Killing Stone;2019-09-08 11:39:01;1
342131;Radiant;1;4;A Meeting in the Sky -Encounter-;2019-09-07 17:28:13;1
342131;Radiant;1;3;Day of Departure -Alma-;2019-09-07 17:04:56;1
342131;Radiant;1;2;True Courage -Bravery-;2019-09-07 16:43:36;1
342131;Radiant;1;1;The Young Sorcerer -Seth-;2019-09-04 21:26:42;1
331753;Black Clover;1;99;The Desperate Path Toward Survival;2019-09-04 21:03:32;1
331753;Black Clover;1;98;The Sleeping Lion;2019-09-04 20:05:54;1
331753;Black Clover;1;97;Overwhelming Disadvantage;2019-09-04 19:44:20;1
331753;Black Clover;1;96;The Black Bulls Captain vs. the Crimson Wild Rose;2019-09-04 11:55:43;1
331753;Black Clover;1;95;Reincarnation;2019-09-04 11:37:47;1
331753;Black Clover;1;94;New Future;2019-09-04 11:14:47;1
331753;Black Clover;1;93;Julius Novachrono;2019-09-04 11:14:43;1
331753;Black Clover;1;92;The Wizard King vs. The Leader of the Eye of the Midnight Sun;2019-09-04 11:14:42;1
331753;Black Clover;1;91;Mereoleona vs. Raia the Disloyal;2019-09-04 11:14:40;1
331753;Black Clover;1;90;Crazy Magic Battle;2019-09-04 11:14:39;1
331753;Black Clover;1;89;The Black Bulls' Hideout;2019-09-03 11:55:23;1
331753;Black Clover;1;88;Storming the Eye of the Midnight Sun's Hideout!!!;2019-09-03 11:35:12;1
331753;Black Clover;1;87;Formation of the Royal Knights;2019-09-03 11:15:14;1
331753;Black Clover;1;86;Yami and Vangeance;2019-09-03 10:54:59;1
331753;Black Clover;1;85;Together in the Bath;2019-09-03 10:33:54;1
331753;Black Clover;1;84;The Victors;2019-09-03 10:33:52;1
331753;Black Clover;1;83;Burn It into You;2019-09-02 12:08:59;1
331753;Black Clover;1;82;Clover Clips: The Nightmarish Charmy Special!;2019-09-02 12:08:57;1
331753;Black Clover;1;81;The Life of a Certain Man;2019-09-02 11:17:41;1
331753;Black Clover;1;80;Special Little Brother vs. Failed Big Brother;2019-09-02 11:08:06;1
331753;Black Clover;1;79;Mister Delinquent vs. Muscle Brains;2019-09-02 11:08:04;1
331753;Black Clover;1;78;Peasant Trap;2019-09-02 10:28:35;1
289882;Is It Wrong to Try to Pick Up Girls in a Dungeon?;2;7;(Renard) Fox Person;2019-08-30 23:37:27;1
331753;Black Clover;1;77;Bad Blood;2019-08-25 21:15:05;1
331753;Black Clover;1;76;Mage X;2019-08-25 20:52:19;1
331753;Black Clover;1;75;Fierce Battle;2019-08-25 20:30:52;1
331753;Black Clover;1;74;Flower of Resolution;2019-08-25 20:30:50;1
331753;Black Clover;1;73;The Royal Knights Selection Test;2019-08-21 11:57:39;1
331753;Black Clover;1;72;St. Elmo's Fire;2019-08-21 11:38:09;1
331753;Black Clover;1;71;The Uncrowned, Undefeated Lioness;2019-08-21 11:18:27;1
331753;Black Clover;1;70;Two New Stars;2019-08-21 10:58:33;1
331753;Black Clover;1;69;The Briar Maiden's Melancholy;2019-08-21 10:37:40;1
331753;Black Clover;1;68;Battle to the Death?! Yami vs. Jack;2019-08-21 10:16:35;1
331753;Black Clover;1;67;A Fun Festival Double Date;2019-08-20 19:52:12;1
331753;Black Clover;1;66;The Secret of the Eye of the Midnight Sun;2019-08-20 19:27:40;1
331753;Black Clover;1;65;I'm Home;2019-08-20 19:07:52;1
331753;Black Clover;1;64;The Red Thread of Fate;2019-08-19 12:00:46;1
331753;Black Clover;1;63;Not in the Slightest;2019-08-19 12:00:35;1
331753;Black Clover;1;62;Bettering One Another;2019-08-19 11:28:33;1
331753;Black Clover;1;61;The Promised World;2019-08-19 10:53:27;1
331753;Black Clover;1;60;Defectors' Atonement;2019-08-19 10:34:03;1
331753;Black Clover;1;59;Flames of Hatred;2019-08-19 10:34:00;1
331753;Black Clover;1;58;The Battlefield Decision;2019-08-17 22:14:06;1
331753;Black Clover;1;57;Infiltration;2019-08-17 22:14:05;1
331753;Black Clover;1;56;The Man Named Fanzell, Continued;2019-08-17 21:32:14;1
331753;Black Clover;1;55;The Man Named Fanzell;2019-08-17 21:32:13;1
331753;Black Clover;1;54;Never Again;2019-08-17 21:32:07;1
331753;Black Clover;1;53;Behind the Mask;2019-08-17 21:32:05;1
331753;Black Clover;1;52;Whoever's Strongest Wins;2019-08-17 19:44:37;1
289882;Is It Wrong to Try to Pick Up Girls in a Dungeon?;2;6;(Ishtar Familia) City of Lust;2019-08-16 17:24:02;1
331753;Black Clover;1;51;Proof of Rightness;2019-08-15 21:55:27;1
331753;Black Clover;1;50;End of the Battle, End of Despair;2019-08-15 21:55:16;1
331753;Black Clover;1;49;Beyond Limits;2019-08-15 21:04:00;1
331753;Black Clover;1;48;Despair vs. Hope;2019-08-15 20:44:08;1
331753;Black Clover;1;47;The Only Weapon;2019-08-15 20:44:07;1
331753;Black Clover;1;46;Awakening;2019-08-15 20:02:31;1
331753;Black Clover;1;45;The Guy Who Doesn't Know When to Quit;2019-08-15 19:41:26;1
331753;Black Clover;1;44;The Pointlessly Direct Fireball and the Wild Lightning;2019-08-15 19:22:28;1
331753;Black Clover;1;43;Temple Battle Royale;2019-08-15 19:22:26;1
331753;Black Clover;1;42;The Underwater Temple;2019-08-15 18:40:25;1
331753;Black Clover;1;41;The Water Girl Grows Up;2019-08-15 18:19:27;1
331753;Black Clover;1;40;A Black Beach Story;2019-08-15 17:56:03;1
331753;Black Clover;1;39;Three-Leaf Salute;2019-08-15 11:59:34;1
331753;Black Clover;1;38;The Magic Knights Captain Conference;2019-08-15 11:40:34;1
331753;Black Clover;1;37;The One With No Magic;2019-08-15 11:16:37;1
331753;Black Clover;1;36;Three Eyes;2019-08-15 10:55:21;1
331753;Black Clover;1;35;The Light of Judgment;2019-08-15 10:33:55;1
331753;Black Clover;1;34;Light Magic vs. Dark Magic;2019-08-15 10:33:51;1
331753;Black Clover;1;33;To Help Somebody Someday;2019-08-15 10:33:50;1
331753;Black Clover;1;32;Three-Leaf Sprouts;2019-08-14 17:47:38;1
331753;Black Clover;1;31;Pursuit Over the Snow;2019-08-14 17:28:19;1
331753;Black Clover;1;30;The Mirror Mage;2019-08-14 17:06:14;1
331753;Black Clover;1;29;Path;2019-08-14 16:44:54;1
331753;Black Clover;1;28;The One I've Set My Heart On;2019-08-13 21:34:49;1
331753;Black Clover;1;27;Light;2019-08-13 21:13:54;1
331753;Black Clover;1;26;Wounded Beasts;2019-08-13 21:13:51;1
331753;Black Clover;1;25;Adversity;2019-08-13 20:37:30;1
331753;Black Clover;1;24;Blackout;2019-08-13 20:16:42;1
331753;Black Clover;1;23;The King of the Crimson Lions;2019-08-13 19:56:25;1
331753;Black Clover;1;22;Wild Magic Dance;2019-08-13 19:33:37;1
331753;Black Clover;1;21;Capital Riot;2019-08-13 19:11:11;1
331753;Black Clover;1;20;Assembly at the Royal Capital;2019-08-13 18:52:06;1
331753;Black Clover;1;19;Destruction and Salvation;2019-08-13 18:29:13;1
331753;Black Clover;1;18;Memories of You;2019-08-13 18:09:37;1
331753;Black Clover;1;17;Destroyer;2019-08-13 17:51:03;1
331753;Black Clover;1;16;Friends;2019-08-13 11:51:48;1
331753;Black Clover;1;15;The Diamond Mage;2019-08-13 11:51:45;1
331753;Black Clover;1;14;Dungeon;2019-08-13 11:31:35;1
331753;Black Clover;1;13;The Wizard King Saw, Continued!;2019-08-13 10:44:41;1
331753;Black Clover;1;12;The Wizard King Saw;2019-08-13 10:44:34;1
331753;Black Clover;1;11;What Happened on a Certain Day in the Castle Town;2019-08-12 11:34:33;1
331753;Black Clover;1;10;Guardians;2019-08-11 17:45:55;1
331753;Black Clover;1;9;Beasts;2019-08-11 17:25:28;1
331753;Black Clover;1;8;Go! Go! My First Mission;2019-08-11 15:19:27;1
331753;Black Clover;1;7;Another New Member;2019-08-11 14:57:34;1
331753;Black Clover;1;6;The Black Bulls;2019-08-11 14:57:10;1
331753;Black Clover;1;5;The Road to the Wizard King;2019-08-11 09:47:30;1
331753;Black Clover;1;4;The Magic Knights Entrance Exam;2019-08-11 09:25:36;1
331753;Black Clover;1;3;To the Royal Capital!;2019-08-11 09:01:34;1
331753;Black Clover;1;2;A Young Man's Vow;2019-08-10 18:38:56;1
331753;Black Clover;1;1;Asta and Yuno;2019-08-10 18:38:51;1
289882;Is It Wrong to Try to Pick Up Girls in a Dungeon?;2;5;(Home) The Hearthfire Mansion;2019-08-10 10:42:06;1
318950;Akashic Records of Bastard Magic Instructor;1;12;Finding One's Own Place;2019-08-09 11:17:30;1
318950;Akashic Records of Bastard Magic Instructor;1;11;Face Off! The Magic Corps Battle;2019-08-09 10:55:55;1
318950;Akashic Records of Bastard Magic Instructor;1;10;Gold Digger!?;2019-08-09 10:32:23;1
318950;Akashic Records of Bastard Magic Instructor;1;9;The Reason to Live;2019-08-09 10:32:20;1
318950;Akashic Records of Bastard Magic Instructor;1;8;The Fool and the Star;2019-08-09 10:32:18;1
318950;Akashic Records of Bastard Magic Instructor;1;7;The Sea of Falling Stars;2019-08-06 20:23:09;1
318950;Akashic Records of Bastard Magic Instructor;1;6;The Evil Being;2019-08-06 11:39:26;1
318950;Akashic Records of Bastard Magic Instructor;1;5;The Queen and the Princess;2019-08-06 11:39:24;1
318950;Akashic Records of Bastard Magic Instructor;1;4;The Magic Competition;2019-08-06 11:39:22;1
318950;Akashic Records of Bastard Magic Instructor;1;3;The Fool and Death;2019-08-06 11:39:20;1
318950;Akashic Records of Bastard Magic Instructor;1;2;Just the Slightest Bit of Motivation;2019-08-06 11:39:19;1
318950;Akashic Records of Bastard Magic Instructor;1;1;The Unmotivated Bastard;2019-08-06 11:39:16;1
327572;Gambling School;2;12;The Zero Girl;2019-08-03 23:13:43;1
327572;Gambling School;2;11;The X Girl;2019-08-03 22:52:12;1
327572;Gambling School;2;10;The Logical Girl;2019-08-03 19:42:47;1
327572;Gambling School;2;9;The Adjacent Girl;2019-08-03 19:19:14;1
289882;Is It Wrong to Try to Pick Up Girls in a Dungeon?;2;4;(War Game) War Game;2019-08-03 16:17:02;1
289882;Is It Wrong to Try to Pick Up Girls in a Dungeon?;2;3;(Conversion) Gathering;2019-08-03 15:54:56;1
80379;The Big Bang Theory;12;18;The Laureate Accumulation;2019-07-22 10:39:15;1
289882;Is It Wrong to Try to Pick Up Girls in a Dungeon?;2;2;(Apollo) Sun God;2019-07-21 23:30:06;1
289882;Is It Wrong to Try to Pick Up Girls in a Dungeon?;2;1;(Party) Banquet of the Gods;2019-07-21 23:07:53;1
359569;Good Omens;1;3;Hard Times;2019-07-21 18:18:27;1
327417;La casa de papel;2;8;Astray;2019-07-20 10:37:38;1
327417;La casa de papel;2;0;A Quick Vacation;2019-07-20 09:30:39;1
327417;La casa de papel;2;0;Everything Seemed Insignificant;2019-07-20 08:03:47;1
327417;La casa de papel;2;0;The Red Boxes;2019-07-20 07:20:29;1
327417;La casa de papel;2;0;Boom, Boom, Ciao;2019-07-19 15:36:34;1
327417;La casa de papel;2;0;48 Meters Underground;2019-07-19 14:35:27;1
327417;La casa de papel;2;0;Aikido;2019-07-19 13:45:49;1
327417;La casa de papel;2;0;We're Back;2019-07-19 09:06:48;1
359569;Good Omens;1;2;The Book;2019-07-17 11:56:37;1
359569;Good Omens;1;1;In the Beginning;2019-07-17 11:02:06;1
305288;Stranger Things;3;8;Chapter Eight: The Battle of Starcourt;2019-07-16 20:03:18;1
305288;Stranger Things;3;7;Chapter Seven: The Bite;2019-07-16 18:51:55;1
305288;Stranger Things;3;6;Chapter Six: E Pluribus Unum;2019-07-16 18:00:57;1
305288;Stranger Things;3;5;Chapter Five: The Flayed;2019-07-16 11:52:27;1
305288;Stranger Things;3;4;Chapter Four: The Sauna Test;2019-07-16 11:03:27;1
305288;Stranger Things;3;3;Chapter Three: The Case of the Missing Lifeguard;2019-07-15 11:59:05;1
305288;Stranger Things;3;2;Chapter Two: The Mall Rats;2019-07-15 11:03:46;1
305288;Stranger Things;3;1;Chapter One: Suzie, Do You Copy?;2019-07-15 11:03:44;1
111371;Noob;9;20;The Red Line;2019-07-13 09:31:54;1
267440;L'Attaque des Titans;3;22;The Other Side of the Wall;2019-07-08 11:15:27;1
295685;Lucifer;4;10;Who's da New King of Hell?;2019-07-07 20:23:08;1
295685;Lucifer;4;9;Save Lucifer;2019-07-07 19:25:32;1
295685;Lucifer;4;8;Super Bad Boyfriend;2019-07-07 18:34:12;1
295685;Lucifer;4;7;Devil Is as Devil Does;2019-07-07 17:41:48;1
295685;Lucifer;4;6;Orgy Pants to Work;2019-07-06 10:17:51;1
295685;Lucifer;4;5;Expire Erect;2019-07-05 16:18:03;1
295685;Lucifer;4;4;All About Eve;2019-07-05 16:17:37;1
295685;Lucifer;4;3;O, Ye of Little Faith, Father;2019-07-05 16:17:34;1
295685;Lucifer;4;2;Somebody's Been Reading Dante's Inferno;2019-07-05 09:46:52;1
295685;Lucifer;4;1;Everything's Okay;2019-07-05 08:58:41;1
295685;Lucifer;3;26;Once Upon a Time;2019-07-02 22:08:04;1
295685;Lucifer;3;25;Boo Normal;2019-07-02 21:24:51;1
295685;Lucifer;3;24;A Devil of My Word;2019-07-02 20:41:44;1
295685;Lucifer;3;23;Quintessential Deckerstar;2019-07-02 19:59:18;1
295685;Lucifer;3;22;All Hands on Decker;2019-07-02 19:59:16;1
295685;Lucifer;3;21;Anything Pierce Can Do I Can Do Better;2019-07-02 19:59:14;1
295685;Lucifer;3;20;The Angel of San Bernardino;2019-07-01 09:00:07;1
295685;Lucifer;3;19;Orange Is the New Maze;2019-07-01 09:00:07;1
295685;Lucifer;3;18;The Last Heartbreak;2019-06-29 21:59:20;1
295685;Lucifer;3;17;Let Pinhead Sing!;2019-06-28 12:04:59;1
295685;Lucifer;3;16;Infernal Guinea Pig;2019-06-28 11:19:18;1
295685;Lucifer;3;15;High School Poppycock;2019-06-25 15:29:16;1
295685;Lucifer;3;14;My Brother's Keeper;2019-06-25 14:47:06;1
295685;Lucifer;3;13;Til Death Do Us Part;2019-06-25 13:57:38;1
295685;Lucifer;3;12;All About Her;2019-06-25 12:57:02;1
295685;Lucifer;3;11;City of Angels?;2019-06-25 12:03:27;1
295685;Lucifer;3;10;The Sin Bin;2019-06-25 11:00:58;1
295685;Lucifer;3;9;The Sinnerman;2019-06-25 11:00:53;1
295685;Lucifer;3;8;Chloe Does Lucifer;2019-06-25 09:31:15;1
295685;Lucifer;3;7;Off the Record;2019-06-24 22:15:02;1
295685;Lucifer;3;6;Vegas with Some Radish;2019-06-24 21:31:31;1
295685;Lucifer;3;5;Welcome Back, Charlotte Richards;2019-06-24 20:48:36;1
295685;Lucifer;3;4;What Would Lucifer Do?;2019-06-24 19:53:51;1
295685;Lucifer;3;3;Mr. and Mrs. Mazikeen Smith;2019-06-24 19:17:09;1
295685;Lucifer;3;2;The One with the Baby Carrot;2019-06-24 19:17:07;1
295685;Lucifer;3;1;They're Back, Aren't They?;2019-06-24 16:49:54;1
267440;L'Attaque des Titans;3;21;Attack Titan;2019-06-24 11:45:20;1
295685;Lucifer;2;18;The Good, the Bad and the Crispy;2019-06-20 13:21:21;1
295685;Lucifer;2;17;Sympathy for the Goddess;2019-06-19 21:40:16;1
295685;Lucifer;2;16;God Johnson;2019-06-19 17:56:52;1
295685;Lucifer;2;15;Deceptive Little Parasite;2019-06-19 17:36:38;1
295685;Lucifer;1;1;Pilot;2019-06-18 11:46:19;1
295685;Lucifer;2;14;Candy Morningstar;2019-06-18 11:46:01;1
295685;Lucifer;2;13;A Good Day to Die;2019-06-18 11:03:36;1
267440;L'Attaque des Titans;3;20;That Day;2019-06-17 11:22:58;1
295685;Lucifer;2;12;Love Handles;2019-06-16 22:09:46;1
295685;Lucifer;2;11;Stewardess Interruptus;2019-06-16 21:26:11;1
295685;Lucifer;2;10;Quid Pro Ho;2019-06-16 20:19:20;1
295685;Lucifer;2;9;Homewrecker;2019-06-16 19:54:16;1
295685;Lucifer;2;8;Trip to Stabby Town;2019-06-16 18:51:04;1
295685;Lucifer;2;7;My Little Monkey;2019-06-16 18:08:44;1
295685;Lucifer;2;6;Monster;2019-06-16 17:25:39;1
295685;Lucifer;2;5;Weaponizer;2019-06-16 13:44:35;1
295685;Lucifer;2;4;Lady Parts;2019-06-16 13:00:52;1
295685;Lucifer;2;3;Sin-Eater;2019-06-13 17:28:30;1
295685;Lucifer;2;2;Liar, Liar, Slutty Dress on Fire;2019-06-13 16:42:25;1
267440;L'Attaque des Titans;3;19;The Basement;2019-06-11 18:08:39;1
295685;Lucifer;2;1;Everything's Coming Up Lucifer;2019-06-10 10:12:01;1
295685;Lucifer;1;13;Take Me Back to Hell;2019-06-09 21:45:24;1
295685;Lucifer;1;12;#TeamLucifer;2019-06-08 19:40:16;1
295685;Lucifer;1;11;St. Lucifer;2019-06-08 18:57:27;1
295685;Lucifer;1;10;Pops;2019-06-08 18:12:31;1
295685;Lucifer;1;9;A Priest Walks Into a Bar;2019-06-08 17:30:06;1
95011;Modern Family;10;22;A Year of Birthdays;2019-06-08 10:31:16;1
267440;L'Attaque des Titans;3;18;Midnight Sun;2019-06-05 10:33:09;1
111371;Noob;9;19;The Instigator;2019-06-03 15:17:51;1
295685;Lucifer;1;8;Et Tu, Doctor?;2019-06-03 10:59:26;1
295685;Lucifer;1;7;Wingman;2019-06-01 21:39:48;1
295685;Lucifer;1;6;Favorite Son;2019-05-30 18:37:33;1
295685;Lucifer;1;5;Sweet Kicks;2019-05-30 17:55:28;1
295685;Lucifer;1;4;Manly Whatnots;2019-05-28 21:19:00;1
295685;Lucifer;1;3;The Would-Be Prince of Darkness;2019-05-28 20:36:06;1
295685;Lucifer;1;2;Lucifer, Stay. Good Devil.;2019-05-28 20:02:05;1
267440;L'Attaque des Titans;3;17;Hero;2019-05-27 11:14:09;1
267440;L'Attaque des Titans;3;16;Perfect Game;2019-05-27 11:00:29;1
344643;BONDiNG;1;7;Into the Woods;2019-05-26 19:39:36;1
344643;BONDiNG;1;6;Penguins;2019-05-26 19:27:10;1
344643;BONDiNG;1;5;Double Date;2019-05-26 19:13:59;1
344643;BONDiNG;1;4;Let's Get Physical;2019-05-26 18:41:15;1
344643;BONDiNG;1;3;The Past Is Not Always Behind;2019-05-26 18:26:21;1
344643;BONDiNG;1;2;Pete Shy;2019-05-26 18:02:54;1
344643;BONDiNG;1;1;Old Friends, New Names;2019-05-26 17:44:49;1
321285;Boruto - Naruto Next Generations;1;39;The Path Lit by the Full Moon;2019-05-23 21:26:33;1
321285;Boruto - Naruto Next Generations;1;38;Formation of the Three Man Squad?;2019-05-23 21:06:02;1
321285;Boruto - Naruto Next Generations;1;37;A Shinobi's Resolve!;2019-05-23 16:21:25;1
321285;Boruto - Naruto Next Generations;1;36;The Graduation Exam Begins!;2019-05-23 10:42:31;1
321285;Boruto - Naruto Next Generations;1;35;The Parent Teacher Conference!;2019-05-22 21:50:25;1
321285;Boruto - Naruto Next Generations;1;34;The Night of the Shooting Stars;2019-05-22 21:50:23;1
321285;Boruto - Naruto Next Generations;1;33;The Super Beast Scroll Slump!!;2019-05-22 21:50:21;1
321285;Boruto - Naruto Next Generations;1;32;The Quest for Souvenirs!;2019-05-22 21:50:19;1
321285;Boruto - Naruto Next Generations;1;31;Boruto and Kagura;2019-05-22 21:50:17;1
321285;Boruto - Naruto Next Generations;1;30;The Sharingan vs. The Lighting Blade, Kiba the Fang!;2019-05-22 21:50:16;1
121361;Game of Thrones;8;6;The Iron Throne;2019-05-22 21:50:13;1
321285;Boruto - Naruto Next Generations;1;29;The New Seven Ninja Swordsmen!!;2019-05-20 11:05:10;1
321285;Boruto - Naruto Next Generations;1;28;A Declaration of War;2019-05-20 11:05:09;1
321285;Boruto - Naruto Next Generations;1;27;A Shinobi Battle of Friendship;2019-05-20 11:04:56;1
121361;Game of Thrones;8;5;The Bells;2019-05-13 18:33:58;1
267440;L'Attaque des Titans;3;15;Descent;2019-05-13 17:03:16;1
267440;L'Attaque des Titans;3;14;Thunder Spears;2019-05-13 17:03:04;1
321285;Boruto - Naruto Next Generations;1;26;The Mizukage's Successor;2019-05-12 21:44:04;1
321285;Boruto - Naruto Next Generations;1;25;The Turbulent Field Trip!!;2019-05-11 19:25:56;1
321285;Boruto - Naruto Next Generations;1;24;Boruto and Sarada;2019-05-11 19:25:52;1
321285;Boruto - Naruto Next Generations;1;23;Bonds Come in All Shapes;2019-05-11 19:03:21;1
321285;Boruto - Naruto Next Generations;1;22;Connected Feelings;2019-05-09 11:22:12;1
321285;Boruto - Naruto Next Generations;1;21;Sasuke and Sarada;2019-05-09 11:22:08;1
321285;Boruto - Naruto Next Generations;1;20;The Boy with the Sharingan;2019-05-09 10:39:29;1
321285;Boruto - Naruto Next Generations;1;19;Sarada Uchiha;2019-05-08 23:02:38;1
321285;Boruto - Naruto Next Generations;1;18;A Day in the Life of the Uzumaki Family;2019-05-08 22:42:04;1
321285;Boruto - Naruto Next Generations;1;17;Run, Sarada!;2019-05-08 22:42:02;1
321285;Boruto - Naruto Next Generations;1;16;Crisis: The Threat of Failing!;2019-05-08 22:42:00;1
321285;Boruto - Naruto Next Generations;1;15;A New Path;2019-05-08 22:41:59;1
121361;Game of Thrones;8;4;The Last of the Starks;2019-05-06 22:05:51;1
321285;Boruto - Naruto Next Generations;1;14;The Path That Boruto Can See;2019-05-05 22:01:17;1
321285;Boruto - Naruto Next Generations;1;13;The Demon Beast Appears!;2019-05-05 21:40:14;1
321285;Boruto - Naruto Next Generations;1;12;Boruto and Mitsuki;2019-05-05 21:17:29;1
321285;Boruto - Naruto Next Generations;1;11;The Shadow of the Mastermind;2019-05-05 20:57:36;1
321285;Boruto - Naruto Next Generations;1;10;The Ghost Incident: The Investigation Begins!;2019-05-05 19:51:02;1
321285;Boruto - Naruto Next Generations;1;9;Proof of Oneself;2019-05-05 19:29:38;1
321285;Boruto - Naruto Next Generations;1;8;The Dream's Revelation!;2019-05-05 19:04:47;1
321285;Boruto - Naruto Next Generations;1;7;Love and Potato Chips!;2019-05-05 18:42:17;1
321285;Boruto - Naruto Next Generations;1;6;The Final Lesson!;2019-05-05 18:19:49;1
321285;Boruto - Naruto Next Generations;1;5;The Mysterious Transfer Student!;2019-05-05 17:55:32;1
321285;Boruto - Naruto Next Generations;1;4;A Ninjutsu Battle of the Sexes!;2019-05-05 17:34:12;1
321285;Boruto - Naruto Next Generations;1;3;Metal Lee Goes Wild!;2019-05-05 11:36:09;1
321285;Boruto - Naruto Next Generations;1;2;The Hokage's Son!;2019-05-05 11:18:39;1
321285;Boruto - Naruto Next Generations;1;1;Boruto Uzumaki!;2019-05-05 10:54:38;1
95011;Modern Family;10;21;Commencement;2019-05-04 20:06:11;1
95011;Modern Family;10;20;Can't Elope;2019-05-04 19:44:43;1
95011;Modern Family;10;19;Yes-Woman;2019-05-04 18:17:48;1
278155;No Game No Life;1;12;Rule Number 10;2019-05-01 21:52:00;1
278155;No Game No Life;1;11;Killing Giant;2019-05-01 21:30:10;1
278155;No Game No Life;1;10;Blue Rose;2019-05-01 21:07:53;1
278155;No Game No Life;1;9;Sky Walk;2019-05-01 21:07:48;1
278155;No Game No Life;1;8;Fake End;2019-05-01 19:53:22;1
278155;No Game No Life;1;7;Sacrifice;2019-05-01 19:32:03;1
278155;No Game No Life;1;6;Interesting;2019-05-01 19:09:46;1
278155;No Game No Life;1;5;Weak Square;2019-05-01 18:46:21;1
278155;No Game No Life;1;4;Grandmaster;2019-05-01 18:27:19;1
278155;No Game No Life;1;3;Expert;2019-05-01 18:01:02;1
278155;No Game No Life;1;2;Challenger;2019-04-30 18:15:57;1
278155;No Game No Life;1;1;Beginner;2019-04-29 21:43:36;1
111371;Noob;9;18;A Stylish Style;2019-04-29 21:17:05;1
252471;Guilty Crown;1;22;Convergence;2019-04-29 21:08:45;1
252471;Guilty Crown;1;21;Emergence;2019-04-29 20:46:32;1
252471;Guilty Crown;1;20;A Diary;2019-04-29 20:26:54;1
267440;L'Attaque des Titans;3;13;The Town Where Everything Began;2019-04-29 20:26:50;1
121361;Game of Thrones;8;3;The Long Night;2019-04-29 11:31:14;1
252471;Guilty Crown;1;19;Rebirth;2019-04-28 22:00:31;1
252471;Guilty Crown;1;18;Dear...;2019-04-28 21:40:11;1
252471;Guilty Crown;1;17;Exodus;2019-04-28 21:20:02;1
252471;Guilty Crown;1;16;The Tyrant;2019-04-28 20:58:09;1
252471;Guilty Crown;1;15;Sacrifice;2019-04-28 20:38:02;1
252471;Guilty Crown;1;14;Election;2019-04-28 10:26:28;1
252471;Guilty Crown;1;13;Isolation;2019-04-26 22:33:08;1
252471;Guilty Crown;1;12;The Lost Christmas;2019-04-26 22:08:23;1
252471;Guilty Crown;1;11;Resonance;2019-04-26 21:46:16;1
252471;Guilty Crown;1;10;Retraction;2019-04-26 21:26:01;1
252471;Guilty Crown;1;9;Prey;2019-04-26 21:04:38;1
252471;Guilty Crown;1;8;Courtship Behavior;2019-04-26 19:02:29;1
252471;Guilty Crown;1;7;Temptation;2019-04-26 18:41:19;1
252471;Guilty Crown;1;6;Leukocytes;2019-04-26 11:24:00;1
252471;Guilty Crown;1;5;A Preparation;2019-04-26 11:02:55;1
252471;Guilty Crown;1;4;Flux;2019-04-25 22:22:57;1
252471;Guilty Crown;1;3;Void-Sampling;2019-04-25 22:02:05;1
252471;Guilty Crown;1;2;Survival of the Fittest;2019-04-25 21:41:28;1
252471;Guilty Crown;1;1;Genesis;2019-04-25 21:19:39;1
248035;Blue Exorcist;2;12;Candid and Open;2019-04-23 22:05:41;1
248035;Blue Exorcist;2;11;Shine Bright as the Sun;2019-04-23 21:43:34;1
248035;Blue Exorcist;2;10;Unbowed and Unbroken;2019-04-23 21:20:06;1
248035;Blue Exorcist;2;9;Through Thick and Thin;2019-04-23 20:58:33;1
248035;Blue Exorcist;2;8;From Father to Son;2019-04-23 17:31:08;1
121361;Game of Thrones;8;2;A Knight of the Seven Kingdoms;2019-04-22 21:20:33;1
248035;Blue Exorcist;2;7;Like a Fire Burning Bright;2019-04-21 22:50:50;1
248035;Blue Exorcist;2;6;A Wolf in Sheep's Clothing;2019-04-21 22:50:49;1
248035;Blue Exorcist;2;5;Mysterious Connections;2019-04-21 22:50:45;1
248035;Blue Exorcist;2;4;Act of Treachery;2019-04-21 22:50:43;1
328711;Star Trek : Discovery;2;14;Such Sweet Sorrow (2);2019-04-21 21:18:20;1
338947;Les nouvelles aventures de Sabrina;1;20;Chapter Twenty: The Mephisto Waltz;2019-04-16 21:41:30;1
338947;Les nouvelles aventures de Sabrina;1;19;Chapter Nineteen: The Mandrake;2019-04-16 20:40:57;1
121361;Game of Thrones;8;1;Winterfell;2019-04-15 11:38:00;1
338947;Les nouvelles aventures de Sabrina;1;18;Chapter Eighteen: The Miracles of Sabrina Spellman;2019-04-14 22:14:12;1
338947;Les nouvelles aventures de Sabrina;1;17;Chapter Seventeen: The Missionaries;2019-04-14 21:19:30;1
338947;Les nouvelles aventures de Sabrina;1;16;Chapter Sixteen: Blackwood;2019-04-14 21:19:19;1
328711;Star Trek : Discovery;2;13;Such Sweet Sorrow (1);2019-04-13 15:38:52;1
111371;Noob;9;17;Cooldown;2019-04-12 17:38:09;1
248035;Blue Exorcist;2;3;Suspicion Will Raise Bogies;2019-04-09 20:09:48;1
248035;Blue Exorcist;2;2;Strange Bedfellows;2019-04-08 18:51:29;1
338947;Les nouvelles aventures de Sabrina;1;15;Chapter Fifteen: Doctor Cerberus' House of Horror;2019-04-07 22:03:42;1
338947;Les nouvelles aventures de Sabrina;1;14;Chapter Fourteen: Lupercalia;2019-04-07 20:53:31;1
338947;Les nouvelles aventures de Sabrina;1;13;Chapter Thirteen: The Passion of Sabrina Spellman;2019-04-07 20:53:29;1
338947;Les nouvelles aventures de Sabrina;1;12;Chapter Twelve: The Epiphany;2019-04-07 18:31:27;1
248035;Blue Exorcist;2;1;Small Beginnings;2019-04-07 13:08:47;1
248035;Blue Exorcist;1;25;Stop, Time!;2019-04-07 10:57:50;1
248035;Blue Exorcist;1;24;Satan's Spawn;2019-04-07 10:57:48;1
248035;Blue Exorcist;1;23;Truth;2019-04-06 17:15:21;1
248035;Blue Exorcist;1;22;Demon Hunting;2019-04-06 16:51:58;1
248035;Blue Exorcist;1;21;Secret Garden;2019-04-06 16:28:38;1
248035;Blue Exorcist;1;20;Mask;2019-04-06 16:28:36;1
248035;Blue Exorcist;1;19;An Ordinary Day;2019-04-05 21:17:38;1
248035;Blue Exorcist;1;18;Gale;2019-04-05 21:17:31;1
248035;Blue Exorcist;1;17;Temptation;2019-04-05 21:17:28;1
328711;Star Trek : Discovery;2;12;Through the Valley of Shadows;2019-04-05 18:45:31;1
248035;Blue Exorcist;1;16;The Wager;2019-04-02 20:58:26;1
248035;Blue Exorcist;1;15;Act of Kindness;2019-04-02 20:58:24;1
248035;Blue Exorcist;1;14;A Fun Camping Trip;2019-04-02 20:12:19;1
248035;Blue Exorcist;1;13;Proof;2019-04-01 21:28:40;1
248035;Blue Exorcist;1;12;A Game of Tag;2019-04-01 21:04:21;1
248035;Blue Exorcist;1;11;Demon of the Deep Seas;2019-04-01 20:38:31;1
248035;Blue Exorcist;1;10;Black Cat;2019-04-01 20:17:28;1
248035;Blue Exorcist;1;9;Memories;2019-03-31 22:19:08;1
248035;Blue Exorcist;1;8;Now a Certain Man was Sick;2019-03-31 21:53:27;1
248035;Blue Exorcist;1;7;A Flock of Plovers;2019-03-31 21:31:09;1
248035;Blue Exorcist;1;6;The Phantom Chef;2019-03-31 21:06:04;1
248035;Blue Exorcist;1;5;A Boy from the Cursed Temple;2019-03-31 10:35:35;1
248035;Blue Exorcist;1;4;The Garden of Amahara;2019-03-31 00:03:24;1
248035;Blue Exorcist;1;3;Brothers;2019-03-30 23:39:20;1
248035;Blue Exorcist;1;2;Gehenna Gate;2019-03-30 23:17:18;1
248035;Blue Exorcist;1;1;The Devil Resides in Human Souls;2019-03-30 19:57:16;1
328711;Star Trek : Discovery;2;11;Perpetual Infinity;2019-03-30 12:17:57;1
95011;Modern Family;10;18;Stand By Your Man;2019-03-26 19:21:11;1
95011;Modern Family;10;17;The Wild;2019-03-24 11:27:45;1
80379;The Big Bang Theory;12;17;The Conference Valuation;2019-03-23 18:59:52;1
328711;Star Trek : Discovery;2;10;The Red Angel;2019-03-22 18:23:17;1
336924;You;1;1;Pilot;2019-03-19 20:43:44;1
319531;Lastman;1;26;This is the Last Time I'm Going to Ask You Nicely;2019-03-19 19:46:18;1
319531;Lastman;1;25;I'm Sorry;2019-03-19 19:34:21;1
319531;Lastman;1;24;Hang in There and Don't Die;2019-03-19 19:23:13;1
319531;Lastman;1;23;Don't Ever Let Him Touch You;2019-03-19 19:11:44;1
319531;Lastman;1;22;Your Hermit Crab Looks Like One Nasty Dude;2019-03-19 19:00:24;1
319531;Lastman;1;21;Oh No.;2019-03-19 18:49:32;1
319531;Lastman;1;20;Could You Pass Me the Mustard?;2019-03-19 18:49:30;1
319531;Lastman;1;19;Stay Tuned to Pax News;2019-03-19 18:26:17;1
319531;Lastman;1;18;Action!;2019-03-18 22:05:12;1
319531;Lastman;1;17;Family Is Always Complicated;2019-03-18 21:53:32;1
319531;Lastman;1;16;Parameters My Ass;2019-03-18 21:41:49;1
319531;Lastman;1;15;I Am the Passenger;2019-03-18 21:30:40;1
319531;Lastman;1;14;Go On. Sing Something for Us.;2019-03-18 21:19:26;1
319531;Lastman;1;13;You’re Cute, Aldana;2019-03-17 20:36:07;1
319531;Lastman;1;12;Why Is This Guy Hitting Me?;2019-03-17 20:36:05;1
319531;Lastman;1;11;Watch Out When It Starts Flickering;2019-03-17 20:36:02;1
319531;Lastman;1;10;Did We Have An Appointment?;2019-03-17 20:36:01;1
319531;Lastman;1;9;Yellow Brain;2019-03-17 20:36:00;1
319531;Lastman;1;8;We Will Dismember You;2019-03-16 21:23:10;1
319531;Lastman;1;7;You Speak Like a Man of Honor;2019-03-16 21:23:09;1
319531;Lastman;1;6;The Teeth, the Teeth, the Teeth;2019-03-16 21:04:49;1
319531;Lastman;1;5;Squares Inside of Squares;2019-03-16 21:04:46;1
319531;Lastman;1;4;Get Outta My Mom;2019-03-16 11:56:45;1
319531;Lastman;1;3;I Have a Thing for Mustaches;2019-03-16 09:28:09;1
319531;Lastman;1;2;You’re Just Saying That ‘Cause I Have a Grenade;2019-03-16 09:16:19;1
319531;Lastman;1;1;You’re An Asshole, Aldana;2019-03-15 23:01:15;1
328711;Star Trek : Discovery;2;9;Project Daedalus;2019-03-15 15:38:45;1
359675;The Order;1;10;Finals (2);2019-03-15 13:42:07;1
359675;The Order;1;9;Finals (1);2019-03-15 13:42:04;1
359675;The Order;1;8;Undeclared (2);2019-03-15 00:29:29;1
359675;The Order;1;7;Undeclared (1);2019-03-14 23:47:10;1
359675;The Order;1;6;Homecoming (2);2019-03-14 15:52:12;1
359675;The Order;1;5;Homecoming (1);2019-03-14 15:07:21;1
359675;The Order;1;4;Introduction to Ethics (2);2019-03-14 13:01:12;1
359675;The Order;1;3;Introduction to Ethics (1);2019-03-14 12:21:04;1
359675;The Order;1;2;Hell Week (2);2019-03-14 11:33:28;1
359675;The Order;1;1;Hell Week (1);2019-03-14 10:49:47;1
341663;Titans (2018);1;11;Dick Grayson;2019-03-13 13:35:32;1
341663;Titans (2018);1;10;Koriand'r;2019-03-13 12:55:05;1
341663;Titans (2018);1;9;Hank and Dawn;2019-03-13 12:55:03;1
341663;Titans (2018);1;8;Donna Troy;2019-03-13 12:15:52;1
328711;Star Trek : Discovery;2;8;If Memory Serves;2019-03-08 12:18:28;1
341663;Titans (2018);1;7;Asylum;2019-03-04 22:10:54;1
341663;Titans (2018);1;6;Jason Todd;2019-03-03 23:03:24;1
341663;Titans (2018);1;5;Together;2019-03-03 23:00:57;1
341663;Titans (2018);1;4;Doom Patrol;2019-03-03 21:30:59;1
341663;Titans (2018);1;3;Origins;2019-03-03 20:48:09;1
341663;Titans (2018);1;2;Hawk and Dove;2019-03-03 19:55:30;1
341663;Titans (2018);1;1;Titans;2019-03-03 19:13:43;1
80379;The Big Bang Theory;12;16;The D & D Vortex;2019-03-03 14:33:46;1
80379;The Big Bang Theory;12;15;The Donation Oscillation;2019-03-03 14:12:45;1
80379;The Big Bang Theory;12;14;The Meteorite Manifestation;2019-03-03 13:50:34;1
353764;Umbrella Academy;1;10;The White Violin;2019-03-03 11:52:07;1
353764;Umbrella Academy;1;9;Changes;2019-03-03 10:55:21;1
353764;Umbrella Academy;1;8;I Heard a Rumor;2019-03-03 10:11:35;1
353764;Umbrella Academy;1;7;The Day That Was;2019-03-02 23:58:13;1
353764;Umbrella Academy;1;6;The Day That Wasn't;2019-03-02 23:02:54;1
353764;Umbrella Academy;1;5;Number Five;2019-03-02 22:06:49;1
353764;Umbrella Academy;1;4;Man on the Moon;2019-03-02 21:04:02;1
353764;Umbrella Academy;1;3;Extra Ordinary;2019-03-02 20:08:14;1
353764;Umbrella Academy;1;2;Run Boy Run;2019-03-02 19:13:43;1
353764;Umbrella Academy;1;1;We Only See Each Other at Weddings and Funerals;2019-03-02 18:20:47;1
95011;Modern Family;10;16;Red Alert;2019-03-01 18:02:06;1
95011;Modern Family;10;15;SuperShowerBabyBowl;2019-03-01 17:57:53;1
328711;Star Trek : Discovery;2;7;Light and Shadows;2019-03-01 14:30:09;1
356317;Sex Education;1;8;Episode 8;2019-02-28 23:42:23;1
356317;Sex Education;1;7;Episode 7;2019-02-28 22:51:09;1
356317;Sex Education;1;6;Episode 6;2019-02-28 22:51:00;1
356317;Sex Education;1;5;Episode 5;2019-02-28 21:03:11;1
356317;Sex Education;1;4;Episode 4;2019-02-28 20:17:57;1
356317;Sex Education;1;3;Episode 3;2019-02-28 19:31:24;1
356317;Sex Education;1;2;Episode 2;2019-02-28 19:31:22;1
95011;Modern Family;10;14;We Need to Talk About Lily;2019-02-25 22:00:06;1
356317;Sex Education;1;1;Episode 1;2019-02-23 12:45:46;1
328711;Star Trek : Discovery;2;6;The Sound of Thunder;2019-02-23 12:45:35;1
331431;Big Mouth;3;1;My Furry Valentine;2019-02-19 12:16:55;1
350123;Le Prince des dragons;2;9;Breathe;2019-02-19 00:02:07;1
350123;Le Prince des dragons;2;8;The Book of Destiny;2019-02-18 23:38:42;1
350123;Le Prince des dragons;2;7;Fire and Fury;2019-02-18 22:56:14;1
350123;Le Prince des dragons;2;6;Heart of a Titan;2019-02-18 22:32:48;1
350123;Le Prince des dragons;2;5;Breaking the Seal;2019-02-18 22:09:21;1
350123;Le Prince des dragons;2;4;Voyage of the Ruthless;2019-02-18 21:46:25;1
350123;Le Prince des dragons;2;3;Smoke and Mirrors;2019-02-18 21:22:57;1
350123;Le Prince des dragons;2;2;Half Moon Lies;2019-02-18 21:00:04;1
350123;Le Prince des dragons;2;1;A Secret and a Spark;2019-02-18 20:36:39;1
307365;Kuromukuro;1;26;A Samurai Never Looks Back;2019-02-18 18:42:21;1
307365;Kuromukuro;1;25;Dream of the Ogre;2019-02-18 18:18:28;1
307365;Kuromukuro;1;24;Bloodshed at Kurobe;2019-02-18 12:13:29;1
307365;Kuromukuro;1;23;A Tale of Two Frogs;2019-02-18 11:49:09;1
307365;Kuromukuro;1;22;Tears of a Narcissus;2019-02-18 06:18:17;1
307365;Kuromukuro;1;21;Writing on the Wall;2019-02-17 12:11:10;1
307365;Kuromukuro;1;20;Into the Fire;2019-02-17 00:33:47;1
307365;Kuromukuro;1;19;An Invitation From an Ogre;2019-02-17 00:10:41;1
307365;Kuromukuro;1;18;Vapor Ever Rising;2019-02-16 23:47:50;1
307365;Kuromukuro;1;17;Dance in the Clouds;2019-02-16 23:24:49;1
307365;Kuromukuro;1;16;You Don't Know Me;2019-02-16 23:02:24;1
307365;Kuromukuro;1;15;Difficult Choices;2019-02-16 22:38:36;1
307365;Kuromukuro;1;14;A Clash of Wills;2019-02-16 22:15:57;1
328711;Star Trek : Discovery;2;5;Saints of Imperfection;2019-02-16 19:05:00;1
307365;Kuromukuro;1;13;Welcome to the Festival;2019-02-14 12:20:54;1
307365;Kuromukuro;1;12;Summer Hell Camp in Kurobe;2019-02-13 21:21:40;1
307365;Kuromukuro;1;11;Truth Shrouded in Darkness;2019-02-13 10:43:38;1
307365;Kuromukuro;1;10;The Arrogant Captive;2019-02-11 00:13:11;1
307365;Kuromukuro;1;9;The Ogre's Message;2019-02-10 23:50:41;1
307365;Kuromukuro;1;8;Memories of Regret;2019-02-10 23:27:41;1
307365;Kuromukuro;1;7;Vanishing into the Dawn;2019-02-10 23:04:59;1
307365;Kuromukuro;1;6;Face-Off at Jinzu River;2019-02-10 22:42:43;1
328711;Star Trek : Discovery;2;4;An Obol for Charon;2019-02-10 18:33:17;1
307365;Kuromukuro;1;5;The Samurai Goes to School;2019-02-09 11:25:06;1
307365;Kuromukuro;1;4;A Strange, New World;2019-02-09 11:03:05;1
307365;Kuromukuro;1;3;The Silent Walls of a Castle;2019-02-07 20:50:54;1
307365;Kuromukuro;1;2;The Black Shell Awakens;2019-02-07 20:26:09;1
307365;Kuromukuro;1;1;A Rain of Ogres from the Sky;2019-02-07 20:03:13;1
339072;Sword Gai: The Animation;2;12;Episode 12;2019-02-06 11:39:11;1
339072;Sword Gai: The Animation;2;11;Episode 11;2019-02-05 21:25:47;1
339072;Sword Gai: The Animation;2;10;Episode 10;2019-02-05 21:04:57;1
339072;Sword Gai: The Animation;2;9;Episode 9;2019-02-04 19:44:19;1
339072;Sword Gai: The Animation;2;8;Episode 8;2019-02-04 19:35:21;1
339072;Sword Gai: The Animation;2;7;Episode 7;2019-02-04 19:35:15;1
339072;Sword Gai: The Animation;2;6;Episode 6;2019-02-03 22:56:58;1
339072;Sword Gai: The Animation;2;5;Episode 5;2019-02-03 22:36:28;1
339072;Sword Gai: The Animation;2;4;Episode 4;2019-02-03 22:18:48;1
339072;Sword Gai: The Animation;2;3;Episode 3;2019-02-03 21:55:22;1
339072;Sword Gai: The Animation;2;2;Episode 2;2019-02-03 21:36:00;1
339072;Sword Gai: The Animation;2;1;Episode 1;2019-02-03 21:13:50;1
339072;Sword Gai: The Animation;1;12;Episode 12;2019-02-03 19:49:06;1
339072;Sword Gai: The Animation;1;11;Episode 11;2019-02-03 19:27:38;1
339072;Sword Gai: The Animation;1;10;Episode 10;2019-02-03 19:07:10;1
339072;Sword Gai: The Animation;1;9;Episode 9;2019-02-03 19:07:08;1
328711;Star Trek : Discovery;2;3;Point of Light;2019-02-02 12:18:39;1
339072;Sword Gai: The Animation;1;8;Episode 8;2019-01-30 23:09:08;1
339072;Sword Gai: The Animation;1;7;Episode 7;2019-01-30 22:49:06;1
339072;Sword Gai: The Animation;1;6;Episode 6;2019-01-30 12:21:59;1
339072;Sword Gai: The Animation;1;5;Episode 5;2019-01-28 12:38:14;1
339072;Sword Gai: The Animation;1;4;Episode 4;2019-01-28 12:18:15;1
339072;Sword Gai: The Animation;1;3;Episode 3;2019-01-27 23:36:58;1
339072;Sword Gai: The Animation;1;2;Episode 2;2019-01-27 23:16:13;1
339072;Sword Gai: The Animation;1;1;Episode 1;2019-01-27 18:35:20;1
328711;Star Trek : Discovery;2;2;New Eden;2019-01-26 18:43:48;1
95011;Modern Family;10;13;Whanex?;2019-01-26 13:47:42;1
328711;Star Trek : Discovery;2;1;Brother;2019-01-20 22:32:53;1
328711;Star Trek : Discovery;2;5;Short Treks: The Escape Artist;2019-01-20 21:34:21;1
328711;Star Trek : Discovery;2;4;Short Treks: The Brightest Star;2019-01-20 21:19:39;1
328711;Star Trek : Discovery;2;3;Short Treks: Calypso;2019-01-20 21:05:57;1
328711;Star Trek : Discovery;2;2;Short Treks: Runaway;2019-01-20 20:49:02;1
328711;Star Trek : Discovery;1;1;“Will You Take My Hand?” Bonus Scene;2019-01-20 20:33:10;1
345944;Diablero;1;8;Red Sky;2019-01-20 20:22:50;1
345944;Diablero;1;7;Four Tombs;2019-01-20 19:48:28;1
345944;Diablero;1;6;A Woman Diablero;2019-01-20 19:10:40;1
95011;Modern Family;10;12;Blasts from the Past;2019-01-20 11:29:05;1
354539;The Passage;1;1;Pilot;2019-01-20 11:07:10;1
80379;The Big Bang Theory;12;13;The Confirmation Polarization;2019-01-20 10:22:00;1
345944;Diablero;1;5;The Conclave;2019-01-19 18:07:01;1
345944;Diablero;1;4;An Arcane Incantation;2019-01-19 15:43:54;1
345944;Diablero;1;3;The Hidden Children;2019-01-16 19:40:58;1
345944;Diablero;1;2;Leg of a Dog, Heart of a Chicken;2019-01-12 17:06:40;1
80379;The Big Bang Theory;12;12;The Propagation Proposition;2019-01-12 17:06:38;1
95011;Modern Family;10;11;A Moving Day;2019-01-12 16:46:23;1
78804;Doctor Who (2005);11;156;Resolution;2019-01-12 12:16:57;1
345944;Diablero;1;1;The Demons are Among Us;2019-01-10 22:10:53;1
80379;The Big Bang Theory;12;11;The Paintball Scattering;2019-01-10 19:03:05;1
346947;Sirius the Jaeger;1;12;The Arc of Sirius;2019-01-06 23:02:16;1
346947;Sirius the Jaeger;1;11;Calling in Blood;2019-01-06 22:39:25;1
346947;Sirius the Jaeger;1;10;Memories of the Abyss;2019-01-06 22:16:43;1
346947;Sirius the Jaeger;1;9;Father's Shadow;2019-01-04 19:27:52;1
346947;Sirius the Jaeger;1;8;The Sanctuary of Sirius;2019-01-04 19:06:43;1
346947;Sirius the Jaeger;1;7;True Confession;2019-01-04 18:45:14;1
346947;Sirius the Jaeger;1;6;Mockingbird’s Song;2019-01-04 12:42:23;1
346947;Sirius the Jaeger;1;5;The Frankenstein;2019-01-04 12:19:59;1
346947;Sirius the Jaeger;1;4;Beginning of Trickery;2019-01-03 18:22:05;1
346947;Sirius the Jaeger;1;3;Indelible Memories;2019-01-02 13:34:36;1
346947;Sirius the Jaeger;1;2;Deprived Talent;2019-01-01 22:46:32;1
346947;Sirius the Jaeger;1;1;The Revenant Howls in Darkness;2019-01-01 20:03:21;1
95011;Modern Family;10;10;Stuck in a Moment;2019-01-01 19:15:11;1
95011;Modern Family;10;9;Putting Down Roots;2018-12-31 17:48:23;1
111371;Noob;9;16;Christmas Special;2018-12-30 23:39:59;1
294002;Overlord;3;13;Player vs Player;2018-12-30 21:52:15;1
294002;Overlord;3;12;Massacre;2018-12-30 21:28:42;1
294002;Overlord;3;11;Another Battle;2018-12-30 21:06:55;1
294002;Overlord;3;10;Preparation for War;2018-12-30 20:45:57;1
294002;Overlord;3;9;War of Words;2018-12-30 18:32:58;1
294002;Overlord;3;8;A Handful of Hope;2018-12-30 17:56:39;1
294002;Overlord;3;7;Butterfly Entangled in a Spider's Web;2018-12-30 17:48:45;1
294002;Overlord;3;6;Invitation to Death;2018-12-30 17:01:32;1
294002;Overlord;3;5;Two Leaders;2018-12-30 14:30:40;1
294002;Overlord;3;4;Giant of the East, Demon Snake of the West;2018-12-30 13:44:03;1
78804;Doctor Who (2005);11;10;The Battle of Ranskoor Av Kolos;2018-12-29 19:48:32;1
347620;Power Rangers Dino Thunder;1;38;"Thunder Struck, Part II"	;2018-12-28 19:12:12;1
347620;Power Rangers Dino Thunder;1;37;"Thunder Struck, Part I"	;2018-12-28 18:50:18;1
347620;Power Rangers Dino Thunder;1;36;"A Test of Trust"	;2018-12-28 18:29:24;1
347620;Power Rangers Dino Thunder;1;35;"House of Cards"	;2018-12-28 12:52:20;1
347620;Power Rangers Dino Thunder;1;34;"Drawn Into Danger"	;2018-12-28 12:52:16;1
347620;Power Rangers Dino Thunder;1;33;"In Your Dreams"	;2018-12-27 23:39:17;1
347620;Power Rangers Dino Thunder;1;32;"Thunder Storm, Part II"	;2018-12-27 23:19:31;1
347620;Power Rangers Dino Thunder;1;31;"Thunder Storm, Part I"	;2018-12-27 23:19:15;1
347620;Power Rangers Dino Thunder;1;30;"Strange Relations"	;2018-12-27 19:36:56;1
347620;Power Rangers Dino Thunder;1;29;"Isn't It Lava-ly"	;2018-12-26 19:02:48;1
347620;Power Rangers Dino Thunder;1;28;"The Passion of Conner"	;2018-12-26 19:02:46;1
347620;Power Rangers Dino Thunder;1;27;"Fighting Spirit"	;2018-12-23 23:49:33;1
347620;Power Rangers Dino Thunder;1;26;"Disappearing Act"	;2018-12-23 23:29:26;1
347620;Power Rangers Dino Thunder;1;25;"Tutenhawken's Curse"	;2018-12-23 23:09:33;1
347620;Power Rangers Dino Thunder;1;24;"A Ranger Exclusive"	;2018-12-23 15:36:29;1
347620;Power Rangers Dino Thunder;1;23;"A Star Is Torn"	;2018-12-23 15:36:27;1
347620;Power Rangers Dino Thunder;1;22;"Triassic Triumph"	;2018-12-23 12:37:07;1
347620;Power Rangers Dino Thunder;1;21;"Copy That"	;2018-12-23 12:16:20;1
347620;Power Rangers Dino Thunder;1;20;"It's a Mad Mad Mackerel"	;2018-12-23 11:56:31;1
347620;Power Rangers Dino Thunder;1;19;"Lost & Found in Translation"	;2018-12-23 00:48:11;1
347620;Power Rangers Dino Thunder;1;18;"Bully for Ethan"	;2018-12-23 00:28:05;1
347620;Power Rangers Dino Thunder;1;17;"The Missing Bone"	;2018-12-23 00:07:40;1
347620;Power Rangers Dino Thunder;1;16;"Burning at Both Ends"	;2018-12-22 23:47:29;1
347620;Power Rangers Dino Thunder;1;15;"Leader of the Whack"	;2018-12-22 23:26:52;1
347620;Power Rangers Dino Thunder;1;14;"Truth and Consequences"	;2018-12-22 23:06:26;1
347620;Power Rangers Dino Thunder;1;13;"White Thunder, Part III"	;2018-12-22 22:46:11;1
347620;Power Rangers Dino Thunder;1;12;"White Thunder, Part II"	;2018-12-22 22:26:51;1
347620;Power Rangers Dino Thunder;1;11;"White Thunder, Part I"	;2018-12-22 22:26:47;1
347620;Power Rangers Dino Thunder;1;10;"Ocean Alert"	;2018-12-22 21:46:34;1
347620;Power Rangers Dino Thunder;1;9;"Beneath the Surface"	;2018-12-22 19:21:40;1
347620;Power Rangers Dino Thunder;1;8;"Golden Boy"	;2018-12-22 19:01:24;1
347620;Power Rangers Dino Thunder;1;7;"Game On"	;2018-12-22 18:36:10;1
347620;Power Rangers Dino Thunder;1;6;"Diva in Distress"	;2018-12-22 18:11:35;1
347620;Power Rangers Dino Thunder;1;5;"Back In Black"	;2018-12-21 12:49:17;1
347620;Power Rangers Dino Thunder;1;4;"Legacy of Power"	;2018-12-21 12:29:20;1
347620;Power Rangers Dino Thunder;1;3;"Wave Goodbye"	;2018-12-21 12:09:22;1
347620;Power Rangers Dino Thunder;1;2;"Day of the Dino, Part II"	;2018-12-21 11:48:52;1
347620;Power Rangers Dino Thunder;1;1;"Day of the Dino, Part I"	;2018-12-21 11:28:56;1
294002;Overlord;3;3;Enri's Upheaval and Hectic Days;2018-12-20 12:53:39;1
294002;Overlord;3;2;Carne Village Once More;2018-12-18 21:09:18;1
338947;Les nouvelles aventures de Sabrina;1;11;Chapter Eleven: A Midwinter's Tale;2018-12-16 13:11:52;1
294002;Overlord;3;1;A Ruler's Melancholy;2018-12-14 18:46:58;1
294002;Overlord;2;13;The Ultimate Trump Card;2018-12-12 22:26:37;1
294002;Overlord;2;12;The Final Battle of the Disturbance;2018-12-12 21:56:28;1
294002;Overlord;2;11;Jaldabaoth;2018-12-12 21:38:12;1
294002;Overlord;2;10;Disturbance Begins in the Royal Capital;2018-12-12 21:15:11;1
294002;Overlord;2;9;Soaring Sparks of Fire;2018-12-12 20:58:59;1
294002;Overlord;2;8;A Boy's Feeling;2018-12-12 20:29:53;1
294002;Overlord;2;7;Blue Roses;2018-12-12 20:06:25;1
294002;Overlord;2;6;Those Who Pick Up, Those Who Are Picked Up;2018-12-12 19:40:53;1
294002;Overlord;2;5;The Freezing God;2018-12-12 19:17:35;1
294002;Overlord;2;4;Army of Death;2018-12-12 18:52:59;1
294002;Overlord;2;3;Lizard Men, Gathering;2018-12-12 18:31:16;1
294002;Overlord;2;2;Departure;2018-12-12 18:04:32;1
294002;Overlord;2;1;The Dawn of Despair;2018-12-12 17:49:53;1
294002;Overlord;1;13;Player VS Non Player Character;2018-12-11 22:15:12;1
294002;Overlord;1;12;The Bloody Valkyrie;2018-12-11 21:51:03;1
294002;Overlord;1;11;Confusion and Understanding;2018-12-11 13:00:01;1
294002;Overlord;1;10;True Vampire;2018-12-11 12:59:46;1
294002;Overlord;1;9;The Dark Warrior;2018-12-10 23:35:29;1
294002;Overlord;1;8;Twin Swords of Slashing Death;2018-12-10 23:16:42;1
294002;Overlord;1;7;Wise King of Forest;2018-12-10 23:16:40;1
294002;Overlord;1;6;Journey;2018-12-10 12:30:11;1
294002;Overlord;1;5;Two Venturers;2018-12-10 11:57:58;1
294002;Overlord;1;4;Ruler of Death;2018-12-10 11:33:36;1
294002;Overlord;1;3;Battle of Carne Village;2018-12-09 19:01:00;1
80379;The Big Bang Theory;12;10;The VCR Illumination;2018-12-09 12:02:43;1
294002;Overlord;1;2;Floor Guardians;2018-12-08 00:28:29;1
294002;Overlord;1;1;End and Beginning;2018-12-08 00:05:45;1
78804;Doctor Who (2005);11;9;It Takes You Away;2018-12-03 18:41:07;1
95011;Modern Family;10;8;Kids These Days;2018-12-02 18:54:44;1
78804;Doctor Who (2005);11;8;The Witchfinders;2018-12-02 18:30:38;1
282670;Narcos;1;4;The Palace in Flames;2018-11-25 22:01:26;1
282670;Narcos;1;3;The Men of Always;2018-11-25 21:06:54;1
282670;Narcos;1;2;The Sword of Simón Bolívar;2018-11-25 20:10:18;1
282670;Narcos;1;1;Descenso;2018-11-25 20:10:16;1
339353;B: The Beginning;1;12;Episode 12;2018-11-25 11:54:01;1
339353;B: The Beginning;1;11;Episode 11;2018-11-25 11:24:08;1
339353;B: The Beginning;1;10;Episode 10;2018-11-25 11:16:58;1
339353;B: The Beginning;1;9;Episode 9;2018-11-25 10:34:18;1
339353;B: The Beginning;1;8;Episode 8;2018-11-25 10:10:31;1
339353;B: The Beginning;1;7;Episode 7;2018-11-25 09:44:54;1
339353;B: The Beginning;1;6;Episode 6;2018-11-25 09:21:24;1
339353;B: The Beginning;1;5;Episode 5;2018-11-25 08:59:13;1
339353;B: The Beginning;1;4;Episode 4;2018-11-25 08:34:59;1
111371;Noob;9;15;The Pioneers;2018-11-25 08:34:57;1
339353;B: The Beginning;1;3;Episode 3;2018-11-24 23:35:04;1
339353;B: The Beginning;1;2;Episode 2;2018-11-24 23:12:17;1
339353;B: The Beginning;1;1;Episode 1;2018-11-24 22:46:32;1
80379;The Big Bang Theory;12;9;The Citation Negation;2018-11-24 18:26:45;1
78804;Doctor Who (2005);11;7;Kerblam!;2018-11-19 19:29:15;1
267440;L'Attaque des Titans;3;12;Night of the Battle to Retake the Wall;2018-11-15 20:17:09;1
78804;Doctor Who (2005);11;6;Demons of the Punjab;2018-11-15 20:01:14;1
78804;Doctor Who (2005);11;5;The Tsuranga Conundrum;2018-11-10 18:18:12;1
95011;Modern Family;10;7;Did the Chicken Cross the Road?;2018-11-10 13:06:24;1
80379;The Big Bang Theory;12;8;The Consummation Deviation;2018-11-10 12:43:18;1
80379;The Big Bang Theory;12;7;The Grant Allocation Derivation;2018-11-09 18:34:17;1
338947;Les nouvelles aventures de Sabrina;1;10;Chapter Ten: The Witching Hour;2018-11-09 15:14:16;1
338947;Les nouvelles aventures de Sabrina;1;9;Chapter Nine: The Returned Man;2018-11-09 15:10:17;1
338947;Les nouvelles aventures de Sabrina;1;8;Chapter Eight: The Burial;2018-11-08 12:53:11;1
338947;Les nouvelles aventures de Sabrina;1;7;Chapter Seven: Feast of Feasts;2018-11-08 12:53:10;1
338947;Les nouvelles aventures de Sabrina;1;6;Chapter Six: An Exorcism in Greendale;2018-11-07 12:55:29;1
338947;Les nouvelles aventures de Sabrina;1;5;Chapter Five: Dreams in a Witch House;2018-11-05 23:24:33;1
338947;Les nouvelles aventures de Sabrina;1;4;Chapter Four: Witch Academy;2018-11-05 23:24:29;1
338947;Les nouvelles aventures de Sabrina;1;3;Chapter Three: The Trial of Sabrina Spellman;2018-11-05 22:33:30;1
338947;Les nouvelles aventures de Sabrina;1;2;Chapter Two: The Dark Baptism;2018-11-04 23:51:14;1
338947;Les nouvelles aventures de Sabrina;1;1;Chapter One: October Country;2018-11-04 22:56:30;1
95011;Modern Family;10;6;On the Same Paige;2018-11-04 16:07:02;1
78804;Doctor Who (2005);11;4;Arachnids in the UK;2018-11-01 11:08:43;1
329065;Castlevania;2;8;End Times;2018-10-28 21:41:00;1
329065;Castlevania;2;7;For Love;2018-10-28 21:14:07;1
329065;Castlevania;2;6;The River;2018-10-28 20:48:11;1
329065;Castlevania;2;5;Last Spell;2018-10-28 20:24:54;1
329065;Castlevania;2;3;Shadow Battles;2018-10-28 19:39:39;1
329065;Castlevania;2;2;Old Homes;2018-10-28 19:14:50;1
329065;Castlevania;2;1;War Council;2018-10-28 18:51:32;1
80379;The Big Bang Theory;12;6;The Imitation Perturbation;2018-10-28 18:04:44;1
95011;Modern Family;10;5;Good Grief;2018-10-28 11:23:12;1
267440;L'Attaque des Titans;3;11;Bystander;2018-10-25 17:27:35;1
95011;Modern Family;10;4;Torn Between Two Lovers;2018-10-25 17:00:35;1
78804;Doctor Who (2005);11;3;Rosa;2018-10-24 11:42:08;1
111371;Noob;9;14;Gaming House;2018-10-21 18:09:30;1
80379;The Big Bang Theory;12;5;The Planetarium Collision;2018-10-21 17:54:07;1
78804;Doctor Who (2005);11;2;The Ghost Monument;2018-10-21 17:30:50;1
80379;The Big Bang Theory;12;4;The Tam Turbulence;2018-10-14 21:40:09;1
251085;Avatar, La Légende de Korra;4;13;The Last Stand;2018-10-14 21:25:16;1
251085;Avatar, La Légende de Korra;4;12;Day of the Colossus;2018-10-14 21:24:51;1
251085;Avatar, La Légende de Korra;4;10;Operation Beifong;2018-10-14 21:24:09;1
251085;Avatar, La Légende de Korra;4;11;Kuvira's Gambit;2018-10-14 21:23:56;1
251085;Avatar, La Légende de Korra;4;9;Beyond the Wilds;2018-10-14 19:47:34;1
251085;Avatar, La Légende de Korra;4;8;Remembrances;2018-10-14 19:25:05;1
251085;Avatar, La Légende de Korra;4;7;Reunion;2018-10-14 19:02:28;1
251085;Avatar, La Légende de Korra;4;6;The Battle of Zaofu;2018-10-14 18:39:46;1
251085;Avatar, La Légende de Korra;4;5;Enemy at the Gates;2018-10-13 23:58:11;1
251085;Avatar, La Légende de Korra;4;4;The Calling;2018-10-13 23:34:53;1
251085;Avatar, La Légende de Korra;4;3;The Coronation;2018-10-13 23:34:47;1
251085;Avatar, La Légende de Korra;4;2;Korra Alone;2018-10-13 22:54:22;1
251085;Avatar, La Légende de Korra;4;1;After All These Years;2018-10-13 22:25:34;1
251085;Avatar, La Légende de Korra;3;13;Venom of the Red Lotus;2018-10-13 22:01:03;1
251085;Avatar, La Légende de Korra;3;12;Enter the Void;2018-10-13 21:38:21;1
251085;Avatar, La Légende de Korra;3;11;The Ultimatum;2018-10-13 21:38:20;1
95011;Modern Family;10;3;A Sketchy Area;2018-10-13 20:47:15;1
251085;Avatar, La Légende de Korra;3;10;Long Live the Queen;2018-10-11 21:32:18;1
251085;Avatar, La Légende de Korra;3;9;The Stakeout;2018-10-11 21:05:39;1
78804;Doctor Who (2005);11;1;The Woman Who Fell to Earth;2018-10-11 21:01:47;1
251085;Avatar, La Légende de Korra;3;8;The Terror Within;2018-10-11 18:35:10;1
251085;Avatar, La Légende de Korra;3;7;Original Airbenders;2018-10-11 18:13:38;1
251085;Avatar, La Légende de Korra;3;6;Old Wounds;2018-10-09 21:33:35;1
251085;Avatar, La Légende de Korra;3;4;In Harm's Way;2018-10-09 20:48:39;1
331431;Big Mouth;2;10;The Department of Puberty;2018-10-09 19:39:04;1
331431;Big Mouth;2;9;Smooch or Share;2018-10-09 19:12:48;1
331431;Big Mouth;2;8;Dark Side of the Boob;2018-10-09 18:47:21;1
331431;Big Mouth;2;7;Guy Town;2018-10-09 18:22:13;1
331431;Big Mouth;2;6;Drug Buddies;2018-10-09 18:22:11;1
331431;Big Mouth;2;5;The Planned Parenthood Show;2018-10-07 21:10:43;1
331431;Big Mouth;2;4;Steve the Virgin;2018-10-07 20:21:59;1
331431;Big Mouth;2;3;The Shame Wizard;2018-10-07 19:53:51;1
331431;Big Mouth;2;2;What Is It About Boobs?;2018-10-07 19:27:53;1
331431;Big Mouth;2;1;Am I Normal?;2018-10-07 19:02:30;1
349271;Manifest;1;2;Reentry;2018-10-07 14:26:53;1
80379;The Big Bang Theory;12;3;The Procreation Calculation;2018-10-07 13:25:28;1
251085;Avatar, La Légende de Korra;3;3;The Earth Queen;2018-10-07 10:47:34;1
251085;Avatar, La Légende de Korra;3;2;Rebirth;2018-10-07 08:43:21;1
251085;Avatar, La Légende de Korra;3;1;A Breath of Fresh Air;2018-10-07 08:43:19;1
251085;Avatar, La Légende de Korra;2;14;Light in the Dark;2018-10-06 21:33:49;1
251085;Avatar, La Légende de Korra;2;13;Darkness Falls;2018-10-06 21:09:55;1
251085;Avatar, La Légende de Korra;2;12;Harmonic Convergence;2018-10-06 20:46:40;1
251085;Avatar, La Légende de Korra;2;11;Night of a Thousand Stars;2018-10-06 20:02:29;1
251085;Avatar, La Légende de Korra;2;10;A New Spiritual Age;2018-10-06 20:02:27;1
251085;Avatar, La Légende de Korra;2;9;The Guide;2018-10-06 19:15:33;1
251085;Avatar, La Légende de Korra;2;8;Beginnings (2);2018-10-06 11:47:53;1
251085;Avatar, La Légende de Korra;2;7;Beginnings (1);2018-10-06 11:25:46;1
251085;Avatar, La Légende de Korra;2;6;The Sting;2018-10-06 10:59:01;1
251085;Avatar, La Légende de Korra;2;5;Peacekeepers;2018-10-06 10:33:45;1
251085;Avatar, La Légende de Korra;2;4;Civil Wars (2);2018-10-05 23:36:39;1
251085;Avatar, La Légende de Korra;2;3;Civil Wars (1);2018-10-05 23:15:09;1
251085;Avatar, La Légende de Korra;2;2;The Southern Lights;2018-10-05 22:51:05;1
95011;Modern Family;10;2;Kiss and Tell;2018-10-05 18:14:50;1
251085;Avatar, La Légende de Korra;2;1;Rebel Spirit;2018-10-04 22:17:29;1
251085;Avatar, La Légende de Korra;1;12;Endgame;2018-10-04 21:43:26;1
251085;Avatar, La Légende de Korra;1;11;Skeletons in the Closet;2018-10-04 21:43:24;1
251085;Avatar, La Légende de Korra;1;10;Turning the Tides;2018-10-04 21:43:23;1
251085;Avatar, La Légende de Korra;1;9;Out of the Past;2018-10-04 20:31:56;1
251085;Avatar, La Légende de Korra;1;8;When Extremes Meet;2018-10-04 20:31:17;1
332331;Altered Carbon;1;6;Man with My Face;2018-10-03 10:49:17;1
332331;Altered Carbon;1;5;The Wrong Man;2018-10-03 10:49:14;1
251085;Avatar, La Légende de Korra;1;7;The Aftermath;2018-10-02 22:00:04;1
251085;Avatar, La Légende de Korra;1;6;And the Winner Is…;2018-10-02 21:07:54;1
349271;Manifest;1;1;Pilot;2018-09-30 11:23:13;1
251085;Avatar, La Légende de Korra;1;5;The Spirit of Competition;2018-09-29 23:42:03;1
251085;Avatar, La Légende de Korra;1;4;The Voice in the Night;2018-09-29 23:18:53;1
251085;Avatar, La Légende de Korra;1;3;The Revelation;2018-09-29 22:54:47;1
251085;Avatar, La Légende de Korra;1;2;A Leaf in the Wind;2018-09-29 22:02:03;1
251085;Avatar, La Légende de Korra;1;1;Welcome to Republic City;2018-09-29 21:40:40;1
95011;Modern Family;10;1;I Love a Parade;2018-09-29 18:28:33;1
80379;The Big Bang Theory;12;2;The Wedding Gift Wormhole;2018-09-29 18:00:25;1
111371;Noob;9;13;Secret Weapon;2018-09-29 18:00:23;1
267440;L'Attaque des Titans;3;10;Friends;2018-09-27 10:34:07;1
80379;The Big Bang Theory;12;1;The Conjugal Configuration;2018-09-27 10:34:05;1
350123;Le Prince des dragons;1;9;Wonderstorm;2018-09-24 12:00:07;1
350123;Le Prince des dragons;1;8;Cursed Caldera;2018-09-24 11:36:55;1
350123;Le Prince des dragons;1;7;The Dagger and the Wolf;2018-09-24 11:14:37;1
350123;Le Prince des dragons;1;6;Through the Ice;2018-09-24 10:51:45;1
350123;Le Prince des dragons;1;5;An Empty Throne;2018-09-24 10:28:32;1
350123;Le Prince des dragons;1;4;Bloodthirsty;2018-09-23 22:06:49;1
350123;Le Prince des dragons;1;3;Moonrise;2018-09-23 21:43:05;1
350123;Le Prince des dragons;1;2;What is Done;2018-09-23 21:22:24;1
350123;Le Prince des dragons;1;1;Echoes of Thunder;2018-09-23 20:56:16;1
267440;L'Attaque des Titans;3;9;Ruler of the Walls;2018-09-23 12:24:00;1
299857;Au service de la France;2;12;Code Extended to Algeria;2018-09-22 17:19:19;1
299857;Au service de la France;2;11;The Non-Death of the Dead Mole;2018-09-22 13:06:22;1
299857;Au service de la France;2;10;Poland Is a Lovely Place;2018-09-22 12:37:56;1
299857;Au service de la France;2;9;Tovaritch Merlaux;2018-09-22 08:01:09;1
299857;Au service de la France;2;8;John, Jacky, Yvonne and the General;2018-09-21 17:25:02;1
299857;Au service de la France;2;7;What’s Africa Got to Do With It?;2018-09-21 17:25:00;1
299857;Au service de la France;2;6;The Green Gerbil Isn’t So Green;2018-09-21 13:24:09;1
332331;Altered Carbon;1;4;Force of Evil;2018-09-20 22:01:36;1
332331;Altered Carbon;1;3;In a Lonely Place;2018-09-20 22:01:34;1
299857;Au service de la France;2;5;The Coup;2018-09-20 21:59:27;1
299857;Au service de la France;2;4;The Monkey Is in the Rocket;2018-09-20 21:59:24;1
299857;Au service de la France;2;3;When the Water’s at 12°, Expect It to Be Cold;2018-09-20 20:51:55;1
299857;Au service de la France;2;1;Tetanus and Yellow Fever;2018-09-20 19:50:46;1
299857;Au service de la France;1;12;In the Service of My France;2018-09-20 19:21:43;1
299857;Au service de la France;1;11;The Five-Year Plan;2018-09-20 11:40:22;1
299857;Au service de la France;1;10;Code Name Mole;2018-09-19 22:20:12;1
299857;Au service de la France;1;9;Invisible Plume;2018-09-19 11:45:08;1
299857;Au service de la France;1;8;Mission Monôme;2018-09-19 11:23:05;1
299857;Au service de la France;1;7;VG 42;2018-09-18 21:33:15;1
299857;Au service de la France;1;6;A Modern Woman;2018-09-16 11:29:11;1
299857;Au service de la France;1;5;The Plum Tree;2018-09-16 11:29:07;1
299857;Au service de la France;1;4;Algeria, It's France;2018-09-16 11:29:06;1
299857;Au service de la France;1;3;A Bit of Sun;2018-09-15 22:40:10;1
299857;Au service de la France;1;2;There's German and German;2018-09-15 22:16:38;1
299857;Au service de la France;1;1;The Tsèt;2018-09-15 21:54:20;1
267440;L'Attaque des Titans;3;8;Outside the Walls of Orvud District;2018-09-15 21:00:33;1
267440;L'Attaque des Titans;3;7;Wish;2018-09-15 20:40:20;1
267440;L'Attaque des Titans;3;6;Sin;2018-09-15 15:21:47;1
267440;L'Attaque des Titans;3;5;Reply;2018-09-15 12:26:38;1
267440;L'Attaque des Titans;3;4;Trust;2018-09-15 12:02:35;1
332331;Altered Carbon;1;2;Fallen Angel;2018-09-13 11:57:48;1
332331;Altered Carbon;1;1;Out of the Past;2018-09-11 21:49:39;1
83996;Black Butler;3;10;His Butler, Fulfilling His Duty;2018-09-11 17:24:24;1
83996;Black Butler;3;9;His Butler, Serene;2018-09-11 11:53:48;1
83996;Black Butler;3;8;His Butler, Sneering;2018-09-11 11:31:41;1
83996;Black Butler;3;7;His Butler, Careful Tending;2018-09-11 11:09:29;1
83996;Black Butler;3;6;His Butler, Liaison;2018-09-11 10:45:49;1
83996;Black Butler;3;5;His Butler, Taking Flight;2018-09-11 10:45:45;1
83996;Black Butler;3;4;His Butler, Colleague;2018-09-09 18:03:19;1
83996;Black Butler;3;3;His Butler, Hired;2018-09-08 09:41:30;1
83996;Black Butler;3;2;His Butler, Taking the Stage;2018-09-08 09:41:29;1
83996;Black Butler;3;1;His Butler, Presenting;2018-09-08 08:56:09;1
83996;Black Butler;2;7;Deathly Butler;2018-09-06 10:56:38;1
83996;Black Butler;2;8;Divulging Butler;2018-09-06 10:34:27;1
83996;Black Butler;2;6;Bedewed Butler;2018-09-05 18:02:58;1
340234;Désenchantée;1;10;Dreamland Falls;2018-09-02 12:13:44;1
340234;Désenchantée;1;9;To Thine Own Elf Be True;2018-09-02 11:47:03;1
340234;Désenchantée;1;8;The Limits of Immortality;2018-09-02 11:20:42;1
340234;Désenchantée;1;7;Love's Tender Rampage;2018-08-28 17:31:14;1
340234;Désenchantée;1;6;Swamp and Circumstance;2018-08-28 11:40:14;1
340234;Désenchantée;1;5;Faster, Princess! Kill! Kill!;2018-08-27 11:39:24;1
340234;Désenchantée;1;4;Castle Party Massacre;2018-08-22 11:33:11;1
340234;Désenchantée;1;3;The Princess of Darkness;2018-08-22 11:05:06;1
340234;Désenchantée;1;2;For Whom the Pig Oinks;2018-08-21 11:34:44;1
340234;Désenchantée;1;1;A Princess, an Elf, and a Demon Walk Into a Bar;2018-08-21 11:07:51;1
83996;Black Butler;2;4;Terrorist Butler;2018-08-14 11:19:24;1
83996;Black Butler;2;3;Wench Butler;2018-08-14 10:50:46;1
83996;Black Butler;2;12;Black Butler;2018-08-12 22:19:19;1
83996;Black Butler;2;11;Crossroads Butler;2018-08-12 21:54:52;1
83996;Black Butler;2;10;Zero Butler;2018-08-12 21:32:17;1
83996;Black Butler;2;9;Hollow Butler;2018-08-12 21:02:02;1
83996;Black Butler;2;5;Beacon Butler;2018-08-12 20:09:38;1
83996;Black Butler;2;2;Solo Butler;2018-08-09 00:24:21;1
83996;Black Butler;2;1;Clawed Butler;2018-08-08 23:54:12;1
83996;Black Butler;1;2;His Butler, Strongest;2018-08-08 23:32:02;1
83996;Black Butler;1;24;His Butler, Fluent;2018-08-08 23:10:28;1
83996;Black Butler;1;23;His Butler, Up in Flames;2018-08-08 22:47:53;1
83996;Black Butler;1;22;His Butler, Dissolution;2018-08-08 22:28:49;1
83996;Black Butler;1;21;His Butler, Engaging Servants;2018-08-08 21:47:57;1
83996;Black Butler;1;20;His Butler, Escaping;2018-08-08 21:47:56;1
83996;Black Butler;1;19;His Butler, Imprisoned;2018-08-07 10:33:03;1
83996;Black Butler;1;18;His Butler, Transmitted;2018-08-07 10:11:14;1
83996;Black Butler;1;17;His Butler, Offering;2018-08-07 10:11:11;1
267440;L'Attaque des Titans;3;3;Old Story;2018-08-06 14:29:21;1
267440;L'Attaque des Titans;3;2;Pain;2018-07-30 22:09:10;1
83996;Black Butler;1;16;His Butler, in an Isolated Castle;2018-07-28 21:31:14;1
83996;Black Butler;1;15;His Butler, Competing;2018-07-28 15:58:41;1
83996;Black Butler;1;14;His Butler, Supremely Talented;2018-07-25 20:57:53;1
83996;Black Butler;1;13;His Butler, Freeloader;2018-07-25 14:08:03;1
83996;Black Butler;1;12;His Butler, Forlorn;2018-07-25 13:46:59;1
83996;Black Butler;1;11;His Butler, However You Please;2018-07-25 13:46:55;1
267440;L'Attaque des Titans;3;1;Smoke Signal;2018-07-25 08:31:06;1
83996;Black Butler;1;10;His Butler, on Ice;2018-07-22 21:26:20;1
83996;Black Butler;1;9;His Butler, Phantom Image;2018-07-22 21:26:19;1
83996;Black Butler;1;8;His Butler, Training;2018-07-22 21:26:15;1
83996;Black Butler;1;7;His Butler, Merrymaking;2018-07-22 18:25:21;1
83996;Black Butler;1;6;His Butler, at the Funeral;2018-07-22 18:25:17;1
83996;Black Butler;1;5;His Butler, Chance Encounter;2018-07-22 12:46:38;1
83996;Black Butler;1;4;His Butler, Capricious;2018-07-22 12:23:48;1
83996;Black Butler;1;3;His Butler, Omnipotent;2018-07-22 12:00:59;1
83996;Black Butler;1;1;His Butler, Able;2018-07-21 18:07:51;1
124051;Misfits;3;1;Episode One;2018-07-20 22:42:38;1
124051;Misfits;2;7;Episode Seven;2018-07-20 21:58:02;1
124051;Misfits;2;6;Episode Six;2018-07-20 21:12:36;1
124051;Misfits;2;5;Episode Five;2018-07-17 21:27:30;1
124051;Misfits;2;4;Episode Four;2018-07-17 20:39:54;1
124051;Misfits;2;3;Episode Three;2018-07-17 19:55:02;1
124051;Misfits;2;2;Episode Two;2018-07-17 19:54:58;1
124051;Misfits;2;1;Episode One;2018-07-16 21:36:13;1
124051;Misfits;1;6;Episode Six;2018-07-16 20:00:29;1
111371;Noob;9;12;Clarifications;2018-07-14 22:15:39;1
124051;Misfits;1;5;Episode Five;2018-07-14 18:16:36;1
124051;Misfits;1;4;Episode Four;2018-07-13 11:04:39;1
124051;Misfits;1;3;Episode Three;2018-07-12 11:45:11;1
124051;Misfits;1;2;Episode Two;2018-07-11 21:42:41;1
124051;Misfits;1;1;Episode One;2018-07-11 20:56:40;1
303868;Grimgar, Ashes and Illusions;1;12;See You Tomorrow...;2018-07-11 20:05:52;1
303868;Grimgar, Ashes and Illusions;1;11;Between Life and Death;2018-07-11 11:35:40;1
303868;Grimgar, Ashes and Illusions;1;10;I'm Not Fit to Be a Leader;2018-07-11 11:13:48;1
303868;Grimgar, Ashes and Illusions;1;9;How to Rest;2018-07-11 10:50:46;1
303868;Grimgar, Ashes and Illusions;1;8;In My Memories with You;2018-07-11 10:50:45;1
303868;Grimgar, Ashes and Illusions;1;7;They Were Called Goblin Slayers;2018-07-11 10:50:44;1
303868;Grimgar, Ashes and Illusions;1;6;Her Circumstances;2018-07-11 10:50:44;1
303868;Grimgar, Ashes and Illusions;1;5;Crying Doesn't Mean You're Weak. Enduring Doesn't Mean You're Strong.;2018-07-11 10:50:40;1
303868;Grimgar, Ashes and Illusions;1;4;Sky Dancing with Ash;2018-07-10 11:50:03;1
303868;Grimgar, Ashes and Illusions;1;3;Are Goblin Pouches Filled with Our Dreams?;2018-07-09 22:08:22;1
303868;Grimgar, Ashes and Illusions;1;2;Long Day of the Trainee Volunteer Soldier;2018-07-09 11:46:25;1
303868;Grimgar, Ashes and Illusions;1;1;Whisper, Chant, Prayer, Awaken;2018-07-09 11:23:33;1
74852;Avatar, le dernier maître de l'air;3;21;Sozin's Comet: Avatar Aang (4);2018-07-08 13:23:49;1
74852;Avatar, le dernier maître de l'air;3;20;Sozin's Comet: Into the Inferno (3);2018-07-08 13:23:46;1
74852;Avatar, le dernier maître de l'air;3;19;Sozin's Comet: The Old Masters (2);2018-07-08 12:59:12;1
74852;Avatar, le dernier maître de l'air;3;18;Sozin's Comet: The Phoenix King (1);2018-07-08 09:45:11;1
74852;Avatar, le dernier maître de l'air;3;17;The Ember Island Players;2018-07-08 09:21:07;1
74852;Avatar, le dernier maître de l'air;3;16;The Southern Raiders;2018-07-08 08:57:25;1
74852;Avatar, le dernier maître de l'air;3;15;The Boiling Rock (2);2018-07-08 08:24:07;1
74852;Avatar, le dernier maître de l'air;3;14;The Boiling Rock (1);2018-07-08 00:55:36;1
74852;Avatar, le dernier maître de l'air;3;13;The Firebending Masters;2018-07-08 00:31:51;1
74852;Avatar, le dernier maître de l'air;3;12;The Western Air Temple;2018-07-08 00:07:41;1
74852;Avatar, le dernier maître de l'air;3;11;The Day of Black Sun: The Eclipse (2);2018-07-07 23:43:57;1
74852;Avatar, le dernier maître de l'air;3;10;The Day of Black Sun: The Invasion (1);2018-07-07 23:19:43;1
74852;Avatar, le dernier maître de l'air;3;9;Nightmares and Daydreams;2018-07-07 22:43:13;1
74852;Avatar, le dernier maître de l'air;3;8;The Puppetmaster;2018-07-07 22:19:27;1
74852;Avatar, le dernier maître de l'air;3;7;The Runaway;2018-07-06 19:26:11;1
74852;Avatar, le dernier maître de l'air;3;6;The Avatar and the Firelord;2018-07-06 19:02:22;1
74852;Avatar, le dernier maître de l'air;3;5;The Beach;2018-07-06 18:38:15;1
74852;Avatar, le dernier maître de l'air;3;4;Sokka's Master;2018-07-06 18:14:17;1
74852;Avatar, le dernier maître de l'air;3;3;The Painted Lady;2018-07-04 12:30:49;1
74852;Avatar, le dernier maître de l'air;3;2;The Headband;2018-07-04 12:07:57;1
74852;Avatar, le dernier maître de l'air;3;1;The Awakening;2018-07-04 11:41:27;1
74852;Avatar, le dernier maître de l'air;2;20;The Crossroads of Destiny;2018-07-04 11:18:21;1
74852;Avatar, le dernier maître de l'air;2;19;The Guru;2018-07-04 08:47:07;1
74852;Avatar, le dernier maître de l'air;2;18;The Earth King;2018-07-03 11:56:31;1
74852;Avatar, le dernier maître de l'air;2;17;Lake Laogai;2018-07-03 11:33:19;1
74852;Avatar, le dernier maître de l'air;2;16;Appa's Lost Days;2018-07-03 11:10:51;1
74852;Avatar, le dernier maître de l'air;2;15;The Tales of Ba Sing Se;2018-07-03 10:48:29;1
74852;Avatar, le dernier maître de l'air;2;14;City of Walls and Secrets;2018-07-03 10:26:08;1
284131;The Seven Deadly Sins;2;24;As Long As You Are Here;2018-07-01 15:55:13;1
284131;The Seven Deadly Sins;2;23;The Hero Rises!;2018-07-01 15:26:44;1
79175;Kaamelott;1;100;The True Nature of the Grail;2018-07-01 14:19:44;1
79175;Kaamelott;1;59;The Skirt of Calogrenant;2018-07-01 14:16:41;1
79175;Kaamelott;1;99;retirement;2018-07-01 14:15:37;1
79175;Kaamelott;1;98;Torment;2018-07-01 14:13:07;1
79175;Kaamelott;1;97;Agnus dei;2018-07-01 14:08:33;1
79175;Kaamelott;1;96;The Quest for Two Foxes;2018-07-01 14:04:44;1
79175;Kaamelott;1;95;Lacrimosa;2018-07-01 14:04:39;1
79175;Kaamelott;1;94;The Scout;2018-07-01 14:04:36;1
79175;Kaamelott;1;93;Unagi;2018-07-01 13:54:01;1
79175;Kaamelott;1;92;Vox populi;2018-07-01 13:51:38;1
79175;Kaamelott;1;91;The Dragon's fury;2018-07-01 13:47:02;1
79175;Kaamelott;1;90;Almond paste;2018-07-01 13:46:57;1
79175;Kaamelott;1;89;Like a knight;2018-07-01 13:39:31;1
79175;Kaamelott;1;88;Escort;2018-07-01 13:39:30;1
79175;Kaamelott;1;87;Campaign return;2018-07-01 13:36:52;1
79175;Kaamelott;1;86;The Tunnel Dragon;2018-07-01 13:35:25;1
79175;Kaamelott;1;85;The Fatal Injury;2018-07-01 13:26:08;1
79175;Kaamelott;1;84;Gladiator;2018-07-01 13:26:06;1
79175;Kaamelott;1;83;Winter Festival;2018-07-01 13:17:08;1
79175;Kaamelott;1;82;Night decibels;2018-07-01 13:12:09;1
79175;Kaamelott;1;81;Polymorphism;2018-07-01 13:10:01;1
79175;Kaamelott;1;80;the volunteers;2018-07-01 13:02:37;1
79175;Kaamelott;1;79;The Expurgation of Merlin;2018-07-01 12:58:59;1
79175;Kaamelott;1;78;The Discobolus;2018-07-01 12:55:37;1
79175;Kaamelott;1;77;the drilling;2018-07-01 12:51:42;1
79175;Kaamelott;1;76;Frontal shock;2018-07-01 12:48:31;1
79175;Kaamelott;1;75;Eunuchs and Hot Rabbits;2018-07-01 12:48:29;1
79175;Kaamelott;1;74;Guinevere and the Storm;2018-07-01 12:48:27;1
79175;Kaamelott;1;73;The Sweet Ticket;2018-07-01 12:37:46;1
79175;Kaamelott;1;72;Guinevere's buttocks;2018-07-01 12:37:45;1
79175;Kaamelott;1;71;A king at the tavern;2018-07-01 12:37:43;1
79175;Kaamelott;1;70;The Cabbage Problem;2018-07-01 12:23:50;1
79175;Kaamelott;1;69;The Death of Roy Arthur;2018-07-01 12:23:48;1
79175;Kaamelott;1;68;the bread;2018-07-01 12:23:45;1
79175;Kaamelott;1;67;The Kleptomaniac;2018-07-01 12:23:44;1
79175;Kaamelott;1;66;The clandestines;2018-07-01 12:12:25;1
79175;Kaamelott;1;65;The Visit of Ygerne;2018-07-01 12:09:08;1
79175;Kaamelott;1;64;The Shining Cauldron;2018-07-01 12:04:48;1
79175;Kaamelott;1;63;Goustan the Cruel;2018-07-01 12:01:05;1
79175;Kaamelott;1;62;The late Gethenoc donkey;2018-07-01 11:59:34;1
79175;Kaamelott;1;61;A noise in the night;2018-07-01 11:53:58;1
79175;Kaamelott;1;60;The prodigy of the fakir;2018-07-01 11:53:56;1
79175;Kaamelott;1;58;The sword blow;2018-07-01 11:42:25;1
79175;Kaamelott;1;57;Perceval raises by fifteen;2018-07-01 11:39:16;1
79175;Kaamelott;1;56;The Last Emperor;2018-07-01 11:36:08;1
79175;Kaamelott;1;55;Guinevere and the Birds;2018-07-01 11:31:53;1
79175;Kaamelott;1;54;The Giant Serpent;2018-07-01 11:30:14;1
79175;Kaamelott;1;53;Lancelot's Secret;2018-07-01 11:26:33;1
79175;Kaamelott;1;52;Haunted;2018-07-01 11:26:30;1
79175;Kaamelott;1;51;Illuminations;2018-07-01 11:17:59;1
79175;Kaamelott;1;50;The New Brothers;2018-07-01 11:14:16;1
79175;Kaamelott;1;49;The Fate of Rage;2018-07-01 11:10:27;1
79175;Kaamelott;1;48;Azénor;2018-07-01 11:07:29;1
79175;Kaamelott;1;47;Lethal;2018-07-01 11:06:37;1
79175;Kaamelott;1;46;The Code of Chivalry;2018-07-01 10:59:11;1
79175;Kaamelott;1;45;The Oud;2018-07-01 10:54:41;1
79175;Kaamelott;1;44;Patience in the plain;2018-07-01 10:51:32;1
79175;Kaamelott;1;43;Madenn's Ladybug;2018-07-01 10:48:28;1
79175;Kaamelott;1;42;The Zoomorph;2018-07-01 10:47:51;1
79175;Kaamelott;1;41;Arthur and the Dark;2018-06-30 21:21:43;1
79175;Kaamelott;1;40;The Doubting;2018-06-30 21:18:18;1
79175;Kaamelott;1;39;The Yvain case;2018-06-30 21:15:31;1
79175;Kaamelott;1;38;Merlin and the Wolves;2018-06-30 21:05:22;1
79175;Kaamelott;1;37;The Romance of Lancelot;2018-06-30 21:02:27;1
79175;Kaamelott;1;36;Reason for money;2018-06-30 21:02:22;1
79175;Kaamelott;1;35;Ambidexterity;2018-06-30 20:55:09;1
79175;Kaamelott;1;34;Padraig Cave;2018-06-30 20:50:42;1
79175;Kaamelott;1;33;Room mates;2018-06-30 20:47:13;1
79175;Kaamelott;1;32;The Impostor;2018-06-30 20:44:21;1
79175;Kaamelott;1;31;Basidiomycètes;2018-06-30 20:39:23;1
79175;Kaamelott;1;30;The Three of Hearts;2018-06-30 20:22:01;1
79175;Kaamelott;1;29;Kaamelott's Assassin;2018-06-30 20:18:09;1
79175;Kaamelott;1;28;The Secret Boot;2018-06-30 20:15:21;1
79175;Kaamelott;1;27;Back from Judea;2018-06-30 20:11:50;1
79175;Kaamelott;1;26;On the fly;2018-06-30 20:07:46;1
79175;Kaamelott;1;25;The sacrifice;2018-06-30 20:04:40;1
79175;Kaamelott;1;24;The Interpreter;2018-06-30 20:04:39;1
79175;Kaamelott;1;23;The fertility potion;2018-06-30 20:04:37;1
79175;Kaamelott;1;22;The tail of the scorpion;2018-06-30 19:54:11;1
79175;Kaamelott;1;21;Military tax;2018-06-30 19:51:11;1
79175;Kaamelott;1;20;Shark tooth;2018-06-30 19:51:09;1
79175;Kaamelott;1;19;The Rest Of The Warrior;2018-06-30 19:51:07;1
79175;Kaamelott;1;17;The Sign;2018-06-30 19:34:44;1
79175;Kaamelott;1;18;Grail Shaped;2018-06-30 19:34:43;1
79175;Kaamelott;1;16;The Banquet of Chefs;2018-06-30 19:34:34;1
79175;Kaamelott;1;15;The Challenges of Merlin;2018-06-30 19:21:07;1
79175;Kaamelott;1;14;Monogame;2018-06-30 19:17:27;1
79175;Kaamelott;1;13;Arthur and the Question;2018-06-30 19:14:01;1
79175;Kaamelott;1;11;Dinner dance;2018-06-30 19:13:39;1
79175;Kaamelott;1;12;The Sixth Sense;2018-06-30 19:13:30;1
79175;Kaamelott;1;10;The Negotiator;2018-06-30 19:07:11;1
79175;Kaamelott;1;9;The Master of Arms;2018-06-30 19:02:57;1
111371;Noob;9;11;Responsibilities;2018-06-30 09:42:33;1
74852;Avatar, le dernier maître de l'air;2;13;The Drill;2018-06-29 11:44:39;1
74852;Avatar, le dernier maître de l'air;2;12;The Serpent's Pass;2018-06-29 11:22:16;1
74852;Avatar, le dernier maître de l'air;2;11;The Desert;2018-06-28 18:51:02;1
74852;Avatar, le dernier maître de l'air;2;10;The Library;2018-06-28 18:50:58;1
74852;Avatar, le dernier maître de l'air;2;9;Bitter Work;2018-06-28 18:04:11;1
74852;Avatar, le dernier maître de l'air;2;8;The Chase;2018-06-28 05:31:54;1
74852;Avatar, le dernier maître de l'air;2;7;Zuko Alone;2018-06-28 05:07:51;1
74852;Avatar, le dernier maître de l'air;2;6;The Blind Bandit;2018-06-27 19:57:22;1
74852;Avatar, le dernier maître de l'air;2;5;Avatar Day;2018-06-27 19:33:34;1
74852;Avatar, le dernier maître de l'air;2;4;The Swamp;2018-06-27 19:09:53;1
74852;Avatar, le dernier maître de l'air;2;3;Return to Omashu;2018-06-27 18:46:05;1
74852;Avatar, le dernier maître de l'air;2;2;The Cave of Two Lovers;2018-06-27 18:23:02;1
74852;Avatar, le dernier maître de l'air;2;1;The Avatar State;2018-06-26 17:46:05;1
74852;Avatar, le dernier maître de l'air;1;20;The Siege of the North (2);2018-06-24 22:25:18;1
74852;Avatar, le dernier maître de l'air;1;19;The Siege of the North (1);2018-06-24 22:00:33;1
74852;Avatar, le dernier maître de l'air;1;18;The Waterbending Master;2018-06-24 21:37:51;1
74852;Avatar, le dernier maître de l'air;1;17;The Northern Air Temple;2018-06-24 21:14:23;1
74852;Avatar, le dernier maître de l'air;1;16;The Deserter;2018-06-24 17:16:22;1
74852;Avatar, le dernier maître de l'air;1;15;Bato of the Water Tribe;2018-06-24 16:52:48;1
74852;Avatar, le dernier maître de l'air;1;14;The Fortuneteller;2018-06-24 16:28:57;1
74852;Avatar, le dernier maître de l'air;1;13;The Blue Spirit;2018-06-24 16:05:00;1
74852;Avatar, le dernier maître de l'air;1;12;The Storm;2018-06-24 15:42:45;1
74852;Avatar, le dernier maître de l'air;1;11;The Great Divide;2018-06-24 15:19:18;1
74852;Avatar, le dernier maître de l'air;1;10;Jet;2018-06-24 11:49:45;1
74852;Avatar, le dernier maître de l'air;1;9;The Waterbending Scroll;2018-06-24 11:27:41;1
74852;Avatar, le dernier maître de l'air;1;8;Avatar Roku: Winter Solstice (2);2018-06-24 11:03:59;1
74852;Avatar, le dernier maître de l'air;1;7;The Spirit World: Winter Solstice (1);2018-06-24 10:41:01;1
74852;Avatar, le dernier maître de l'air;1;6;Imprisoned;2018-06-24 10:17:53;1
74852;Avatar, le dernier maître de l'air;1;5;The King of Omashu;2018-06-24 09:54:30;1
74852;Avatar, le dernier maître de l'air;1;4;The Warriors of Kyoshi;2018-06-24 09:31:59;1
74852;Avatar, le dernier maître de l'air;1;3;The Southern Air Temple;2018-06-24 09:31:53;1
74852;Avatar, le dernier maître de l'air;1;2;The Avatar Returns;2018-06-23 18:59:48;1
74852;Avatar, le dernier maître de l'air;1;1;The Boy in the Iceberg;2018-06-23 18:38:02;1
321060;The OA;1;8;Chapter 8: Invisible Self;2018-06-22 11:33:57;1
321060;The OA;1;7;Chapter 7: Empire of Light;2018-06-22 10:46:33;1
321060;The OA;1;6;Chapter 6: Forking Paths;2018-06-22 10:07:26;1
321060;The OA;1;5;Chapter 5: Paradise;2018-06-21 21:59:15;1
321060;The OA;1;4;Chapter 4: Away;2018-06-21 18:09:58;1
321060;The OA;1;3;Chapter 3: Champion;2018-06-19 21:38:15;1
321060;The OA;1;2;Chapter 2: New Colossus;2018-06-19 20:39:49;1
321060;The OA;1;1;Chapter 1: Homecoming;2018-06-19 19:43:43;1
284131;The Seven Deadly Sins;2;22;Return of the Sins;2018-06-19 18:18:22;1
284131;The Seven Deadly Sins;2;21;Certain Warmth;2018-06-19 17:53:55;1
281249;Tokyo Ghoul;3;12;Beautiful Dream: Dawn;2018-06-19 17:28:06;1
281249;Tokyo Ghoul;3;11;Write: Failure;2018-06-19 17:04:52;1
281249;Tokyo Ghoul;3;10;Think: Wavering;2018-06-19 17:04:43;1
343253;Perdus dans l'espace (2018);1;10;Danger, Will Robinson;2018-06-18 17:33:44;1
343253;Perdus dans l'espace (2018);1;9;Resurrection;2018-06-17 18:14:34;1
343253;Perdus dans l'espace (2018);1;8;Trajectory;2018-06-17 17:05:53;1
343253;Perdus dans l'espace (2018);1;7;Pressurized;2018-06-17 16:07:41;1
343253;Perdus dans l'espace (2018);1;6;Eulogy;2018-06-17 15:13:30;1
343253;Perdus dans l'espace (2018);1;5;Transmission;2018-06-17 14:09:35;1
343253;Perdus dans l'espace (2018);1;4;The Robinsons Were Here;2018-06-17 13:22:55;1
343253;Perdus dans l'espace (2018);1;3;Infestation;2018-06-17 12:24:51;1
343253;Perdus dans l'espace (2018);1;2;Diamonds in the Sky;2018-06-17 11:30:55;1
343253;Perdus dans l'espace (2018);1;1;Impact;2018-06-17 10:17:25;1
111371;Noob;9;10;Demonstration;2018-06-17 09:12:29;1
268156;Sense8;2;12;Amor Vincit Omnia;2018-06-17 09:03:39;1
268156;Sense8;2;11;You Want a War?;2018-06-14 20:38:53;1
268156;Sense8;2;10;If All the World's a Stage, Identity Is Nothing But a Costume;2018-06-14 19:45:45;1
268156;Sense8;2;9;What Family Actually Means;2018-06-14 18:57:29;1
268156;Sense8;2;8;All I Want Right Now Is One More Bullet;2018-06-14 12:26:05;1
268156;Sense8;2;7;I Have No Room In My Heart For Hate;2018-06-14 12:26:01;1
268156;Sense8;2;6;Isolated Above, Connected Below;2018-06-12 21:33:03;1
268156;Sense8;2;5;Fear Never Fixed Anything;2018-06-12 20:29:23;1
268156;Sense8;2;4;Polyphony;2018-06-12 19:31:34;1
268156;Sense8;2;2;Who Am I?;2018-06-10 21:16:24;1
268156;Sense8;2;1;Happy F*cking New Year.;2018-06-10 20:25:37;1
268156;Sense8;1;12;I Can't Leave Her;2018-06-10 14:34:26;1
268156;Sense8;1;11;Just Turn the Wheel and the Future Changes;2018-06-10 13:45:04;1
268156;Sense8;1;10;What Is Human?;2018-06-10 13:02:10;1
268156;Sense8;1;9;Death Doesn't Let You Say Goodbye;2018-06-10 12:03:33;1
268156;Sense8;1;8;We Will All Be Judged by the Courage of Our Hearts;2018-06-10 11:12:06;1
268156;Sense8;1;7;W. W. N. Double D?;2018-06-10 10:26:23;1
268156;Sense8;1;6;Demons;2018-06-10 09:38:57;1
268156;Sense8;1;5;Art Is Like Religion;2018-06-09 23:32:25;1
268156;Sense8;1;4;What's Going On?;2018-06-09 22:44:57;1
268156;Sense8;1;3;Smart Money Is on the Skinny Bitch;2018-06-09 21:51:02;1
284131;The Seven Deadly Sins;2;20;In Search of Hope;2018-06-08 15:56:52;1
268156;Sense8;1;2;I Am Also a We;2018-06-08 13:26:41;1
268156;Sense8;1;1;Limbic Resonance;2018-06-08 12:36:59;1
328711;Star Trek : Discovery;1;15;Will You Take My Hand?;2018-06-07 23:10:04;1
328711;Star Trek : Discovery;1;14;The War Without, the War Within;2018-06-07 22:24:47;1
328711;Star Trek : Discovery;1;13;What's Past is Prologue;2018-06-07 21:29:48;1
328711;Star Trek : Discovery;1;12;Vaulting Ambition;2018-06-07 21:29:47;1
328711;Star Trek : Discovery;1;11;The Wolf Inside;2018-06-07 20:13:07;1
328711;Star Trek : Discovery;1;10;Despite Yourself;2018-06-07 19:25:53;1
328711;Star Trek : Discovery;1;9;Into the Forest I Go;2018-06-07 17:16:06;1
328711;Star Trek : Discovery;1;8;Si Vis Pacem, Para Bellum;2018-06-07 15:42:09;1
328711;Star Trek : Discovery;1;7;Magic to Make the Sanest Man Go Mad;2018-06-07 14:51:39;1
328711;Star Trek : Discovery;1;6;Lethe;2018-06-07 14:07:40;1
328711;Star Trek : Discovery;1;5;Choose Your Pain;2018-06-07 13:24:20;1
328711;Star Trek : Discovery;1;4;The Butcher's Knife Cares Not for the Lamb's Cry;2018-06-07 12:28:03;1
281249;Tokyo Ghoul;3;9;Play: Ghost;2018-06-06 11:00:26;1
328711;Star Trek : Discovery;1;3;Context Is for Kings;2018-06-05 22:55:07;1
328711;Star Trek : Discovery;1;2;Battle at the Binary Stars;2018-06-05 22:08:16;1
328711;Star Trek : Discovery;1;1;The Vulcan Hello;2018-06-05 21:28:55;1
293088;One-Punch Man;1;12;The Strongest Hero;2018-06-05 20:41:52;1
293088;One-Punch Man;1;11;The Dominator of the Universe;2018-06-05 20:20:14;1
293088;One-Punch Man;1;10;Unparalleled Peril;2018-06-05 19:57:32;1
293088;One-Punch Man;1;9;Unyielding Justice;2018-06-05 19:34:22;1
293088;One-Punch Man;1;8;The Deep Sea King;2018-06-05 19:12:54;1
293088;One-Punch Man;1;7;The Ultimate Disciple;2018-06-05 18:49:50;1
293088;One-Punch Man;1;6;The Terrifying City;2018-06-05 18:25:10;1
293088;One-Punch Man;1;5;The Ultimate Master;2018-06-03 10:42:22;1
293088;One-Punch Man;1;4;The Modern Ninja;2018-06-03 10:19:12;1
293088;One-Punch Man;1;3;The Obsessive Scientist;2018-06-03 09:50:54;1
293088;One-Punch Man;1;2;The Lone Cyborg;2018-05-29 17:54:23;1
293088;One-Punch Man;1;1;The Strongest Man;2018-05-27 17:27:11;1
284131;The Seven Deadly Sins;2;19;Meliodas vs. The Ten Commandments;2018-05-27 14:19:24;1
281249;Tokyo Ghoul;3;8;Take: The One That Wriggles;2018-05-27 13:55:45;1
328783;Fiertés;1;3;2013;2018-05-21 08:56:45;1
328783;Fiertés;1;2;1999;2018-05-21 08:21:07;1
328783;Fiertés;1;1;1981;2018-05-20 23:52:36;1
284190;Marvel : Jessica Jones;2;1;AKA Start at the Beginning;2018-05-20 19:39:51;1
284131;The Seven Deadly Sins;2;18;For Whom Does That Light Shine;2018-05-20 17:12:21;1
306304;Les désastreuses aventures des orphelins Baudelaire;2;10;Carnivorous Carnival: Part Two;2018-05-19 21:25:05;1
306304;Les désastreuses aventures des orphelins Baudelaire;2;9;Carnivorous Carnival: Part One;2018-05-19 20:45:30;1
306304;Les désastreuses aventures des orphelins Baudelaire;2;8;The Hostile Hospital: Part Two;2018-05-19 20:05:09;1
277953;Mr. Pickles;3;10;Season 3 Finale;2018-05-19 09:54:58;1
277953;Mr. Pickles;3;9;Tommy's Cartoon;2018-05-19 09:44:33;1
277953;Mr. Pickles;3;8;Bullies;2018-05-19 09:30:40;1
277953;Mr. Pickles;3;7;Sheriffs;2018-05-19 09:19:14;1
277953;Mr. Pickles;3;6;Tommy Goes to School;2018-05-19 09:08:19;1
277953;Mr. Pickles;3;5;Gorzoth;2018-05-19 08:55:37;1
95011;Modern Family;9;22;Clash of Swords;2018-05-19 08:41:22;1
281249;Tokyo Ghoul;3;7;Mind: Days of Recollections;2018-05-17 21:45:53;1
281249;Tokyo Ghoul;3;6;Turn: In the End;2018-05-17 21:24:37;1
281249;Tokyo Ghoul;3;5;Press: Night of Scattering;2018-05-17 21:02:45;1
281249;Tokyo Ghoul;3;4;Main: Auction;2018-05-17 20:40:47;1
284131;The Seven Deadly Sins;2;17;Legendary Figures;2018-05-17 20:12:35;1
284131;The Seven Deadly Sins;2;16;Death Trap Labyrinth;2018-05-17 19:51:41;1
284131;The Seven Deadly Sins;2;15;A Horrifying Confession;2018-05-17 19:30:29;1
284131;The Seven Deadly Sins;2;14;Master of the Sun;2018-05-17 17:47:19;1
80379;The Big Bang Theory;11;24;The Bow Tie Asymmetry;2018-05-16 21:17:34;1
80379;The Big Bang Theory;11;23;The Sibling Realignment;2018-05-16 20:56:16;1
80379;The Big Bang Theory;11;22;The Monetary Insufficiency;2018-05-16 20:35:47;1
279758;Squeezie;2018;38;;2018-05-11 15:36:25;1
279758;Squeezie;2018;35;;2018-05-11 15:36:18;1
95011;Modern Family;9;21;The Escape;2018-05-11 10:19:14;1
80379;The Big Bang Theory;11;21;The Comet Polarization;2018-05-06 17:47:03;1
281249;Tokyo Ghoul;3;3;Fresh: Eve;2018-05-06 16:05:54;1
95011;Modern Family;9;20;Mother!;2018-05-06 11:08:20;1
253463;Black Mirror;4;6;Black Museum;2018-04-19 17:19:07;1
253463;Black Mirror;4;5;Metalhead;2018-04-19 17:19:05;1
253463;Black Mirror;4;4;Hang the DJ;2018-04-19 17:18:58;1
284131;The Seven Deadly Sins;2;13;Farewell, My Beloved Thief;2018-04-15 21:49:05;1
95011;Modern Family;9;19;CHiPs and Salsa;2018-04-15 21:20:53;1
80379;The Big Bang Theory;11;20;The Reclusive Potential;2018-04-15 20:58:58;1
281249;Tokyo Ghoul;3;2;Member: Fragments;2018-04-15 18:31:11;1
284131;The Seven Deadly Sins;2;12;Where Love is Found;2018-04-08 22:07:14;1
284131;The Seven Deadly Sins;2;11;Father and Son;2018-04-08 21:46:59;1
284131;The Seven Deadly Sins;2;10;What We Lacked;2018-04-08 21:26:47;1
284131;The Seven Deadly Sins;2;9;The Promise with the Loved One;2018-04-08 21:05:48;1
330139;Violet Evergarden;1;13;Auto Memoir Doll and "I Love You";2018-04-08 20:42:00;1
95011;Modern Family;9;18;Daddy Issues;2018-04-08 20:12:55;1
80379;The Big Bang Theory;11;19;The Tenant Disassociation;2018-04-08 19:45:04;1
281249;Tokyo Ghoul;3;1;Those Who Hunt: START;2018-04-08 12:17:29;1
306304;Les désastreuses aventures des orphelins Baudelaire;2;7;The Hostile Hospital: Part One;2018-04-03 21:12:21;1
306304;Les désastreuses aventures des orphelins Baudelaire;2;6;The Vile Village: Part Two;2018-04-03 20:29:42;1
306304;Les désastreuses aventures des orphelins Baudelaire;2;5;The Vile Village: Part One;2018-04-03 19:49:47;1
306304;Les désastreuses aventures des orphelins Baudelaire;2;4;The Ersatz Elevator: Part Two;2018-04-03 18:57:07;1
306304;Les désastreuses aventures des orphelins Baudelaire;2;3;The Ersatz Elevator: Part One;2018-04-02 21:25:26;1
306304;Les désastreuses aventures des orphelins Baudelaire;2;2;The Austere Academy: Part Two;2018-04-02 20:36:31;1
330139;Violet Evergarden;1;12;Episode 12;2018-04-02 15:17:56;1
330139;Violet Evergarden;1;11;I Don't Want Anybody Else to Die;2018-04-02 14:55:18;1
95011;Modern Family;9;17;Royal Visit;2018-04-02 14:32:20;1
95011;Modern Family;9;16;Wine Weekend;2018-04-02 11:42:25;1
80379;The Big Bang Theory;11;18;The Gates Excitation;2018-04-02 11:06:13;1
111371;Noob;9;9;The Easter Event;2018-04-02 10:41:02;1
306304;Les désastreuses aventures des orphelins Baudelaire;2;1;The Austere Academy: Part One;2018-04-02 10:32:28;1
305288;Stranger Things;2;9;Chapter Nine: The Gate;2018-03-15 23:40:13;1
305288;Stranger Things;2;8;Chapter Eight: The Mind Flayer;2018-03-15 22:41:29;1
305288;Stranger Things;2;7;Chapter Seven: The Lost Sister;2018-03-15 21:57:30;1
305288;Stranger Things;2;6;Chapter Six: The Spy;2018-03-15 21:21:06;1
305288;Stranger Things;2;5;Chapter Five: Dig Dug;2018-03-15 21:15:57;1
281470;iZombie;4;2;Blue Bloody;2018-03-15 20:01:40;1
305288;Stranger Things;2;4;Chapter Four: Will the Wise;2018-03-14 21:24:18;1
305288;Stranger Things;2;3;Chapter Three: The Pollywog;2018-03-14 20:41:42;1
330139;Violet Evergarden;1;10;Loved Ones Will Always Watch Over You;2018-03-14 19:54:50;1
305288;Stranger Things;2;2;Chapter Two: Trick or Treat, Freak;2018-03-14 19:54:48;1
305288;Stranger Things;2;1;Chapter One: MADMAX;2018-03-14 19:54:46;1
305288;Stranger Things;1;8;Chapter Eight: The Upside Down;2018-03-13 22:59:50;1
305288;Stranger Things;1;7;Chapter Seven: The Bathtub;2018-03-13 22:08:30;1
305288;Stranger Things;1;6;Chapter Six: The Monster;2018-03-13 22:08:26;1
95011;Modern Family;9;15;Spanks for the Memories;2018-03-12 23:24:49;1
80379;The Big Bang Theory;11;17;The Athenaeum Allocation;2018-03-12 23:01:58;1
330139;Violet Evergarden;1;9;Violet Evergarden;2018-03-12 22:41:35;1
305288;Stranger Things;1;5;Chapter Five: The Flea and the Acrobat;2018-03-09 17:49:37;1
305288;Stranger Things;1;4;Chapter Four: The Body;2018-03-08 17:47:23;1
305288;Stranger Things;1;3;Chapter Three: Holly, Jolly;2018-03-06 17:03:57;1
305288;Stranger Things;1;2;Chapter Two: The Weirdo on Maple Street;2018-03-06 13:59:18;1
305288;Stranger Things;1;1;Chapter One: The Vanishing of Will Byers;2018-03-06 11:59:45;1
277953;Mr. Pickles;3;4;Telemarketers Are the Devil;2018-03-06 09:02:09;1
277953;Mr. Pickles;3;3;S.H.O.E.S.;2018-03-06 08:50:43;1
277953;Mr. Pickles;3;2;Momma's Boy;2018-03-05 17:38:45;1
277953;Mr. Pickles;3;1;Brain Download;2018-03-05 17:26:20;1
80379;The Big Bang Theory;11;16;The Neonatal Nomenclature;2018-03-04 17:18:47;1
284131;The Seven Deadly Sins;2;8;The Druids' Holy Land;2018-03-04 17:18:45;1
95011;Modern Family;9;14;Written in the Stars;2018-03-03 20:54:25;1
330139;Violet Evergarden;1;8;Episode 8;2018-03-01 22:45:02;1
284131;The Seven Deadly Sins;2;7;Where Memories Lead;2018-03-01 22:22:08;1
284131;The Seven Deadly Sins;2;6;The Great Holy Knight Atones For His Sins;2018-03-01 22:00:13;1
281470;iZombie;4;1;Are You Ready for Some Zombies?;2018-03-01 21:37:06;1
330139;Violet Evergarden;1;7;Nameless;2018-02-24 18:52:16;1
330139;Violet Evergarden;1;6;Somewhere, Under a Starry Sky;2018-02-16 23:00:57;1
321670;DanMachi - Sword Oratoria;1;2;Fittings and Purchases;2018-02-12 21:46:21;1
321670;DanMachi - Sword Oratoria;1;1;The Sword Princess and the Elf;2018-02-12 21:21:30;1
289882;Is It Wrong to Try to Pick Up Girls in a Dungeon?;1;1;Is It Wrong to Expect a Hot Spring in a Dungeon?;2018-02-12 20:53:20;1
289882;Is It Wrong to Try to Pick Up Girls in a Dungeon?;1;13;(Familia Myth) The Story of a Familia;2018-02-12 20:24:40;1
289882;Is It Wrong to Try to Pick Up Girls in a Dungeon?;1;12;(Show) Evil Intentions;2018-02-12 20:03:26;1
289882;Is It Wrong to Try to Pick Up Girls in a Dungeon?;1;11;(Under Resort) Labyrinth Utopia;2018-02-12 19:42:35;1
289882;Is It Wrong to Try to Pick Up Girls in a Dungeon?;1;10;(Pass Parade) Procession of Monsters;2018-02-12 19:22:24;1
289882;Is It Wrong to Try to Pick Up Girls in a Dungeon?;1;9;(Welf Crozzo) Blacksmith;2018-02-12 19:02:06;1
289882;Is It Wrong to Try to Pick Up Girls in a Dungeon?;1;8;(Argonaut) Wanting To Be A Hero;2018-02-12 18:42:11;1
289882;Is It Wrong to Try to Pick Up Girls in a Dungeon?;1;7;(Aiz Wallenstein) Sword Princess;2018-02-12 18:21:12;1
289882;Is It Wrong to Try to Pick Up Girls in a Dungeon?;1;6;(Liliruca Arde) Reason;2018-02-12 12:06:06;1
289882;Is It Wrong to Try to Pick Up Girls in a Dungeon?;1;5;(Grimoire) Magic Book;2018-02-12 11:42:34;1
289882;Is It Wrong to Try to Pick Up Girls in a Dungeon?;1;4;(Supporter) The Weak;2018-02-12 11:10:35;1
289882;Is It Wrong to Try to Pick Up Girls in a Dungeon?;1;3;(Hestia Knife) The Blade of a God;2018-02-12 10:45:38;1
289882;Is It Wrong to Try to Pick Up Girls in a Dungeon?;1;2;(Monsterphilia) Monster Festival;2018-02-12 10:23:55;1
289882;Is It Wrong to Try to Pick Up Girls in a Dungeon?;1;1;(Bell Cranel) Adventurer;2018-02-12 00:05:57;1
284131;The Seven Deadly Sins;2;5;Overwhelming Violence;2018-02-11 23:19:05;1
284131;The Seven Deadly Sins;2;4;The Ten Commandments on the Move;2018-02-11 22:57:41;1
284131;The Seven Deadly Sins;2;3;Sacred Treasure Lostvayne;2018-02-11 22:31:54;1
284131;The Seven Deadly Sins;2;2;Existence and Proof;2018-02-11 22:10:48;1
284131;The Seven Deadly Sins;2;1;Revival of the Demon Clan;2018-02-11 21:20:47;1
338192;Devilman Crybaby;1;10;Crybaby;2018-02-11 20:53:42;1
338192;Devilman Crybaby;1;9;Go to Hell, You Mortals;2018-02-11 20:30:44;1
338192;Devilman Crybaby;1;8;I Must Know Myself;2018-02-11 20:08:57;1
338192;Devilman Crybaby;1;7;Weak Humans, Wise Demons;2018-02-11 19:45:05;1
338192;Devilman Crybaby;1;6;Neither Demon Nor Human;2018-02-11 19:19:34;1
338192;Devilman Crybaby;1;5;Beautiful Silene;2018-02-11 18:34:24;1
338192;Devilman Crybaby;1;4;Come, Akira;2018-02-11 18:12:18;1
338192;Devilman Crybaby;1;3;Believe Me!;2018-02-11 17:50:15;1
338192;Devilman Crybaby;1;2;One Hand Is Enough;2018-02-11 17:20:40;1
330139;Violet Evergarden;1;5;You Write Letters That Bring People Together?;2018-02-10 23:31:01;1
80379;The Big Bang Theory;11;15;The Novelization Correlation;2018-02-04 00:53:07;1
330139;Violet Evergarden;1;4;You Won't Be a Tool, But a Person Worthy of That Name;2018-02-03 18:24:16;1
338192;Devilman Crybaby;1;1;I Need You;2018-01-30 00:04:08;1
253463;Black Mirror;4;3;Crocodile;2018-01-28 23:11:09;1
171591;High School of the Dead;1;1;Spring of the DEAD;2018-01-28 21:50:45;1
330139;Violet Evergarden;1;3;May You Be an Exemplary Auto Memoir Doll;2018-01-28 18:12:13;1
330139;Violet Evergarden;1;2;Never Coming Back;2018-01-28 17:46:44;1
330139;Violet Evergarden;1;1;"I Love You" and Auto Memoir Dolls;2018-01-28 12:24:44;1
80379;The Big Bang Theory;11;14;The Separation Triangulation;2018-01-25 20:09:44;1
95011;Modern Family;9;13;In Your Head;2018-01-19 11:37:56;1
80379;The Big Bang Theory;11;13;The Solo Oscillation;2018-01-14 15:37:08;1
95011;Modern Family;9;12;Dear Beloved Family;2018-01-14 13:44:08;1
253463;Black Mirror;4;2;Arkangel;2018-01-14 00:29:55;1
253463;Black Mirror;4;1;USS Callister;2018-01-11 23:47:24;1
331431;Big Mouth;1;10;The Pornscape;2018-01-10 23:18:11;1
331431;Big Mouth;1;9;I Survived Jessi's Bat Mitzvah;2018-01-10 22:53:17;1
331431;Big Mouth;1;8;The Head Push;2018-01-10 22:53:16;1
331431;Big Mouth;1;7;Requiem for a Wet Dream;2018-01-08 23:45:13;1
331431;Big Mouth;1;6;Pillow Talk;2018-01-08 23:22:24;1
331431;Big Mouth;1;5;Girls Are Horny Too;2018-01-08 23:21:21;1
80379;The Big Bang Theory;11;12;The Matrimonial Metric;2018-01-07 18:41:53;1
95011;Modern Family;9;11;He Said, She Shed;2018-01-07 18:18:41;1
331431;Big Mouth;1;4;Sleepover: A Harrowing Ordeal of Emotional Brutality;2018-01-05 12:39:41;1
331431;Big Mouth;1;3;Am I Gay?;2018-01-05 12:14:24;1
331431;Big Mouth;1;2;Everybody Bleeds;2018-01-05 12:14:22;1
331431;Big Mouth;1;1;Ejaculation;2018-01-05 12:13:56;1
72459;Sonic X;3;26;So Long, Sonic;2018-01-03 22:51:51;1
72459;Sonic X;3;25;A Fearless Friend;2018-01-03 22:31:02;1
72459;Sonic X;3;24;The Light in the Darkness;2018-01-03 12:46:10;1
72459;Sonic X;3;23;Agent of Mischief;2018-01-03 12:22:56;1
72459;Sonic X;3;22;Eye Spy;2018-01-03 12:22:56;1
72459;Sonic X;3;21;The Cosmo Conspiracy;2018-01-03 12:21:26;1
72459;Sonic X;3;20;Zelkova Strikes Back;2018-01-02 23:31:43;1
72459;Sonic X;3;19;Hedgehog Hunt;2018-01-02 23:11:02;1
72459;Sonic X;3;18;Terror on the Typhoon;2018-01-02 22:49:24;1
72459;Sonic X;3;17;The Planet of Misfortune;2018-01-02 22:27:29;1
72459;Sonic X;3;16;A Revolutionary Tale;2018-01-01 22:58:40;1
72459;Sonic X;3;15;Testing Time;2018-01-01 22:37:59;1
72459;Sonic X;3;14;Clash in the Cloister;2018-01-01 22:17:17;1
72459;Sonic X;3;13;Mission: Match-Up;2018-01-01 21:56:35;1
72459;Sonic X;3;12;A Metarex Melee;2018-01-01 21:35:59;1
72459;Sonic X;3;11;Station Break-In;2018-01-01 21:14:25;1
72459;Sonic X;3;10;An Underground Odyssey;2018-01-01 20:53:31;1
72459;Sonic X;3;9;Ship of Doom;2018-01-01 18:42:46;1
95011;Modern Family;9;10;No Small Feet;2018-01-01 16:43:48;1
72459;Sonic X;3;8;Trick Sand;2018-01-01 16:22:06;1
72459;Sonic X;3;7;Galactic Gumshoes;2018-01-01 16:00:32;1
72459;Sonic X;3;6;Desperately Seeking Sonic;2018-01-01 15:35:20;1
72459;Sonic X;3;5;A Chilling Discovery;2018-01-01 14:57:33;1
72459;Sonic X;3;4;An Enemy in Need;2018-01-01 14:36:37;1
72459;Sonic X;3;3;H2 Whoa;2018-01-01 14:15:16;1
72459;Sonic X;3;2;Cosmic Crisis;2018-01-01 13:54:08;1
72459;Sonic X;3;1;A Cosmic Call;2018-01-01 13:31:59;1
72459;Sonic X;2;26;A New Start;2018-01-01 13:11:07;1
72459;Sonic X;2;25;Friends 'Til the End;2018-01-01 12:49:26;1
72459;Sonic X;2;24;Running Out of Time;2017-12-31 18:17:53;1
72459;Sonic X;2;23;The Beginning of the End;2017-12-31 17:48:13;1
72459;Sonic X;2;22;The Volcanic Venture;2017-12-31 17:27:24;1
72459;Sonic X;2;21;Map of Mayhem;2017-12-31 13:15:55;1
72459;Sonic X;2;20;A Wild Win;2017-12-31 12:54:40;1
72459;Sonic X;2;19;Prize Fights;2017-12-31 12:33:43;1
72459;Sonic X;2;18;The Sewer Search;2017-12-31 12:11:59;1
72459;Sonic X;2;17;Mean Machines;2017-12-31 12:11:56;1
72459;Sonic X;2;16;A Date to Forget;2017-12-31 11:29:08;1
72459;Sonic X;2;15;Eggman for President;2017-12-30 19:38:51;1
72459;Sonic X;2;14;Sunblock Solution;2017-12-30 19:17:13;1
290508;L'Espion aux deux visages;1;1;Episode 1;2017-12-27 22:24:25;1
323843;Bill Nye sauve le monde;1;5;The Original Martian Invasion;2017-12-27 17:49:09;1
323843;Bill Nye sauve le monde;1;4;More Food, Less Hype;2017-12-27 17:49:04;1
78804;Doctor Who (2005);10;154;Twice Upon a Time;2017-12-26 21:08:53;1
72459;Sonic X;2;13;Defective Detectives;2017-12-19 22:58:30;1
72459;Sonic X;2;12;Showdown in Space;2017-12-19 22:15:32;1
72459;Sonic X;2;11;Robotnik's Revenge;2017-12-19 22:05:42;1
80379;The Big Bang Theory;11;11;The Celebration Reverberation;2017-12-17 23:45:53;1
323843;Bill Nye sauve le monde;1;3;Machines Take Over the World;2017-12-17 23:25:04;1
72459;Sonic X;2;10;Shadow World;2017-12-15 12:22:28;1
72459;Sonic X;2;9;Sonic's Big Break;2017-12-15 12:00:46;1
72459;Sonic X;2;8;Shadow Knows;2017-12-15 11:38:58;1
72459;Sonic X;2;7;Project: Shadow;2017-12-14 22:12:13;1
72459;Sonic X;2;6;Flood Fight;2017-12-14 21:51:16;1
72459;Sonic X;2;5;Revenge of the Robot;2017-12-14 21:51:14;1
72459;Sonic X;2;4;Heads Up, Tails!;2017-12-14 21:29:42;1
72459;Sonic X;2;3;A Robot Rebels;2017-12-14 21:09:03;1
72459;Sonic X;2;2;A Chaotic Day;2017-12-14 13:13:23;1
72459;Sonic X;2;1;Pure Chaos;2017-12-14 12:52:40;1
323843;Bill Nye sauve le monde;1;2;Tune Your Quack-o-Meter;2017-12-14 12:32:44;1
72459;Sonic X;1;26;Countdown to Chaos;2017-12-13 14:04:45;1
72459;Sonic X;1;25;A Dastardly Deed;2017-12-13 13:12:11;1
72459;Sonic X;1;24;How to Catch a Hedgehog;2017-12-13 12:37:48;1
72459;Sonic X;1;23;Emerald Anniversary;2017-12-13 12:15:05;1
72459;Sonic X;1;22;Little Chao Lost;2017-12-13 11:52:59;1
72459;Sonic X;1;21;Fast Friends;2017-12-12 22:57:23;1
72459;Sonic X;1;20;Cruise Blues;2017-12-12 22:36:14;1
72459;Sonic X;1;19;Sonic's Scream Test;2017-12-12 22:14:40;1
72459;Sonic X;1;18;The Dam Scam;2017-12-12 12:35:20;1
72459;Sonic X;1;17;The Adventures of Knuckles and Hawk;2017-12-12 11:50:15;1
72459;Sonic X;1;16;Depths of Danger;2017-12-11 23:02:18;1
72459;Sonic X;1;15;Skirmish in the Sky;2017-12-11 22:41:04;1
323843;Bill Nye sauve le monde;1;1;Earth Is a Hot Mess;2017-12-11 22:10:31;1
72459;Sonic X;1;14;That's What Friends are For;2017-12-11 12:40:40;1
72459;Sonic X;1;13;Beating Eggman (2);2017-12-11 12:17:34;1
72459;Sonic X;1;12;Beating Eggman (1);2017-12-10 22:26:52;1
72459;Sonic X;1;11;Fly Spy;2017-12-10 22:06:49;1
72459;Sonic X;1;10;Unfair Ball;2017-12-10 21:46:01;1
72459;Sonic X;1;9;The Last Resort;2017-12-10 21:25:05;1
72459;Sonic X;1;8;Satellite Swindle;2017-12-10 21:04:39;1
72459;Sonic X;1;7;Party Hardly;2017-12-10 20:44:25;1
72459;Sonic X;1;6;Techno Teacher;2017-12-10 20:22:57;1
72459;Sonic X;1;5;Cracking Knuckles;2017-12-10 20:21:59;1
248682;New Girl;5;1;Big Mama P;2017-12-10 19:38:41;1
331980;Marvel's The Punisher;1;13;Memento Mori;2017-12-10 18:14:11;1
331980;Marvel's The Punisher;1;12;Home;2017-12-10 17:22:16;1
331980;Marvel's The Punisher;1;11;Danger Close;2017-12-10 16:32:30;1
331980;Marvel's The Punisher;1;10;Virtue of the Vicious;2017-12-10 15:43:15;1
331980;Marvel's The Punisher;1;9;Front Toward Enemy;2017-12-10 14:55:59;1
95011;Modern Family;9;9;Tough Love;2017-12-10 13:26:43;1
95011;Modern Family;9;8;Brushes with Celebrity;2017-12-10 13:04:58;1
95011;Modern Family;9;7;Winner Winner Turkey Dinner;2017-12-10 12:43:07;1
80379;The Big Bang Theory;11;10;The Confidence Erosion;2017-12-10 12:43:04;1
252322;Hunter x Hunter (2011);3;12;Past x And x Future;2017-12-10 11:42:28;1
252322;Hunter x Hunter (2011);3;11;Salvation x And x Future;2017-12-10 11:18:19;1
252322;Hunter x Hunter (2011);3;10;Chairman x And x Release;2017-12-10 11:18:17;1
252322;Hunter x Hunter (2011);3;9;Defeat x And x Reunion;2017-12-10 10:48:49;1
252322;Hunter x Hunter (2011);3;8;Approval x And x Coalition;2017-12-10 10:48:45;1
252322;Hunter x Hunter (2011);3;7;Sin x And x Claw;2017-12-08 13:14:43;1
111371;Noob;9;8;Gigazertek;2017-12-08 13:14:40;1
252322;Hunter x Hunter (2011);3;6;Needles x And x Debt;2017-12-08 12:43:36;1
252322;Hunter x Hunter (2011);3;5;Magician x And x Butler;2017-12-08 12:43:29;1
252322;Hunter x Hunter (2011);3;4;Joining the Fray x And x Open Hostilities;2017-12-08 12:43:24;1
252322;Hunter x Hunter (2011);3;3;Alluka x And x Something;2017-12-08 00:09:52;1
252322;Hunter x Hunter (2011);3;2;Request x And x Wish;2017-12-07 23:48:37;1
252322;Hunter x Hunter (2011);3;1;Debate x Among x Zodiacs;2017-12-07 13:45:23;1
252322;Hunter x Hunter (2011);2;78;Homecoming x And x True Name;2017-12-07 13:25:51;1
252322;Hunter x Hunter (2011);2;77;This Person x And x This Moment;2017-12-07 13:25:50;1
252322;Hunter x Hunter (2011);2;76;The Word x Is x You;2017-12-07 13:25:36;1
252322;Hunter x Hunter (2011);2;75;Deadline x To x Live;2017-12-07 13:25:35;1
252322;Hunter x Hunter (2011);2;74;Flash x And x Start;2017-12-07 13:25:33;1
252322;Hunter x Hunter (2011);2;73;Anger x And x Light;2017-12-07 13:25:32;1
252322;Hunter x Hunter (2011);2;72;Magic x to x Destroy;2017-12-07 13:25:31;1
252322;Hunter x Hunter (2011);2;71;Formidable Enemy x And x Clear Objective;2017-12-07 13:25:29;1
252322;Hunter x Hunter (2011);2;70;Unparalleled Joy x And x Unconditional Love;2017-12-05 23:40:57;1
252322;Hunter x Hunter (2011);2;69;Hostility x And x Determination;2017-12-05 22:11:38;1
252322;Hunter x Hunter (2011);2;68;Zero x And x Rose;2017-12-05 21:42:36;1
252322;Hunter x Hunter (2011);2;67;Great Power x And x Ultimate Power;2017-12-05 21:42:33;1
252322;Hunter x Hunter (2011);2;66;Breakdown x And x Awakening;2017-12-05 20:59:52;1
252322;Hunter x Hunter (2011);2;65;Centipede x And x Memory;2017-12-05 20:49:04;1
252322;Hunter x Hunter (2011);2;64;Pose x And x Name;2017-12-05 20:49:02;1
252322;Hunter x Hunter (2011);2;63;Defeat x And x Dignity;2017-12-05 20:03:01;1
252322;Hunter x Hunter (2011);2;62;Fake x And x Real;2017-12-05 20:02:55;1
252322;Hunter x Hunter (2011);2;61;Strong x Or x Weak;2017-12-05 20:02:53;1
252322;Hunter x Hunter (2011);2;60;A x False x Rage;2017-12-05 20:02:51;1
252322;Hunter x Hunter (2011);2;59;Insult x And x Payback;2017-12-05 20:02:50;1
252322;Hunter x Hunter (2011);2;58;Revenge x And x Recovery;2017-12-04 22:22:07;1
252322;Hunter x Hunter (2011);2;57;Duty x and x Question;2017-12-04 22:05:15;1
252322;Hunter x Hunter (2011);2;56;Divide x And x Conquer;2017-12-04 22:05:08;1
252322;Hunter x Hunter (2011);2;55;An x Indebted x Insect;2017-12-04 22:05:06;1
252322;Hunter x Hunter (2011);2;54;Monster x And x Monster;2017-12-04 21:01:57;1
252322;Hunter x Hunter (2011);2;53;Charge x And x Invade;2017-12-04 21:01:45;1
252322;Hunter x Hunter (2011);2;52;Confusion x And x Expectation;2017-12-04 20:21:50;1
252322;Hunter x Hunter (2011);2;51;Taking Stock x And x Taking Action;2017-12-04 20:21:43;1
252322;Hunter x Hunter (2011);2;50;Gungi x Of x Komugi;2017-12-04 20:21:29;1
252322;Hunter x Hunter (2011);2;49;Return x And x Retire;2017-12-04 20:21:27;1
252322;Hunter x Hunter (2011);2;48;Knov x And x Morel;2017-12-03 22:54:27;1
80379;The Big Bang Theory;11;9;The Bitcoin Entanglement;2017-12-03 22:54:24;1
252322;Hunter x Hunter (2011);2;47;Resolve x And x Awakening;2017-12-03 22:11:12;1
252322;Hunter x Hunter (2011);2;46;Doubt x And x Hesitation;2017-12-03 21:50:42;1
252322;Hunter x Hunter (2011);2;45;Check x And x Mate;2017-12-03 21:29:20;1
252322;Hunter x Hunter (2011);2;30;Rock, Paper, Scissors x And x Weakness;2017-12-01 16:20:27;1
252322;Hunter x Hunter (2011);2;29;Duel x And x Escape;2017-11-28 23:31:46;1
252322;Hunter x Hunter (2011);2;28;Promise x And x Reunion;2017-11-27 23:11:06;1
252322;Hunter x Hunter (2011);2;27;Light x And x Dark;2017-11-27 22:52:31;1
252322;Hunter x Hunter (2011);2;26;A x Fated x Awakening;2017-11-27 22:52:23;1
252322;Hunter x Hunter (2011);2;25;Inspiration x To x Evolve;2017-11-27 22:52:09;1
252322;Hunter x Hunter (2011);2;24;Kite x And x Slots;2017-11-27 22:52:05;1
252322;Hunter x Hunter (2011);2;23;The x Fight x Begins;2017-11-27 20:08:11;1
252322;Hunter x Hunter (2011);2;22;Evil x And x Terrible;2017-11-27 20:08:05;1
252322;Hunter x Hunter (2011);2;21;No x Good x NGL;2017-11-27 11:47:44;1
252322;Hunter x Hunter (2011);2;20;Very x Rapid x Reproduction;2017-11-26 19:50:52;1
252322;Hunter x Hunter (2011);2;19;Unease x And x Sighting;2017-11-26 19:30:40;1
252322;Hunter x Hunter (2011);2;18;Reunion x And x Understanding;2017-11-26 18:27:49;1
252322;Hunter x Hunter (2011);2;17;Ging's Friends x And x True Friends;2017-11-26 18:08:24;1
252322;Hunter x Hunter (2011);2;16;Victor x And x Loser;2017-11-26 18:08:19;1
252322;Hunter x Hunter (2011);2;15;Insanity x And x Sanity;2017-11-26 11:24:00;1
252322;Hunter x Hunter (2011);2;14;Chase x And x Chance;2017-11-26 11:23:57;1
252322;Hunter x Hunter (2011);2;13;Bargain x And x Deal;2017-11-26 11:23:54;1
252322;Hunter x Hunter (2011);2;12;Guts x And x Courage;2017-11-26 11:23:50;1
252322;Hunter x Hunter (2011);2;11;A x Heated x Showdown;2017-11-26 11:23:49;1
252322;Hunter x Hunter (2011);2;10;Pirates x And x Guesses;2017-11-26 11:23:46;1
331980;Marvel's The Punisher;1;8;Cold Steel;2017-11-24 00:01:58;1
331980;Marvel's The Punisher;1;7;Crosshairs;2017-11-23 23:12:02;1
252322;Hunter x Hunter (2011);2;9;15 x 15;2017-11-23 21:09:34;1
252322;Hunter x Hunter (2011);2;8;Strategy x And x Scheme;2017-11-23 21:09:33;1
252322;Hunter x Hunter (2011);2;7;Evil Fist x And x Rock, Paper, Scissors;2017-11-23 21:09:31;1
252322;Hunter x Hunter (2011);2;6;Strengthen x And x Threaten;2017-11-23 21:09:28;1
252322;Hunter x Hunter (2011);2;5;A x Hard x Master;2017-11-23 21:09:24;1
331980;Marvel's The Punisher;1;6;The Judas Goat;2017-11-21 15:02:54;1
331980;Marvel's The Punisher;1;5;Gunner;2017-11-21 13:19:07;1
252322;Hunter x Hunter (2011);2;4;Reality x And x Raw;2017-11-20 12:36:21;1
252322;Hunter x Hunter (2011);2;3;Invitation x And x Friend;2017-11-20 11:35:14;1
72459;Sonic X;1;4;Chaos Emerald Chaos;2017-11-19 22:57:21;1
72459;Sonic X;1;3;Missile Wrist Rampage;2017-11-19 22:34:32;1
72459;Sonic X;1;2;Sonic to the Rescue;2017-11-19 22:22:19;1
72459;Sonic X;1;1;Chaos Control Freaks;2017-11-19 21:49:10;1
331980;Marvel's The Punisher;1;1;3AM;2017-11-19 20:27:29;1
331980;Marvel's The Punisher;1;2;Two Dead Men;2017-11-19 19:58:33;1
331980;Marvel's The Punisher;1;4;Resupply;2017-11-19 15:11:15;1
331980;Marvel's The Punisher;1;3;Kandahar;2017-11-19 14:04:28;1
80379;The Big Bang Theory;11;8;The Tesla Recoil;2017-11-18 23:36:48;1
252322;Hunter x Hunter (2011);2;2;End x And x Beginning;2017-11-17 12:18:30;1
252322;Hunter x Hunter (2011);2;1;Bid x And x Haste;2017-11-17 12:18:28;1
252322;Hunter x Hunter (2011);1;58;Signal x To x Retreat;2017-11-17 11:55:53;1
252322;Hunter x Hunter (2011);1;57;Initiative x And x Law;2017-11-17 11:55:50;1
252322;Hunter x Hunter (2011);1;56;Beloved x And x Beleaguered;2017-11-17 11:55:37;1
252322;Hunter x Hunter (2011);1;55;Allies x And x Lies;2017-11-17 11:55:35;1
252322;Hunter x Hunter (2011);1;54;Fortunes x Aren't x Right;2017-11-17 11:55:32;1
252322;Hunter x Hunter (2011);1;53;Fake x And x Psyche;2017-11-17 11:55:30;1
252322;Hunter x Hunter (2011);1;52;Assault x And x Impact;2017-11-17 11:55:28;1
252322;Hunter x Hunter (2011);1;51;A x Brutal x Battlefield;2017-11-15 11:59:15;1
252322;Hunter x Hunter (2011);1;50;Ally x and x Sword;2017-11-15 11:59:09;1
252322;Hunter x Hunter (2011);1;49;Pursuit x and x Analysis;2017-11-14 12:40:42;1
252322;Hunter x Hunter (2011);1;48;Very x Sharp x Eye;2017-11-14 12:40:34;1
252322;Hunter x Hunter (2011);1;47;Condition x and x Condition;2017-11-14 11:49:48;1
252322;Hunter x Hunter (2011);1;46;Chasing x and x Waiting;2017-11-14 11:30:54;1
252322;Hunter x Hunter (2011);1;45;Restraint x And x Vow;2017-11-13 12:37:04;1
252322;Hunter x Hunter (2011);1;44;Buildup x To A x Fierce Battle;2017-11-13 11:59:55;1
252322;Hunter x Hunter (2011);1;43;A x Shocking x Tragedy;2017-11-13 11:59:51;1
252322;Hunter x Hunter (2011);1;38;Reply x From x Dad;2017-11-13 11:40:39;1
252322;Hunter x Hunter (2011);1;37;Ging x And x Gon;2017-11-13 11:40:36;1
252322;Hunter x Hunter (2011);1;36;A Big Debt x And x A Small Kick;2017-11-13 11:40:28;1
252322;Hunter x Hunter (2011);1;35;The x True x Pass;2017-11-13 11:40:26;1
95011;Modern Family;9;6;Ten Years Later;2017-11-12 23:01:16;1
95011;Modern Family;9;5;It's the Great Pumpkin, Phil Dunphy;2017-11-12 22:37:54;1
80379;The Big Bang Theory;11;7;The Geology Methodology;2017-11-12 22:13:23;1
80379;The Big Bang Theory;11;6;The Proton Regeneration;2017-11-12 21:53:00;1
80379;The Big Bang Theory;11;5;The Collaboration Contamination;2017-11-12 21:31:59;1
80379;The Big Bang Theory;11;4;The Explosion Implosion;2017-11-12 21:13:05;1
80379;The Big Bang Theory;11;3;The Relaxation Integration;2017-11-12 20:52:31;1
80379;The Big Bang Theory;11;2;The Retraction Reaction;2017-11-12 20:52:29;1
80379;The Big Bang Theory;11;1;The Proposal Proposal;2017-11-12 20:05:51;1
80379;The Big Bang Theory;10;24;The Long Distance Dissonance;2017-11-12 11:28:27;1
80379;The Big Bang Theory;10;23;The Gyroscopic Collapse;2017-11-12 11:09:09;1
80379;The Big Bang Theory;10;22;The Cognition Regeneration;2017-11-12 10:50:02;1
80379;The Big Bang Theory;10;21;The Separation Agitation;2017-11-12 10:30:44;1
80379;The Big Bang Theory;10;20;The Recollection Dissipation;2017-11-12 10:14:28;1
252322;Hunter x Hunter (2011);1;34;Power x To x Avenge;2017-11-10 11:45:57;1
252322;Hunter x Hunter (2011);1;33;An x Empty x Threat;2017-11-10 11:45:56;1
252322;Hunter x Hunter (2011);1;32;A x Surprising x Win;2017-11-10 11:45:45;1
252322;Hunter x Hunter (2011);1;31;Destiny x and x Tenacity;2017-11-10 11:45:42;1
80379;The Big Bang Theory;10;19;The Collaboration Fluctuation;2017-11-09 23:03:05;1
80379;The Big Bang Theory;10;18;The Escape Hatch Identification;2017-11-09 23:03:04;1
80379;The Big Bang Theory;10;17;The Comic-Con Conundrum;2017-11-09 23:03:02;1
80379;The Big Bang Theory;10;16;The Allowance Evaporation;2017-11-09 22:00:05;1
80379;The Big Bang Theory;10;15;The Locomotion Reverberation;2017-11-09 22:00:03;1
80379;The Big Bang Theory;10;14;The Emotion Detection Automation;2017-11-07 22:52:44;1
80379;The Big Bang Theory;10;13;The Romance Recalibration;2017-11-06 12:30:03;1
265601;Dofus, aux trésors de Kerubim;1;52;Goodbye;2017-11-06 12:08:59;1
80379;The Big Bang Theory;10;12;The Holiday Summation;2017-11-05 22:49:28;1
80379;The Big Bang Theory;10;11;The Birthday Synchronicity;2017-11-05 22:26:40;1
80379;The Big Bang Theory;10;10;The Property Division Collision;2017-11-05 22:06:23;1
80379;The Big Bang Theory;10;9;The Geology Elevation;2017-11-05 21:46:13;1
80379;The Big Bang Theory;10;8;The Brain Bowl Incubation;2017-11-05 21:26:52;1
80379;The Big Bang Theory;10;7;The Veracity Elasticity;2017-11-05 21:26:50;1
80379;The Big Bang Theory;10;6;The Fetal Kick Catalyst;2017-11-05 20:43:21;1
265601;Dofus, aux trésors de Kerubim;1;51;High-Temperatur Trap;2017-11-03 12:59:51;1
265601;Dofus, aux trésors de Kerubim;1;50;Deadly Charm;2017-11-03 12:41:18;1
265601;Dofus, aux trésors de Kerubim;1;49;The Gelevision;2017-11-03 12:29:37;1
265601;Dofus, aux trésors de Kerubim;1;48;Role Plays;2017-11-03 12:18:00;1
265601;Dofus, aux trésors de Kerubim;1;47;Indie;2017-11-03 11:50:20;1
265601;Dofus, aux trésors de Kerubim;1;46;The Hacienda's Fever;2017-11-03 11:38:40;1
265601;Dofus, aux trésors de Kerubim;1;45;The Charming Justiciars 2;2017-11-03 11:33:51;1
265601;Dofus, aux trésors de Kerubim;1;44;My Papycha, the Secondhand Dealer;2017-11-03 11:14:37;1
265601;Dofus, aux trésors de Kerubim;1;43;The Dream Mixer;2017-11-03 11:14:32;1
265601;Dofus, aux trésors de Kerubim;1;42;The Trial;2017-11-02 12:39:41;1
265601;Dofus, aux trésors de Kerubim;1;41;The Sword of Nine Tails;2017-11-02 12:24:31;1
265601;Dofus, aux trésors de Kerubim;1;40;The Beginning;2017-11-02 12:12:57;1
265601;Dofus, aux trésors de Kerubim;1;39;The Love Killer;2017-11-02 11:50:27;1
265601;Dofus, aux trésors de Kerubim;1;38;Dragodingues;2017-11-02 11:50:26;1
265601;Dofus, aux trésors de Kerubim;1;37;The Charming Justiciars;2017-11-02 11:26:45;1
80379;The Big Bang Theory;10;5;The Hot Tub Contamination;2017-11-01 22:09:44;1
80379;The Big Bang Theory;10;4;The Cohabitation Experimentation;2017-11-01 21:49:38;1
80379;The Big Bang Theory;10;3;The Dependence Transcendence;2017-11-01 21:29:29;1
80379;The Big Bang Theory;10;2;The Military Miniaturization;2017-11-01 21:09:18;1
252322;Hunter x Hunter (2011);1;30;Fierce x and x Ferocious;2017-11-01 20:34:42;1
111371;Noob;9;7;The Halloween Event;2017-11-01 20:34:34;1
252322;Hunter x Hunter (2011);1;29;Awakening x And x Potential;2017-11-01 20:13:51;1
265601;Dofus, aux trésors de Kerubim;1;36;The Ding-Dong Belt;2017-10-31 12:48:46;1
265601;Dofus, aux trésors de Kerubim;1;35;The Gobball Set;2017-10-31 12:37:28;1
265601;Dofus, aux trésors de Kerubim;1;34;Heads for no Tails;2017-10-31 12:25:29;1
265601;Dofus, aux trésors de Kerubim;1;33;Noffoub's Fountain;2017-10-31 11:54:06;1
265601;Dofus, aux trésors de Kerubim;1;32;Pupuce's Life;2017-10-31 11:42:07;1
265601;Dofus, aux trésors de Kerubim;1;31;The Break;2017-10-31 11:42:04;1
80379;The Big Bang Theory;10;1;The Conjugal Conjecture;2017-10-30 21:50:38;1
80379;The Big Bang Theory;9;24;The Convergence Convergence;2017-10-30 21:50:35;1
80379;The Big Bang Theory;9;23;The Line Substitution Solution;2017-10-30 21:50:32;1
265601;Dofus, aux trésors de Kerubim;1;30;Bonta Folie's;2017-10-30 12:40:53;1
80379;The Big Bang Theory;9;22;The Fermentation Bifurcation;2017-10-29 22:23:09;1
80379;The Big Bang Theory;9;21;The Viewing Party Combustion;2017-10-29 22:03:08;1
80379;The Big Bang Theory;9;20;The Big Bear Precipitation;2017-10-29 22:03:06;1
80379;The Big Bang Theory;9;19;The Solder Excursion Diversion;2017-10-29 22:03:04;1
80379;The Big Bang Theory;9;18;The Application Deterioration;2017-10-27 22:13:22;1
80379;The Big Bang Theory;9;17;The Celebration Experimentation;2017-10-27 21:53:52;1
265601;Dofus, aux trésors de Kerubim;1;29;Ecaflip City 3;2017-10-27 11:42:53;1
265601;Dofus, aux trésors de Kerubim;1;28;Ecaflip City 2;2017-10-27 11:42:51;1
265601;Dofus, aux trésors de Kerubim;1;27;Ecaflip City 1;2017-10-27 11:42:49;1
265601;Dofus, aux trésors de Kerubim;1;26;A Hairy Mystery;2017-10-27 11:08:19;1
80379;The Big Bang Theory;9;16;The Positive Negative Reaction;2017-10-26 21:09:01;1
80379;The Big Bang Theory;9;15;The Valentino Submergence;2017-10-26 20:44:54;1
80379;The Big Bang Theory;9;14;The Meemaw Materialization;2017-10-26 20:24:39;1
80379;The Big Bang Theory;9;13;The Empathy Optimization;2017-10-26 20:05:41;1
80379;The Big Bang Theory;9;12;The Sales Call Sublimation;2017-10-26 19:45:29;1
80379;The Big Bang Theory;9;11;The Opening Night Excitation;2017-10-26 19:45:20;1
80379;The Big Bang Theory;9;10;The Earworm Reverberation;2017-10-26 19:45:08;1
80379;The Big Bang Theory;9;9;The Platonic Permutation;2017-10-26 19:05:07;1
265601;Dofus, aux trésors de Kerubim;1;25;SOS Adventures;2017-10-25 11:19:11;1
265601;Dofus, aux trésors de Kerubim;1;24;Scams, Crimes and Tentacles;2017-10-25 11:06:58;1
265601;Dofus, aux trésors de Kerubim;1;23;Like a Snapper in the Water;2017-10-25 10:54:58;1
265601;Dofus, aux trésors de Kerubim;1;22;The Giant Ploomers;2017-10-25 10:48:32;1
265601;Dofus, aux trésors de Kerubim;1;21;A Bow Meow on the Moon;2017-10-25 10:48:30;1
80379;The Big Bang Theory;9;8;The Mystery Date Observation;2017-10-24 21:47:50;1
80379;The Big Bang Theory;9;7;The Spock Resonance;2017-10-24 21:27:33;1
80379;The Big Bang Theory;9;6;The Helium Insufficiency;2017-10-24 21:07:20;1
80379;The Big Bang Theory;9;5;The Perspiration Implementation;2017-10-24 20:44:54;1
80379;The Big Bang Theory;9;4;The 2003 Approximation;2017-10-24 20:26:37;1
80379;The Big Bang Theory;9;3;The Bachelor Party Corrosion;2017-10-24 20:07:56;1
252322;Hunter x Hunter (2011);1;28;Nen x and x Nen;2017-10-24 17:56:24;1
80379;The Big Bang Theory;9;2;The Separation Oscillation;2017-10-23 22:52:03;1
80379;The Big Bang Theory;9;1;The Matrimonial Momentum;2017-10-23 22:32:38;1
80379;The Big Bang Theory;8;24;The Commitment Determination;2017-10-23 22:13:15;1
95011;Modern Family;9;4;Sex, Lies & Kickball;2017-10-23 21:52:39;1
80379;The Big Bang Theory;8;23;The Maternal Combustion;2017-10-23 21:17:05;1
95011;Modern Family;9;3;Catch of the Day;2017-10-23 21:14:21;1
265601;Dofus, aux trésors de Kerubim;1;20;My Friend Bashi;2017-10-23 11:32:57;1
265601;Dofus, aux trésors de Kerubim;1;19;The Judgment of the Twelve;2017-10-23 11:20:41;1
111371;Noob;9;6;The Roster One Meeting;2017-10-22 13:26:41;1
252322;Hunter x Hunter (2011);1;27;Arrival x At x The Arena;2017-10-17 11:16:12;1
252322;Hunter x Hunter (2011);1;26;Then x And x After;2017-10-17 10:54:40;1
95011;Modern Family;9;2;The Long Goodbye;2017-10-15 22:27:59;1
95011;Modern Family;9;1;Lake Life;2017-10-15 22:27:56;1
265601;Dofus, aux trésors de Kerubim;1;18;The Pyrofuego;2017-10-15 11:13:10;1
265601;Dofus, aux trésors de Kerubim;1;17;Toothache;2017-10-15 11:01:25;1
265601;Dofus, aux trésors de Kerubim;1;16;West of Astrub;2017-10-15 10:49:17;1
326490;Marvel's The Defenders;1;8;The Defenders;2017-10-13 16:23:18;1
326490;Marvel's The Defenders;1;7;Fish in the Jailhouse;2017-10-12 22:07:37;1
275274;Rick et Morty;3;10;The Rickchurian Mortydate;2017-10-12 14:13:30;1
292262;Le Ministère du Temps;3;6;Time of Slaves;2017-10-10 11:01:07;1
292262;Le Ministère du Temps;3;5;Time of Splendor;2017-10-10 11:00:59;1
272277;Donjon de Naheulbeuk;2;18;;2017-10-10 10:58:22;1
272277;Donjon de Naheulbeuk;2;17;;2017-10-10 10:58:22;1
272277;Donjon de Naheulbeuk;2;19;;2017-10-10 10:58:22;1
272277;Donjon de Naheulbeuk;2;15;;2017-10-10 10:58:21;1
272277;Donjon de Naheulbeuk;2;16;;2017-10-10 10:58:21;1
272277;Donjon de Naheulbeuk;2;12;;2017-10-10 10:58:20;1
272277;Donjon de Naheulbeuk;2;14;;2017-10-10 10:58:20;1
272277;Donjon de Naheulbeuk;2;13;;2017-10-10 10:58:20;1
272277;Donjon de Naheulbeuk;2;10;;2017-10-10 10:58:19;1
272277;Donjon de Naheulbeuk;2;11;;2017-10-10 10:58:18;1
272277;Donjon de Naheulbeuk;2;7;;2017-10-10 10:58:17;1
272277;Donjon de Naheulbeuk;2;8;;2017-10-10 10:58:17;1
272277;Donjon de Naheulbeuk;2;9;;2017-10-10 10:58:17;1
272277;Donjon de Naheulbeuk;2;6;;2017-10-10 10:58:17;1
272277;Donjon de Naheulbeuk;2;3;;2017-10-10 10:58:16;1
272277;Donjon de Naheulbeuk;2;5;;2017-10-10 10:58:16;1
272277;Donjon de Naheulbeuk;2;4;;2017-10-10 10:58:16;1
272277;Donjon de Naheulbeuk;2;1;;2017-10-10 10:58:15;1
272277;Donjon de Naheulbeuk;2;2;;2017-10-10 10:58:15;1
272277;Donjon de Naheulbeuk;1;15;;2017-10-10 10:58:12;1
272277;Donjon de Naheulbeuk;1;14;;2017-10-10 10:58:12;1
272277;Donjon de Naheulbeuk;1;13;;2017-10-10 10:58:12;1
272277;Donjon de Naheulbeuk;1;10;;2017-10-10 10:58:11;1
272277;Donjon de Naheulbeuk;1;11;;2017-10-10 10:58:11;1
272277;Donjon de Naheulbeuk;1;12;;2017-10-10 10:58:11;1
272277;Donjon de Naheulbeuk;1;7;;2017-10-10 10:58:10;1
272277;Donjon de Naheulbeuk;1;8;;2017-10-10 10:58:10;1
272277;Donjon de Naheulbeuk;1;9;;2017-10-10 10:58:10;1
272277;Donjon de Naheulbeuk;1;6;;2017-10-10 10:58:09;1
272277;Donjon de Naheulbeuk;1;5;;2017-10-10 10:58:09;1
272277;Donjon de Naheulbeuk;1;4;;2017-10-10 10:58:08;1
272277;Donjon de Naheulbeuk;1;3;;2017-10-10 10:58:08;1
272277;Donjon de Naheulbeuk;1;2;;2017-10-10 10:58:07;1
272277;Donjon de Naheulbeuk;1;1;;2017-10-10 10:58:07;1
272277;Donjon de Naheulbeuk;3;1;;2017-10-10 10:58:06;1
272277;Donjon de Naheulbeuk;3;3;;2017-10-10 10:58:05;1
272277;Donjon de Naheulbeuk;3;2;;2017-10-10 10:58:05;1
272277;Donjon de Naheulbeuk;3;4;;2017-10-10 10:58:05;1
272277;Donjon de Naheulbeuk;3;7;;2017-10-10 10:58:04;1
272277;Donjon de Naheulbeuk;3;6;;2017-10-10 10:58:04;1
272277;Donjon de Naheulbeuk;3;5;;2017-10-10 10:58:04;1
272277;Donjon de Naheulbeuk;3;10;;2017-10-10 10:58:03;1
272277;Donjon de Naheulbeuk;3;8;;2017-10-10 10:58:03;1
272277;Donjon de Naheulbeuk;3;9;;2017-10-10 10:58:03;1
272277;Donjon de Naheulbeuk;3;11;;2017-10-10 10:58:02;1
272277;Donjon de Naheulbeuk;3;12;;2017-10-10 10:58:02;1
272277;Donjon de Naheulbeuk;3;13;;2017-10-10 10:58:00;1
111371;Noob;9;5;Pro Game Master;2017-10-10 10:57:08;1
326490;Marvel's The Defenders;1;6;Ashes, Ashes;2017-10-09 22:18:20;1
326490;Marvel's The Defenders;1;5;Take Shelter;2017-10-09 22:18:08;1
326490;Marvel's The Defenders;1;4;Royal Dragon;2017-10-09 22:18:05;1
326490;Marvel's The Defenders;1;3;Worst Behavior;2017-10-06 22:31:17;1
326490;Marvel's The Defenders;1;2;Mean Right Hook;2017-10-06 21:38:46;1
176941;Sherlock;4;3;The Final Problem;2017-10-06 21:38:44;1
265601;Dofus, aux trésors de Kerubim;1;15;Teeny Keke;2017-10-06 11:38:05;1
265601;Dofus, aux trésors de Kerubim;1;14;Koalak Quack;2017-10-06 11:25:51;1
265601;Dofus, aux trésors de Kerubim;1;13;A Diamond for Ruby;2017-10-06 11:14:54;1
176941;Sherlock;4;2;The Lying Detective;2017-10-05 18:43:10;1
265601;Dofus, aux trésors de Kerubim;1;12;The Great Glucid;2017-10-04 11:30:42;1
265601;Dofus, aux trésors de Kerubim;1;11;The Hairy Arachelmet;2017-10-04 11:18:50;1
265601;Dofus, aux trésors de Kerubim;1;10;Vax's Living Art;2017-10-04 11:05:33;1
265601;Dofus, aux trésors de Kerubim;1;9;The Legendary Unikron;2017-10-04 10:53:20;1
265601;Dofus, aux trésors de Kerubim;1;8;The Pandala's Chichala;2017-10-04 10:43:37;1
265601;Dofus, aux trésors de Kerubim;1;7;Bash Squale;2017-10-03 11:52:38;1
265601;Dofus, aux trésors de Kerubim;1;6;Dance against the Boowolfes;2017-10-03 11:41:07;1
265601;Dofus, aux trésors de Kerubim;1;5;Welcome to YeCh'Ti's;2017-10-03 11:41:02;1
265601;Dofus, aux trésors de Kerubim;1;4;The Hellish Hourglass;2017-10-01 22:43:28;1
265601;Dofus, aux trésors de Kerubim;1;3;Strich Hunt;2017-10-01 21:36:03;1
265601;Dofus, aux trésors de Kerubim;1;2;Luis' Blues;2017-10-01 19:17:05;1
265601;Dofus, aux trésors de Kerubim;1;1;Kerubim;2017-10-01 18:57:24;1
252322;Hunter x Hunter (2011);1;25;Can't See x if x You're Blind;2017-09-29 22:36:56;1
252322;Hunter x Hunter (2011);1;24;The x Zoldyck x Family;2017-09-29 22:36:41;1
252322;Hunter x Hunter (2011);1;23;The x Guard's x Duty;2017-09-29 22:36:40;1
252322;Hunter x Hunter (2011);1;22;A x Dangerous x Watchdog;2017-09-29 22:36:38;1
252322;Hunter x Hunter (2011);1;21;Some x Brother x Trouble;2017-09-29 22:36:36;1
252322;Hunter x Hunter (2011);1;20;Baffling Turn x Of x Events;2017-09-29 22:36:33;1
252322;Hunter x Hunter (2011);1;19;Can't Win x and x Can't Lose;2017-09-29 10:55:43;1
252322;Hunter x Hunter (2011);1;18;Big x Time x Interview;2017-09-29 10:34:25;1
252322;Hunter x Hunter (2011);1;17;Trap x In x The Hole;2017-09-29 10:13:02;1
252322;Hunter x Hunter (2011);1;16;Defeat x And x Disgrace;2017-09-29 09:32:37;1
252322;Hunter x Hunter (2011);1;15;Explosion x Of x Deception;2017-09-29 09:32:36;1
252322;Hunter x Hunter (2011);1;14;Hit x the x Target;2017-09-29 09:32:34;1
252322;Hunter x Hunter (2011);1;13;Letter x From x Gon;2017-09-29 09:32:33;1
252322;Hunter x Hunter (2011);1;12;Last x Test x Of Resolve;2017-09-29 09:32:31;1
252322;Hunter x Hunter (2011);1;11;Trouble x With x The Gamble;2017-09-29 09:32:28;1
275274;Rick et Morty;3;9;The ABC's of Beth;2017-09-28 21:07:22;1
70882;The Mike Douglas Show;13;167;Richard Thomas co-hosts;2017-09-28 20:24:22;1
275274;Rick et Morty;3;8;Morty's Mind Blowers;2017-09-28 20:19:07;1
275274;Rick et Morty;3;7;The Ricklantis Mixup;2017-09-28 20:19:03;1
275274;Rick et Morty;3;6;Rest and Ricklaxation;2017-09-28 20:19:01;1
70882;The Mike Douglas Show;13;153;Dom DeLuise co-hosts;2017-09-26 10:33:27;1
252322;Hunter x Hunter (2011);1;10;Trick x To x The Trick;2017-09-19 13:20:37;1
252322;Hunter x Hunter (2011);1;9;Beware x Of x Prisoners;2017-09-19 13:20:34;1
252322;Hunter x Hunter (2011);1;8;Decision x By x Majority Rule?;2017-09-19 13:20:33;1
94121;Wakfu;3;13;Inglorium;2017-09-17 20:17:55;1
94121;Wakfu;3;12;The Hyperzaap;2017-09-17 20:17:53;1
111371;Noob;8;4;The Legendary Staff;2017-09-16 12:31:12;1
111371;Noob;8;3;The Forge;2017-09-16 12:24:44;1
111371;Noob;8;2;Quests and Investigations;2017-09-16 12:17:44;1
111371;Noob;8;1;The Council of Iceblood;2017-09-16 12:15:05;1
94121;Wakfu;3;11;Oropo;2017-09-16 11:37:16;1
94121;Wakfu;3;10;When The Walls Fall;2017-09-16 11:15:03;1
252322;Hunter x Hunter (2011);1;7;Showdown x On x The Airship;2017-09-12 22:17:50;1
252322;Hunter x Hunter (2011);1;6;A x Surprising x Challenge;2017-09-12 22:17:42;1
252322;Hunter x Hunter (2011);1;5;Hisoka x Is x Sneaky;2017-09-12 22:17:32;1
94121;Wakfu;3;9;The Sadida's Temple;2017-09-10 19:20:54;1
94121;Wakfu;3;8;Arpagone;2017-09-10 18:57:44;1
94121;Wakfu;3;7;Don't Flipper Out;2017-09-10 17:26:23;1
94121;Wakfu;3;6;The Ecaflip Tree;2017-09-10 09:24:10;1
296762;Westworld;1;1;The Original;2017-09-08 22:31:04;1
252322;Hunter x Hunter (2011);1;4;Hope x And x Ambition;2017-09-08 11:35:49;1
252322;Hunter x Hunter (2011);1;3;Rivals x In x Survival;2017-09-07 11:50:00;1
252322;Hunter x Hunter (2011);1;2;Test x Of x Tests;2017-09-07 11:49:56;1
94121;Wakfu;3;5;Iops Hide To Cry;2017-09-03 14:52:11;1
94121;Wakfu;3;4;Not So Stupid;2017-09-03 14:30:46;1
94121;Wakfu;3;3;Oropo's Tower;2017-09-03 14:08:01;1
94121;Wakfu;3;2;Like Father, Like Daughter;2017-09-03 13:45:15;1
94121;Wakfu;3;1;Falling Down;2017-09-03 13:24:28;1
252322;Hunter x Hunter (2011);1;1;Departure x And x Friends;2017-09-01 11:04:27;1
326490;Marvel's The Defenders;1;1;The H Word;2017-08-31 23:10:59;1
74280;Code Lyoko;4;30;Echoes;2017-08-30 20:36:49;1
74280;Code Lyoko;4;29;Fight to the Finish;2017-08-30 12:31:09;1
74280;Code Lyoko;4;28;Down to Earth;2017-08-30 12:27:03;1
74280;Code Lyoko;4;27;Cold Sweat;2017-08-30 12:27:01;1
74280;Code Lyoko;4;26;Bad Connection;2017-08-30 12:26:58;1
74280;Code Lyoko;4;25;Wrong Exposure;2017-08-29 19:14:20;1
74280;Code Lyoko;4;24;Music to Soothe the Savage Beast;2017-08-29 18:52:20;1
74280;Code Lyoko;4;23;Cousins Once Removed;2017-08-29 18:52:15;1
74280;Code Lyoko;4;22;A Space Oddity;2017-08-29 18:52:14;1
74280;Code Lyoko;4;21;Canine Conundrum;2017-08-29 18:52:12;1
74280;Code Lyoko;4;20;Kadic Bombshell;2017-08-29 18:52:10;1
74280;Code Lyoko;4;19;Guided Missile;2017-08-29 18:52:07;1
74280;Code Lyoko;4;18;Hard Luck;2017-08-29 18:52:04;1
74280;Code Lyoko;4;17;Distant Memory;2017-08-29 18:51:57;1
74280;Code Lyoko;4;16;A Lack of Goodwill;2017-08-29 18:51:51;1
121361;Game of Thrones;7;7;The Dragon and the Wolf;2017-08-29 12:48:18;1
74280;Code Lyoko;4;15;Dog Day Afternoon;2017-08-28 11:10:36;1
74280;Code Lyoko;4;14;Bragging Rights;2017-08-28 10:48:01;1
74280;Code Lyoko;4;13;Lab Rat;2017-08-28 09:54:35;1
275274;Rick et Morty;3;5;The Whirly Dirly Conspiracy;2017-08-28 08:59:52;1
275274;Rick et Morty;3;4;Vindicators 3: The Return of Worldender;2017-08-27 23:53:09;1
74280;Code Lyoko;4;12;Lost at Sea;2017-08-27 13:42:01;1
74280;Code Lyoko;4;11;The Lake;2017-08-27 13:41:58;1
74280;Code Lyoko;4;10;Hot Shower;2017-08-27 12:56:02;1
74280;Code Lyoko;4;9;I'd Rather Not Talk About It;2017-08-27 12:33:24;1
74280;Code Lyoko;4;8;Replika;2017-08-27 12:10:20;1
74280;Code Lyoko;4;7;Crash Course;2017-08-27 12:10:19;1
74280;Code Lyoko;4;6;Maiden Voyage;2017-08-27 11:11:21;1
74280;Code Lyoko;4;5;Skidbladnir;2017-08-27 10:48:06;1
74280;Code Lyoko;4;4;Wreck Room;2017-08-27 10:22:14;1
74280;Code Lyoko;4;3;Opening Act;2017-08-26 23:34:42;1
74280;Code Lyoko;4;2;Double Take;2017-08-26 23:09:54;1
74280;Code Lyoko;4;1;William Returns;2017-08-26 23:09:49;1
74280;Code Lyoko;3;13;Final Round;2017-08-26 22:23:32;1
74280;Code Lyoko;3;12;Double Trouble;2017-08-26 22:23:29;1
74280;Code Lyoko;3;11;Triple Trouble;2017-08-26 22:23:25;1
74280;Code Lyoko;3;10;Nobody in Particular;2017-08-25 15:52:05;1
74280;Code Lyoko;3;9;Sabotage;2017-08-21 00:00:11;1
74280;Code Lyoko;3;8;Temporary Insanity;2017-08-20 23:37:09;1
74280;Code Lyoko;3;7;The Secret;2017-08-20 23:14:33;1
74280;Code Lyoko;3;6;The Pretender;2017-08-20 23:14:30;1
74280;Code Lyoko;3;5;Aelita;2017-08-20 23:14:26;1
74280;Code Lyoko;3;4;False Lead;2017-08-20 23:14:25;1
74280;Code Lyoko;3;3;Tidal Wave;2017-08-20 23:14:23;1
121361;Game of Thrones;7;6;Beyond the Wall;2017-08-20 15:57:49;1
74280;Code Lyoko;3;2;Lyoko Minus One;2017-08-17 17:32:32;1
74280;Code Lyoko;3;1;Straight to Heart;2017-08-17 17:32:30;1
74280;Code Lyoko;2;26;The Key;2017-08-15 22:56:47;1
74280;Code Lyoko;2;25;Revelation;2017-08-15 22:33:49;1
74280;Code Lyoko;2;24;Contact;2017-08-15 22:10:40;1
74280;Code Lyoko;2;23;Franz Hopper;2017-08-15 13:41:00;1
74280;Code Lyoko;2;22;Is Anybody Out There?;2017-08-15 13:40:56;1
74280;Code Lyoko;2;21;Tip-Top Shape;2017-08-15 12:55:01;1
74280;Code Lyoko;2;20;Déjà Vu;2017-08-15 12:25:18;1
74280;Code Lyoko;2;19;Cold War;2017-08-15 12:25:16;1
74280;Code Lyoko;2;18;Vertigo;2017-08-15 12:25:10;1
74280;Code Lyoko;2;17;Xana's Kiss;2017-08-15 12:24:54;1
74280;Code Lyoko;2;16;A Fine Mess;2017-08-15 10:41:16;1
74280;Code Lyoko;2;15;Ultimatum;2017-08-15 10:17:53;1
74280;Code Lyoko;2;14;Attack of the Zombies;2017-08-15 10:17:50;1
74280;Code Lyoko;2;13;A Bad Turn;2017-08-14 17:50:28;1
74280;Code Lyoko;2;12;Temptation;2017-08-14 17:50:12;1
74280;Code Lyoko;2;11;Common Interest;2017-08-14 16:47:07;1
74280;Code Lyoko;2;10;Marabounta;2017-08-14 16:22:36;1
121361;Game of Thrones;7;5;Eastwatch;2017-08-14 15:57:53;1
74280;Code Lyoko;2;9;The Chips Are Down;2017-08-14 14:54:59;1
74280;Code Lyoko;2;8;Missing Link;2017-08-14 14:54:57;1
74280;Code Lyoko;2;7;Final Mix;2017-08-14 14:54:55;1
74280;Code Lyoko;2;6;Saint Valentine's Day;2017-08-14 13:18:56;1
74280;Code Lyoko;2;5;Mister Puck;2017-08-14 13:18:52;1
74280;Code Lyoko;2;4;A Great Day;2017-08-14 13:18:50;1
74280;Code Lyoko;2;3;Exploration;2017-08-14 13:18:47;1
74280;Code Lyoko;2;2;Uncharted Territory;2017-08-14 11:18:35;1
74280;Code Lyoko;2;1;New Order;2017-08-14 11:18:32;1
74280;Code Lyoko;1;26;False Start;2017-08-14 11:18:29;1
74280;Code Lyoko;1;25;Code: Earth;2017-08-14 08:36:35;1
74280;Code Lyoko;1;24;Ghost Channel;2017-08-13 22:45:36;1
74280;Code Lyoko;1;23;Rock Bottom;2017-08-13 22:14:06;1
74280;Code Lyoko;1;22;Routine;2017-08-13 21:51:44;1
74280;Code Lyoko;1;21;Zero Gravity Zone;2017-08-13 15:50:43;1
74280;Code Lyoko;1;20;The Robots;2017-08-13 15:28:23;1
74280;Code Lyoko;1;19;Frontier;2017-08-13 15:05:55;1
74280;Code Lyoko;1;18;Killer Music;2017-08-13 14:43:55;1
74280;Code Lyoko;1;17;Amnesia;2017-08-13 14:20:25;1
74280;Code Lyoko;1;16;Claustrophobia;2017-08-13 14:20:23;1
74280;Code Lyoko;1;15;Laughing Fit;2017-08-11 23:25:22;1
74280;Code Lyoko;1;14;The Trap;2017-08-11 23:03:07;1
74280;Code Lyoko;1;13;Just in Time;2017-08-11 22:40:47;1
74280;Code Lyoko;1;12;Swarming Attack;2017-08-11 16:12:42;1
74280;Code Lyoko;1;11;Plagued;2017-08-11 15:18:28;1
74280;Code Lyoko;1;10;The Girl of the Dreams;2017-08-11 15:18:13;1
74280;Code Lyoko;1;9;Satellite;2017-08-11 14:53:40;1
74280;Code Lyoko;1;8;End of Take;2017-08-11 14:30:37;1
74280;Code Lyoko;1;7;Image Problem;2017-08-11 14:07:35;1
74280;Code Lyoko;1;6;Cruel Dilemma;2017-08-11 14:07:28;1
176941;Sherlock;4;1;The Six Thatchers;2017-08-11 12:15:33;1
74280;Code Lyoko;1;5;Big Bug;2017-08-10 21:59:58;1
74280;Code Lyoko;1;4;Log Book;2017-08-10 21:59:45;1
74280;Code Lyoko;1;3;Holiday in the Fog;2017-08-10 21:32:46;1
74280;Code Lyoko;1;2;Seeing Is Believing;2017-08-10 20:50:42;1
74280;Code Lyoko;1;1;Teddy Gozilla;2017-08-10 20:28:03;1
275274;Rick et Morty;3;3;Pickle Rick;2017-08-09 14:21:37;1
121361;Game of Thrones;7;4;The Spoils of War;2017-08-07 20:11:09;1
275274;Rick et Morty;3;2;Rickmancing the Stone;2017-08-04 16:35:52;1
275274;Rick et Morty;3;1;The Rickshank Rickdemption;2017-08-04 16:35:48;1
75579;Fullmetal Alchemist;1;51;Laws and Promises;2017-08-03 16:43:15;1
75579;Fullmetal Alchemist;1;50;Death;2017-08-03 16:43:13;1
75579;Fullmetal Alchemist;1;49;The Other Side of the Gate;2017-08-03 16:43:08;1
75579;Fullmetal Alchemist;1;48;Goodbye;2017-08-03 15:22:23;1
75579;Fullmetal Alchemist;1;47;Sealing the Homunculus;2017-08-03 14:33:45;1
75579;Fullmetal Alchemist;1;46;Human Transmutation;2017-08-03 14:33:37;1
75579;Fullmetal Alchemist;1;45;A Rotted Heart;2017-08-03 14:25:43;1
121361;Game of Thrones;7;3;The Queen's Justice;2017-07-31 15:13:22;1
292262;Le Ministère du Temps;3;4;Time of the Enlightened;2017-07-30 08:56:01;1
121361;Game of Thrones;7;2;Stormborn;2017-07-24 15:36:15;1
259646;Campione!;1;13;Tale of the God Slayer;2017-07-17 22:42:34;1
259646;Campione!;1;12;The Sword of Ama no Murakumo;2017-07-17 22:18:28;1
259646;Campione!;1;11;Princess Shrine Maiden of the Long Sword;2017-07-17 21:54:11;1
259646;Campione!;1;10;The Turbulent Demon King, The Sun Hero;2017-07-17 18:20:19;1
259646;Campione!;1;9;The Missing King;2017-07-17 17:58:45;1
121361;Game of Thrones;7;1;Dragonstone;2017-07-17 16:09:50;1
259646;Campione!;1;8;A Hero Arrives;2017-07-16 22:28:29;1
259646;Campione!;1;7;Wind, Rain, Wolf;2017-07-16 22:06:26;1
259646;Campione!;1;6;The Kings Converse;2017-07-16 21:44:19;1
259646;Campione!;1;5;Unpleasant Days;2017-07-15 10:04:37;1
259646;Campione!;1;4;Rogue Athena;2017-07-14 23:29:13;1
259646;Campione!;1;3;From Afar, An Enemy Comes;2017-07-14 23:05:20;1
259646;Campione!;1;2;The Landscape with a King;2017-07-14 09:47:20;1
259646;Campione!;1;1;The First Story;2017-07-14 09:47:17;1
292262;Le Ministère du Temps;3;3;Time of Witchcraft;2017-07-13 15:24:53;1
292262;Le Ministère du Temps;3;2;Time of Spies;2017-07-12 14:15:34;1
329065;Castlevania;1;4;Monument;2017-07-08 23:29:37;1
329065;Castlevania;1;3;Labyrinth;2017-07-08 23:06:43;1
329065;Castlevania;1;2;Necropolis;2017-07-08 23:06:37;1
329065;Castlevania;1;1;Witchbottle;2017-07-07 23:07:52;1
317953;Marvel's Iron Fist;1;13;Dragon Plays with Fire;2017-07-07 14:33:06;1
317953;Marvel's Iron Fist;1;12;Bar the Big Boss;2017-07-04 22:44:52;1
317953;Marvel's Iron Fist;1;11;Lead Horse Back to Stable;2017-07-04 20:19:20;1
317953;Marvel's Iron Fist;1;10;Black Tiger Steals Heart;2017-07-03 22:48:04;1
317953;Marvel's Iron Fist;1;9;The Mistress of All Agonies;2017-07-03 22:47:52;1
281470;iZombie;3;13;Looking for Mr. Goodbrain (2);2017-07-02 22:13:44;1
78804;Doctor Who (2005);10;12;The Doctor Falls (2);2017-07-02 21:10:35;1
317953;Marvel's Iron Fist;1;8;The Blessing of Many Fractures;2017-06-28 07:41:00;1
317953;Marvel's Iron Fist;1;7;Felling Tree with Roots;2017-06-28 07:40:39;1
281470;iZombie;3;12;Looking for Mr. Goodbrain (1);2017-06-26 19:54:52;1
281470;iZombie;3;11;Conspiracy Weary;2017-06-26 19:54:36;1
281470;iZombie;3;10;Return of the Dead Guy;2017-06-25 20:31:20;1
78804;Doctor Who (2005);10;11;World Enough and Time (1);2017-06-25 19:38:16;1
78804;Doctor Who (2005);10;10;The Eaters of Light;2017-06-25 18:53:04;1
78804;Doctor Who (2005);10;9;Empress of Mars;2017-06-25 18:07:42;1
267440;L'Attaque des Titans;2;12;Scream;2017-06-25 16:21:48;1
267440;L'Attaque des Titans;2;11;Charge;2017-06-11 20:13:16;1
317953;Marvel's Iron Fist;1;6;Immortal Emerges from Cave;2017-06-10 14:16:16;1
317953;Marvel's Iron Fist;1;5;Under Leaf Pluck Lotus;2017-06-10 14:16:04;1
317953;Marvel's Iron Fist;1;4;Eight Diagram Dragon Palm;2017-06-10 14:15:51;1
317953;Marvel's Iron Fist;1;3;Rolling Thunder Cannon Punch;2017-06-05 23:23:20;1
317953;Marvel's Iron Fist;1;2;Shadow Hawk Takes Flight;2017-06-05 22:25:42;1
292262;Le Ministère du Temps;3;1;With Time on His Heels;2017-06-04 22:58:56;1
78804;Doctor Who (2005);10;8;The Lie of the Land;2017-06-04 21:41:55;1
267440;L'Attaque des Titans;2;10;Children;2017-06-04 18:25:09;1
281470;iZombie;3;9;Twenty-Sided, Die;2017-06-04 11:00:38;1
95011;Modern Family;8;22;The Graduates;2017-06-04 00:07:27;1
95011;Modern Family;8;21;Alone Time;2017-06-03 23:45:44;1
95011;Modern Family;8;20;All Things Being Equal;2017-06-03 23:24:19;1
95011;Modern Family;8;19;Frank's Wedding;2017-06-03 23:02:25;1
95011;Modern Family;8;18;Five Minutes;2017-06-03 23:02:19;1
95011;Modern Family;8;17;Pig Moon Rising;2017-06-03 19:48:57;1
95011;Modern Family;8;16;Basketball;2017-06-03 19:35:37;1
95011;Modern Family;8;15;Finding Fizbo;2017-06-03 12:01:45;1
95011;Modern Family;8;14;Heavy Is the Head;2017-06-03 00:00:29;1
79824;Naruto Shippuden;22;42;Hidden Leaf Story, The Perfect Day for a Wedding, Part 7: The Message;2017-06-02 23:59:27;1
95011;Modern Family;8;13;Do It Yourself;2017-06-02 23:36:37;1
95011;Modern Family;8;12;Do You Believe in Magic?;2017-05-31 22:14:43;1
95011;Modern Family;8;11;Sarge & Pea;2017-05-31 21:52:58;1
95011;Modern Family;8;10;Ringmaster Keifth;2017-05-31 21:21:41;1
95011;Modern Family;8;9;Snow Ball;2017-05-31 20:59:22;1
95011;Modern Family;8;8;The Alliance;2017-05-31 20:27:07;1
95011;Modern Family;8;7;Thanksgiving Jamboree;2017-05-31 20:06:09;1
95011;Modern Family;8;6;Grab It;2017-05-31 19:41:50;1
95011;Modern Family;8;5;Halloween 4: The Revenge of Rod Skyhook;2017-05-31 19:14:01;1
95011;Modern Family;8;4;Weathering Heights;2017-05-30 22:40:59;1
95011;Modern Family;8;3;Blindsided;2017-05-30 21:54:24;1
95011;Modern Family;8;2;A Stereotypical Day;2017-05-29 23:05:34;1
95011;Modern Family;8;1;A Tale of Three Cities;2017-05-29 22:43:55;1
281470;iZombie;3;8;Eat a Knievel;2017-05-28 22:56:58;1
281470;iZombie;3;7;Dirt Nap Time;2017-05-28 22:05:20;1
281470;iZombie;3;6;Some like It Hot Mess;2017-05-28 19:03:58;1
281470;iZombie;3;5;Spanking the Zombie;2017-05-28 18:22:07;1
78804;Doctor Who (2005);10;7;The Pyramid at the End of the World;2017-05-28 16:23:18;1
267440;L'Attaque des Titans;2;9;Opening;2017-05-28 15:37:35;1
281470;iZombie;3;4;Wag the Tongue Slowly;2017-05-27 10:06:47;1
281470;iZombie;3;3;Eat, Pray, Liv;2017-05-25 22:18:14;1
281470;iZombie;3;2;Zombie Knows Best;2017-05-25 22:18:11;1
281470;iZombie;3;1;Heaven Just Got a Little Bit Smoother;2017-05-25 20:33:04;1
281470;iZombie;2;19;Salivation Army;2017-05-24 20:50:13;1
281470;iZombie;2;18;Dead Beat;2017-05-24 20:50:10;1
281470;iZombie;2;17;Reflections of the Way Liv Used to Be;2017-05-22 22:44:45;1
281470;iZombie;2;16;Pour Some Sugar, Zombie;2017-05-21 22:41:36;1
281470;iZombie;2;15;He Blinded Me... with Science;2017-05-21 21:53:32;1
281470;iZombie;2;14;Eternal Sunshine of the Caffeinated Mind;2017-05-21 20:55:46;1
281470;iZombie;2;13;The Whopper;2017-05-21 14:06:25;1
78804;Doctor Who (2005);10;6;Extremis;2017-05-21 10:06:42;1
267440;L'Attaque des Titans;2;8;The Hunters;2017-05-21 09:17:50;1
281470;iZombie;2;12;Physician, Heal Thy Selfie;2017-05-20 16:22:04;1
281470;iZombie;2;11;Fifty Shades of Grey Matter;2017-05-20 16:21:49;1
281470;iZombie;2;10;Method Head;2017-05-20 14:12:48;1
281470;iZombie;2;9;Cape Town;2017-05-19 18:12:02;1
281470;iZombie;2;8;The Hurt Stalker;2017-05-17 22:43:06;1
281470;iZombie;2;7;Abra Cadaver;2017-05-17 22:01:36;1
281470;iZombie;2;6;Max Wager;2017-05-17 22:01:31;1
281470;iZombie;2;5;Love & Basketball;2017-05-17 18:30:19;1
281470;iZombie;2;4;Even Cowgirls Get the Black and Blues;2017-05-16 22:30:16;1
281470;iZombie;2;3;Real Dead Housewife of Seattle;2017-05-16 22:30:05;1
78804;Doctor Who (2005);10;5;Oxygen;2017-05-16 22:29:58;1
267440;L'Attaque des Titans;2;7;Close Combat;2017-05-14 14:04:13;1
281470;iZombie;2;2;Zombie Bro;2017-05-13 15:26:22;1
281470;iZombie;2;1;Grumpy Old Liv;2017-05-13 14:27:21;1
95011;Modern Family;7;18;The Party;2017-05-12 18:23:12;1
95011;Modern Family;7;17;Express Yourself;2017-05-12 18:23:02;1
95011;Modern Family;7;16;The Cover-Up;2017-05-12 18:22:56;1
95011;Modern Family;7;15;I Don't Know How She Does It;2017-05-12 18:22:49;1
95011;Modern Family;7;14;The Storm;2017-05-12 15:35:21;1
95011;Modern Family;7;13;Thunk in the Trunk;2017-05-12 14:52:48;1
95011;Modern Family;7;12;Clean for a Day;2017-05-12 14:27:24;1
95011;Modern Family;7;11;Spread Your Wings;2017-05-11 22:20:03;1
95011;Modern Family;7;10;Playdates;2017-05-11 21:58:53;1
95011;Modern Family;7;9;White Christmas;2017-05-11 21:58:42;1
95011;Modern Family;7;8;Clean Out Your Junk Drawer;2017-05-11 21:58:39;1
95011;Modern Family;7;7;Phil's Sexy, Sexy House;2017-05-11 21:58:36;1
95011;Modern Family;7;6;The More You Ignore Me;2017-05-11 21:58:31;1
95011;Modern Family;7;5;The Verdict;2017-05-11 21:58:29;1
95011;Modern Family;7;4;She Crazy;2017-05-11 21:58:25;1
95011;Modern Family;7;3;The Closet Case;2017-05-09 22:22:38;1
95011;Modern Family;7;2;The Day Alex Left for College;2017-05-09 22:22:26;1
95011;Modern Family;7;1;Summer Lovin';2017-05-09 22:22:24;1
78804;Doctor Who (2005);10;4;Knock Knock;2017-05-09 20:48:26;1
267440;L'Attaque des Titans;2;6;Warrior;2017-05-08 18:27:08;1
75579;Fullmetal Alchemist;1;44;Hohenheim of Light;2017-05-05 22:57:23;1
75579;Fullmetal Alchemist;1;43;The Stray Dog;2017-05-05 22:39:40;1
75579;Fullmetal Alchemist;1;42;His Name Is Unknown;2017-05-05 22:39:33;1
75579;Fullmetal Alchemist;1;41;Holy Mother;2017-05-05 22:39:30;1
75579;Fullmetal Alchemist;1;40;The Scar;2017-05-05 22:39:24;1
75579;Fullmetal Alchemist;1;39;Secret of Ishbal;2017-05-05 22:39:19;1
75579;Fullmetal Alchemist;1;38;With the River's Flow;2017-04-30 22:18:15;1
75579;Fullmetal Alchemist;1;37;The Flame Alchemist, The Bachelor Lieutenant, and the Mystery of Warehouse 13;2017-04-30 21:57:01;1
78804;Doctor Who (2005);10;3;Thin Ice;2017-04-30 21:26:23;1
267440;L'Attaque des Titans;2;5;Historia;2017-04-30 21:26:16;1
75579;Fullmetal Alchemist;1;36;The Sinner Within;2017-04-29 23:22:46;1
75579;Fullmetal Alchemist;1;35;Reunion of Fools;2017-04-29 22:59:34;1
75579;Fullmetal Alchemist;1;34;Theory of Avarice;2017-04-29 22:41:59;1
75579;Fullmetal Alchemist;1;33;Al, Captured;2017-04-29 19:44:32;1
75579;Fullmetal Alchemist;1;23;Heart of Steel;2017-04-29 19:43:38;1
267440;L'Attaque des Titans;2;4;Soldier;2017-04-24 22:43:06;1
78804;Doctor Who (2005);10;2;Smile;2017-04-24 22:43:03;1
75579;Fullmetal Alchemist;1;22;Created Human;2017-04-20 10:47:09;1
75579;Fullmetal Alchemist;1;21;The Red Glow;2017-04-19 23:07:42;1
75579;Fullmetal Alchemist;1;20;Soul of the Guardian;2017-04-19 22:43:00;1
75579;Fullmetal Alchemist;1;19;The Truth Behind Truths;2017-04-19 22:23:15;1
75579;Fullmetal Alchemist;1;18;Marcoh's Notes;2017-04-19 22:23:13;1
75579;Fullmetal Alchemist;1;17;House of the Waiting Family;2017-04-19 22:23:11;1
75579;Fullmetal Alchemist;1;16;That Which Is Lost;2017-04-19 22:23:08;1
75579;Fullmetal Alchemist;1;15;The Ishbal Massacre;2017-04-19 22:23:06;1
75579;Fullmetal Alchemist;1;14;Destruction's Right Hand;2017-04-19 11:53:40;1
75579;Fullmetal Alchemist;1;13;Fullmetal vs. Flame;2017-04-19 11:53:37;1
75579;Fullmetal Alchemist;1;12;The Other Brothers Elric (2);2017-04-18 11:44:04;1
75579;Fullmetal Alchemist;1;11;The Other Brothers Elric (1);2017-04-18 11:44:01;1
75579;Fullmetal Alchemist;1;10;The Phantom Thief;2017-04-18 11:43:58;1
75579;Fullmetal Alchemist;1;9;Be Thou for the People;2017-04-18 11:43:52;1
75579;Fullmetal Alchemist;1;8;The Philosopher's Stone;2017-04-18 11:43:50;1
75579;Fullmetal Alchemist;1;7;Night of the Chimera's Cry;2017-04-17 22:47:16;1
75579;Fullmetal Alchemist;1;6;The Alchemy Exam;2017-04-17 22:47:10;1
75579;Fullmetal Alchemist;1;5;The Man with the Mechanical Arm;2017-04-17 15:06:44;1
75579;Fullmetal Alchemist;1;4;A Forger's Love;2017-04-17 14:47:36;1
75579;Fullmetal Alchemist;1;3;Mother;2017-04-17 14:20:51;1
75579;Fullmetal Alchemist;1;2;Body of the Sanctioned;2017-04-17 13:58:20;1
75579;Fullmetal Alchemist;1;1;Those Who Challenge the Sun;2017-04-17 13:58:19;1
267440;L'Attaque des Titans;2;3;Southwestward;2017-04-16 22:08:15;1
78804;Doctor Who (2005);10;1;The Pilot;2017-04-16 22:08:04;1
255316;Elementary;3;5;Rip Off;2017-04-13 14:47:37;1
255316;Elementary;3;4;Bella;2017-04-13 14:47:34;1
255316;Elementary;3;3;Just a Regular Irregular;2017-04-13 14:47:32;1
255316;Elementary;3;2;The Five Orange Pipz;2017-04-13 14:47:29;1
255316;Elementary;3;1;Enough Nemesis to Go Around;2017-04-13 14:47:26;1
267440;L'Attaque des Titans;2;2;I'm Home;2017-04-12 06:51:22;1
267440;L'Attaque des Titans;2;1;Beast Titan;2017-04-11 20:50:23;1
267440;L'Attaque des Titans;1;15;No Regrets (1);2017-04-11 20:50:05;1
255316;Elementary;2;24;The Grand Experiment;2017-04-07 14:33:08;1
255316;Elementary;2;23;Art in the Blood;2017-04-07 13:51:03;1
255316;Elementary;2;22;Paint It Black;2017-04-07 12:49:32;1
255316;Elementary;2;21;The Man With the Twisted Lip;2017-04-07 12:49:29;1
255316;Elementary;2;20;No Lack of Void;2017-04-07 12:49:27;1
255316;Elementary;2;19;The Many Mouths of Aaron Colville;2017-04-07 12:07:25;1
255316;Elementary;2;18;The Hound of the Cancer Cells;2017-04-07 09:37:11;1
255316;Elementary;2;17;Ears to You;2017-04-07 08:54:22;1
255316;Elementary;2;16;The One Percent Solution;2017-04-07 08:54:19;1
255316;Elementary;2;15;Corpse de Ballet;2017-04-07 08:54:16;1
255316;Elementary;2;14;Dead Clade Walking;2017-03-31 12:22:37;1
255316;Elementary;2;13;All in the Family;2017-03-31 11:00:20;1
255316;Elementary;2;12;The Diabolical Kind;2017-03-31 11:00:18;1
255316;Elementary;2;11;Internal Audit;2017-03-31 11:00:10;1
255316;Elementary;2;10;Tremors;2017-03-24 23:13:07;1
255316;Elementary;2;9;On the Line;2017-03-24 23:12:53;1
255316;Elementary;2;8;Blood Is Thicker;2017-03-24 23:12:44;1
255316;Elementary;2;7;The Marchioness;2017-03-24 23:12:33;1
255316;Elementary;2;6;An Unnatural Arrangement;2017-03-21 13:40:59;1
255316;Elementary;2;5;Ancient History;2017-03-21 12:56:01;1
255316;Elementary;2;4;Poison Pen;2017-03-21 00:54:25;1
255316;Elementary;2;3;We Are Everyone;2017-03-21 00:54:24;1
255316;Elementary;2;2;Solve for X;2017-03-20 12:56:08;1
255316;Elementary;2;1;Step Nine;2017-03-20 12:07:22;1
317953;Marvel's Iron Fist;1;1;Snow Gives Way;2017-03-17 23:52:56;1
267440;L'Attaque des Titans;1;13;Distress;2017-03-13 16:00:18;1
267440;L'Attaque des Titans;1;12;The Sudden Visitor: The Torturous Curse of Youth;2017-03-13 16:00:16;1
267440;L'Attaque des Titans;1;7;Ilse's Notebook: Memoirs of a Scout Regiment Member;2017-03-13 16:00:15;1
176941;Sherlock;3;9;The Abominable Bride;2017-03-13 11:08:20;1
111371;Noob;8;0;;2017-03-13 00:51:37;1
111371;Noob;7;14;;2017-03-13 00:51:33;1
176941;Sherlock;3;3;His Last Vow;2017-03-11 23:43:24;1
176941;Sherlock;3;2;The Sign of Three;2017-03-11 01:34:31;1
176941;Sherlock;3;1;The Empty Hearse;2017-03-11 00:06:24;1
257692;WorkinGirls;4;12;Nursing Dead;2017-03-09 12:53:53;1
257692;WorkinGirls;4;11;The 31st of December;2017-03-09 00:00:16;1
257692;WorkinGirls;4;10;A task for two;2017-03-08 23:49:42;1
257692;WorkinGirls;4;9;Quarantine;2017-03-08 23:39:34;1
257692;WorkinGirls;4;8;A certain Paulette;2017-03-08 23:30:30;1
257692;WorkinGirls;4;7;Alternative therapies;2017-03-08 23:30:23;1
257692;WorkinGirls;4;6;VIP;2017-03-08 00:52:49;1
292262;Le Ministère du Temps;2;13;Change of Time;2017-03-08 00:42:22;1
292262;Le Ministère du Temps;2;12;Til Time Do Us Part;2017-03-08 00:42:20;1
257692;WorkinGirls;4;5;Sexually transmitted nathalie;2017-03-08 00:41:21;1
257692;WorkinGirls;4;4;The impossible case;2017-03-08 00:28:38;1
257692;WorkinGirls;4;3;War is declared;2017-03-08 00:16:33;1
257692;WorkinGirls;4;2;The succession of interns;2017-03-08 00:05:12;1
257692;WorkinGirls;4;1;The miracle;2017-03-07 23:54:21;1
257692;WorkinGirls;3;7;;2017-03-07 23:54:08;1
71663;Les Simpson;27;10;The Girl Code;2017-03-07 13:59:57;1
71663;Les Simpson;27;11;Teenage Mutant Milk-caused Hurdles;2017-03-07 13:59:57;1
71663;Les Simpson;27;13;Love Is in the N2-O2-Ar-CO2-Ne-He-CH4;2017-03-07 13:59:56;1
71663;Les Simpson;27;12;Much Apu About Something;2017-03-07 13:59:56;1
71663;Les Simpson;27;14;Gal of Constant Sorrow;2017-03-07 13:59:56;1
71663;Les Simpson;27;15;Lisa the Veterinarian;2017-03-07 13:59:55;1
71663;Les Simpson;27;16;The Marge-ian Chronicles;2017-03-07 13:59:55;1
71663;Les Simpson;27;19;Fland Canyon;2017-03-07 13:59:54;1
71663;Les Simpson;27;18;How Lisa Got Her Marge Back;2017-03-07 13:59:54;1
71663;Les Simpson;27;17;The Burns Cage;2017-03-07 13:59:54;1
71663;Les Simpson;27;21;Simprovised;2017-03-07 13:59:53;1
71663;Les Simpson;27;20;To Courier with Love;2017-03-07 13:59:53;1
71663;Les Simpson;27;22;Orange is the New Yellow;2017-03-07 13:59:52;1
71663;Les Simpson;27;8;Paths of Glory;2017-03-07 13:59:41;1
71663;Les Simpson;27;9;Barthood;2017-03-07 13:59:41;1
71663;Les Simpson;27;7;Lisa with an 'S';2017-03-07 13:59:40;1
71663;Les Simpson;27;6;Friend with Benefit;2017-03-07 13:59:39;1
71663;Les Simpson;27;5;Treehouse of Horror XXVI;2017-03-07 13:59:35;1
244061;Steins,Gate;1;7;Open the Missing Link -Divide by Zero-;2017-03-07 13:58:42;1
284131;The Seven Deadly Sins;1;3;The Jest of the Heroes ~Compilation Extra~;2017-03-07 12:01:40;1
292262;Le Ministère du Temps;2;11;Time of the Occult;2017-03-02 02:48:13;1
292262;Le Ministère du Temps;2;10;Separated by Time;2017-03-02 02:48:10;1
292262;Le Ministère du Temps;2;9;Oil Painting Over Time;2017-03-01 23:53:23;1
292262;Le Ministère du Temps;2;8;Time of the Brave (2);2017-02-28 01:00:56;1
292262;Le Ministère du Temps;2;7;Time of the Brave (1);2017-02-28 01:00:51;1
292262;Le Ministère du Temps;2;6;Time of Magic;2017-02-27 13:52:26;1
292262;Le Ministère du Temps;2;5;A Virus from Another Time;2017-02-25 19:32:31;1
284131;The Seven Deadly Sins;1;2;Side Story: Bandit Ban;2017-02-22 22:22:31;1
176941;Sherlock;2;3;The Reichenbach Fall;2017-02-17 01:27:03;1
176941;Sherlock;2;2;The Hounds of Baskerville;2017-02-17 01:24:32;1
176941;Sherlock;2;1;A Scandal in Belgravia;2017-02-13 22:22:58;1
176941;Sherlock;1;3;The Great Game;2017-02-11 18:09:46;1
176941;Sherlock;1;2;The Blind Banker;2017-02-11 18:09:42;1
176941;Sherlock;1;1;A Study in Pink;2017-02-06 21:59:43;1
292262;Le Ministère du Temps;2;4;The Convent of Time;2017-02-05 23:23:33;1
292262;Le Ministère du Temps;2;3;Time of Noblemen;2017-02-05 21:50:51;1
292262;Le Ministère du Temps;2;2;Time in His Hands;2017-02-05 21:50:38;1
292262;Le Ministère du Temps;2;1;Time of Legend;2017-02-05 18:57:03;1
292262;Le Ministère du Temps;1;8;The Legend of Time;2017-02-05 02:56:55;1
292262;Le Ministère du Temps;1;7;Time of Revenge;2017-02-05 01:36:35;1
292262;Le Ministère du Temps;1;6;Time of Rogues;2017-02-05 00:22:31;1
292262;Le Ministère du Temps;1;5;Any Time in the Past Was Better;2017-02-04 18:08:07;1
292262;Le Ministère du Temps;1;4;A Deal in Time;2017-02-04 13:12:24;1
292262;Le Ministère du Temps;1;3;How Time Is Rewritten;2017-02-03 16:35:35;1
292262;Le Ministère du Temps;1;2;Time of Glory;2017-02-02 23:27:09;1
292262;Le Ministère du Temps;1;1;Time Is What It Is;2017-02-02 22:07:14;1
259640;Sword Art Online;2;24;Mother's Rosario;2017-02-01 23:41:06;1
259640;Sword Art Online;2;23;The Dream Begins;2017-02-01 23:41:04;1
259640;Sword Art Online;2;22;The End of the Journey;2017-02-01 01:23:30;1
259640;Sword Art Online;2;21;The Monument of Swordsmen;2017-02-01 01:01:02;1
259640;Sword Art Online;2;20;The Sleeping Knights;2017-02-01 00:39:00;1
259640;Sword Art Online;2;19;Zekken;2017-02-01 00:38:56;1
259640;Sword Art Online;2;18;Forest House;2017-01-31 00:12:13;1
259640;Sword Art Online;2;17;Excalibur;2017-01-30 23:50:03;1
259640;Sword Art Online;2;16;The King of the Giants;2017-01-30 23:49:59;1
259640;Sword Art Online;2;15;The Queen of the Lake;2017-01-30 01:29:26;1
259640;Sword Art Online;2;14;One Little Step;2017-01-30 01:07:15;1
259640;Sword Art Online;2;13;Phantom Bullet;2017-01-30 01:07:07;1
259640;Sword Art Online;2;12;Bullet of a Phantom;2017-01-30 00:00:04;1
259640;Sword Art Online;2;11;What It Means To Be Strong;2017-01-30 00:00:00;1
259640;Sword Art Online;2;10;Death Chaser;2017-01-29 23:48:44;1
259640;Sword Art Online;2;9;Death Gun;2017-01-29 23:48:41;1
259640;Sword Art Online;2;8;Bullet of Bullets;2017-01-29 20:07:19;1
259640;Sword Art Online;2;7;Crimson Memories;2017-01-29 12:15:54;1
259640;Sword Art Online;2;6;Showdown in the Wilderness;2017-01-28 17:48:49;1
259640;Sword Art Online;2;5;Guns and Swords;2017-01-28 17:26:30;1
259640;Sword Art Online;2;4;GGO (Gun Gale Online);2017-01-28 17:03:55;1
259640;Sword Art Online;2;3;Memories of Blood;2017-01-28 16:41:39;1
259640;Sword Art Online;2;2;Cold-Hearted Sniper;2017-01-27 11:16:25;1
259640;Sword Art Online;2;1;The World of Guns;2017-01-27 11:16:22;1
72173;Arrested Development;2;6;Afternoon Delight;2017-01-27 11:16:13;1
72173;Arrested Development;2;5;Sad Sack;2017-01-26 22:07:14;1
72173;Arrested Development;2;4;Good Grief;2017-01-22 00:16:00;1
72173;Arrested Development;2;3;¡Amigos!;2017-01-21 23:53:46;1
72173;Arrested Development;2;2;The One Where They Build a House;2017-01-21 23:49:00;1
72173;Arrested Development;2;1;The One Where Michael Leaves;2017-01-21 19:01:32;1
306304;Les désastreuses aventures des orphelins Baudelaire;1;8;The Miserable Mill: Part Two;2017-01-21 17:53:06;1
306304;Les désastreuses aventures des orphelins Baudelaire;1;7;The Miserable Mill: Part One;2017-01-21 17:07:06;1
265224;Salut les geeks;6;26;;2017-01-21 15:47:11;1
265224;Salut les geeks;6;25;;2017-01-21 15:47:10;1
265224;Salut les geeks;6;24;;2017-01-21 15:47:09;1
265224;Salut les geeks;6;23;;2017-01-21 15:47:07;1
265224;Salut les geeks;6;22;;2017-01-21 15:47:07;1
265224;Salut les geeks;6;21;;2017-01-21 15:47:06;1
265224;Salut les geeks;6;20;;2017-01-21 15:47:04;1
265224;Salut les geeks;6;19;;2017-01-21 15:47:03;1
265224;Salut les geeks;6;18;;2017-01-21 15:47:03;1
265224;Salut les geeks;6;17;;2017-01-21 15:47:01;1
265224;Salut les geeks;6;16;;2017-01-21 15:46:59;1
265224;Salut les geeks;6;15;;2017-01-21 15:46:58;1
265224;Salut les geeks;6;14;;2017-01-21 15:46:57;1
265224;Salut les geeks;6;6;;2017-01-21 15:46:54;1
341658;The Batcave;2022;50;;2017-01-21 15:46:49;1
71663;Les Simpson;27;4;Halloween of Horror;2017-01-21 15:46:42;1
79824;Naruto Shippuden;17;2;The Allied Shinobi Forces Jutsu;2017-01-21 15:46:40;1
244061;Steins,Gate;1;1;Prologue to the Beginning and End;2017-01-21 15:46:37;1
306304;Les désastreuses aventures des orphelins Baudelaire;1;6;The Wide Window: Part Two;2017-01-19 23:27:36;1
248682;New Girl;4;22;Clean Break;2017-01-19 22:26:50;1
306304;Les désastreuses aventures des orphelins Baudelaire;1;5;The Wide Window: Part One;2017-01-19 22:26:37;1
306304;Les désastreuses aventures des orphelins Baudelaire;1;4;The Reptile Room: Part Two;2017-01-19 22:26:33;1
306304;Les désastreuses aventures des orphelins Baudelaire;1;3;The Reptile Room: Part One;2017-01-19 22:26:31;1
306304;Les désastreuses aventures des orphelins Baudelaire;1;2;The Bad Beginning: Part Two;2017-01-19 22:26:29;1
306304;Les désastreuses aventures des orphelins Baudelaire;1;1;The Bad Beginning: Part One;2017-01-13 23:13:49;1
248682;New Girl;4;21;Panty Gate;2017-01-13 21:43:59;1
248682;New Girl;4;20;Par 5;2017-01-13 21:21:38;1
248682;New Girl;4;19;The Right Thing;2017-01-13 20:59:36;1
248682;New Girl;4;18;Walk of Shame;2017-01-13 20:37:23;1
248682;New Girl;4;17;Spiderhunt;2017-01-13 20:15:34;1
248682;New Girl;4;16;Oregon;2017-01-13 19:53:41;1
248682;New Girl;4;15;The Crawl;2017-01-13 19:32:09;1
248682;New Girl;4;14;Swuit;2017-01-13 19:32:04;1
248682;New Girl;4;13;Coming Out;2017-01-09 00:09:16;1
248682;New Girl;4;12;Shark;2017-01-09 00:09:12;1
248682;New Girl;4;11;LAXmas;2017-01-08 01:10:57;1
248682;New Girl;4;10;Girl Fight;2017-01-08 01:10:52;1
248682;New Girl;4;9;Thanksgiving IV;2017-01-08 00:26:58;1
248682;New Girl;4;8;Teachers;2017-01-08 00:26:55;1
248682;New Girl;4;7;Goldmine;2017-01-07 23:34:32;1
248682;New Girl;4;6;Background Check;2017-01-07 23:12:20;1
248682;New Girl;4;5;Landline;2017-01-07 22:50:59;1
248682;New Girl;4;4;Micro;2017-01-07 22:29:08;1
248682;New Girl;4;3;Julie Berkman's Older Sister;2017-01-07 22:07:19;1
248682;New Girl;4;2;Dice;2017-01-07 21:45:15;1
248682;New Girl;4;1;The Last Wedding;2017-01-07 21:45:12;1
248682;New Girl;3;23;Cruise;2017-01-07 21:02:17;1
248682;New Girl;3;22;Dance;2017-01-07 21:02:14;1
248682;New Girl;3;21;Big News;2017-01-07 21:02:10;1
248682;New Girl;3;20;Mars Landing;2017-01-07 21:02:07;1
248682;New Girl;3;19;Fired Up;2017-01-07 21:02:04;1
248682;New Girl;3;18;Sister III;2017-01-07 21:02:01;1
248682;New Girl;3;17;Sister II;2017-01-03 23:41:03;1
248682;New Girl;3;16;Sister;2017-01-03 23:19:17;1
248682;New Girl;3;15;Exes;2017-01-03 22:57:09;1
248682;New Girl;3;14;Prince;2016-12-27 00:46:07;1
248682;New Girl;3;13;Birthday;2016-12-27 00:24:35;1
248682;New Girl;3;12;Basketsball;2016-12-27 00:24:31;1
248682;New Girl;3;11;Clavado En Un Bar;2016-12-27 00:24:28;1
248682;New Girl;3;10;Thanksgiving III;2016-12-27 00:24:25;1
248682;New Girl;3;9;Longest Night Ever;2016-12-27 00:24:19;1
78804;Doctor Who (2005);10;149;The Return of Doctor Mysterio;2016-12-27 00:24:10;1
248682;New Girl;3;8;Menus;2016-12-18 22:45:54;1
248682;New Girl;3;7;Coach;2016-12-18 22:45:54;1
248682;New Girl;3;5;The Box;2016-12-18 22:45:48;1
248682;New Girl;3;6;Keaton;2016-12-18 22:45:48;1
248682;New Girl;3;3;Double Date;2016-12-18 22:45:47;1
248682;New Girl;3;4;The Captain;2016-12-18 22:45:47;1
248682;New Girl;3;1;All In;2016-12-18 22:45:47;1
248682;New Girl;3;2;Nerd;2016-12-18 22:45:46;1
248682;New Girl;2;25;Elaine's Big Day;2016-12-17 01:01:16;1
248682;New Girl;2;24;Winston's Birthday;2016-12-17 01:01:13;1
248682;New Girl;2;23;Virgins;2016-12-17 01:01:07;1
248682;New Girl;2;22;Bachelorette Party;2016-12-14 12:38:33;1
248682;New Girl;2;21;First Date;2016-12-14 12:26:49;1
248682;New Girl;2;20;Chicago;2016-12-14 12:26:46;1
248682;New Girl;2;19;Quick Hardening Caulk;2016-12-14 12:26:42;1
248682;New Girl;2;18;TinFinity;2016-12-14 12:26:39;1
248682;New Girl;2;17;Parking Spot;2016-12-13 08:30:58;1
248682;New Girl;2;16;Table 34;2016-12-12 22:07:23;1
248682;New Girl;2;15;Cooler;2016-12-12 12:58:52;1
248682;New Girl;2;14;Pepperwood;2016-12-12 12:37:16;1
248682;New Girl;2;13;A Father's Love;2016-12-12 12:37:12;1
248682;New Girl;2;12;Cabin;2016-12-11 22:32:43;1
248682;New Girl;2;11;Santa;2016-12-11 22:08:19;1
248682;New Girl;2;10;Bathtub;2016-12-11 21:46:27;1
248682;New Girl;2;9;Eggs;2016-12-09 13:26:30;1
248682;New Girl;2;8;Parents;2016-12-09 12:41:44;1
248682;New Girl;2;7;Menzies;2016-12-06 21:45:47;1
248682;New Girl;2;6;Halloween;2016-12-06 21:24:22;1
248682;New Girl;2;5;Models;2016-12-06 21:24:20;1
248682;New Girl;2;4;Neighbors;2016-12-06 11:56:43;1
248682;New Girl;2;3;Fluffer;2016-12-05 22:32:44;1
248682;New Girl;2;2;Katie;2016-12-05 22:09:59;1
248682;New Girl;2;1;Re-Launch;2016-12-05 21:48:00;1
248682;New Girl;1;24;See Ya;2016-12-05 21:26:01;1
248682;New Girl;1;23;Backslide;2016-12-05 21:03:59;1
248682;New Girl;1;22;Tomatoes;2016-12-05 20:42:03;1
248682;New Girl;1;21;Kids;2016-12-05 20:20:18;1
248682;New Girl;1;20;Normal;2016-12-05 20:20:15;1
248682;New Girl;1;19;Secrets;2016-12-05 20:20:07;1
248682;New Girl;1;18;Fancyman Part 2;2016-12-05 12:18:07;1
248682;New Girl;1;17;Fancyman Part 1;2016-12-05 12:18:04;1
248682;New Girl;1;16;Control;2016-12-04 19:18:43;1
248682;New Girl;1;15;Injured;2016-12-04 18:57:35;1
248682;New Girl;1;14;Bully;2016-12-04 00:03:34;1
248682;New Girl;1;13;Valentine's Day;2016-12-03 23:39:19;1
248682;New Girl;1;12;The Landlord;2016-12-03 23:17:40;1
248682;New Girl;1;11;Jess and Julia;2016-12-03 22:55:00;1
248682;New Girl;1;10;The Story of the 50;2016-12-03 22:33:06;1
248682;New Girl;1;9;The 23rd;2016-12-03 22:11:09;1
248682;New Girl;1;8;Bad in Bed;2016-12-03 21:34:21;1
248682;New Girl;1;7;Bells;2016-12-03 21:12:04;1
248682;New Girl;1;6;Thanksgiving;2016-12-03 20:50:34;1
248682;New Girl;1;5;Cece Crashes;2016-12-03 20:50:31;1
248682;New Girl;1;4;Naked;2016-12-01 22:05:00;1
248682;New Girl;1;3;Wedding;2016-12-01 21:43:30;1
248682;New Girl;1;2;Kryptonite;2016-12-01 21:21:31;1
248682;New Girl;1;1;Pilot;2016-12-01 21:00:40;1
253463;Black Mirror;3;6;Hated in the Nation;2016-11-30 12:36:13;1
253463;Black Mirror;3;5;Men Against Fire;2016-11-30 12:36:11;1
253463;Black Mirror;3;1;Nosedive;2016-11-30 12:36:10;1
253463;Black Mirror;3;2;Playtest;2016-11-30 12:36:08;1
253463;Black Mirror;3;4;San Junipero;2016-11-30 12:36:07;1
253463;Black Mirror;3;3;Shut Up and Dance;2016-11-30 12:36:05;1
253463;Black Mirror;2;1;Be Right Back;2016-11-13 13:29:46;1
253463;Black Mirror;2;3;The Waldo Moment;2016-11-12 23:52:07;1
253463;Black Mirror;2;2;White Bear;2016-11-12 23:52:05;1
253463;Black Mirror;1;3;The Entire History of You;2016-11-12 22:19:39;1
253463;Black Mirror;1;2;Fifteen Million Merits;2016-11-08 14:54:06;1
435585;My Lovely Family;1;10;;2016-11-07 09:28:42;1
284131;The Seven Deadly Sins;1;7;A Touching Reunion;2016-11-07 09:28:30;1
284131;The Seven Deadly Sins;1;6;The Poem of Beginnings;2016-11-07 09:28:29;1
284131;The Seven Deadly Sins;1;5;Even If You Should Die;2016-11-07 09:28:27;1
284131;The Seven Deadly Sins;1;4;A Little Girl's Dream;2016-11-07 09:28:24;1
253463;Black Mirror;1;1;The National Anthem;2016-11-07 00:17:45;1
304219;Marvel's Luke Cage;1;13;You Know My Steez;2016-11-06 23:34:02;1
304219;Marvel's Luke Cage;1;12;Soliloquy of Chaos;2016-11-06 22:47:52;1
304219;Marvel's Luke Cage;1;11;Now You're Mine;2016-11-06 21:47:34;1
304219;Marvel's Luke Cage;1;10;Take It Personal;2016-11-05 23:39:20;1
304219;Marvel's Luke Cage;1;9;DWYCK;2016-11-04 19:09:47;1
304219;Marvel's Luke Cage;1;8;Blowin' Up the Spot;2016-11-04 19:09:43;1
304219;Marvel's Luke Cage;1;7;Manifest;2016-11-04 17:07:26;1
304219;Marvel's Luke Cage;1;6;Suckas Need Bodyguards;2016-10-24 22:24:20;1
304219;Marvel's Luke Cage;1;5;Just to Get a Rep;2016-10-24 20:45:49;1
304219;Marvel's Luke Cage;1;4;Step in the Arena;2016-10-24 19:36:01;1
304219;Marvel's Luke Cage;1;3;Who's Gonna Take the Weight?;2016-10-24 18:45:08;1
304219;Marvel's Luke Cage;1;2;Code of the Streets;2016-10-24 07:20:20;1
304219;Marvel's Luke Cage;1;1;Moment of Truth;2016-10-23 21:44:17;1
294417;Scream;2;12;When a Stranger Calls;2016-10-22 12:55:29;1
294417;Scream;2;7;Let the Right One In;2016-10-21 07:33:01;1
294417;Scream;2;6;Jeepers Creepers;2016-10-21 07:33:00;1
294417;Scream;2;5;Dawn of the Dead;2016-10-21 07:32:45;1
294417;Scream;2;4;Happy Birthday to Me;2016-10-21 07:32:44;1
294417;Scream;2;1;I Know What You Did Last Summer;2016-10-21 07:32:44;1
294417;Scream;2;3;Vacancy;2016-10-21 07:32:44;1
294417;Scream;2;2;Psycho;2016-10-21 07:32:44;1
281662;Marvel's Daredevil;2;4;Penny and Dime;2016-10-02 15:34:26;1
281662;Marvel's Daredevil;2;3;New York's Finest;2016-10-02 11:39:07;1
281662;Marvel's Daredevil;2;2;Dogs to a Gunfight;2016-10-02 10:56:01;1
281662;Marvel's Daredevil;2;1;Bang;2016-10-02 10:56:00;1
262094;Magi: The Labyrinth of Magic;2;8;Days of Training;2016-09-26 21:03:51;1
262094;Magi: The Labyrinth of Magic;2;6;A Kind Person;2016-09-26 21:03:51;1
262094;Magi: The Labyrinth of Magic;2;5;Mother;2016-09-26 21:03:50;1
262094;Magi: The Labyrinth of Magic;2;7;Ren Kouha Appears;2016-09-26 21:03:50;1
262094;Magi: The Labyrinth of Magic;2;1;Premonition of a Journey;2016-09-26 21:03:49;1
262094;Magi: The Labyrinth of Magic;2;3;Setting Sail;2016-09-26 21:03:49;1
262094;Magi: The Labyrinth of Magic;2;4;Pirates;2016-09-26 21:03:48;1
262094;Magi: The Labyrinth of Magic;2;2;Departure;2016-09-26 21:03:47;1
72173;Arrested Development;1;1;Pilot;2016-09-26 08:49:44;1
72173;Arrested Development;1;2;Top Banana;2016-09-26 08:49:43;1
72173;Arrested Development;1;3;Bringing Up Buster;2016-09-26 08:49:42;1
72173;Arrested Development;1;4;Key Decisions;2016-09-26 08:49:41;1
72173;Arrested Development;1;5;Charity Drive;2016-09-26 08:49:40;1
72173;Arrested Development;1;6;Visiting Ours;2016-09-26 08:49:39;1
72173;Arrested Development;1;7;In God We Trust;2016-09-26 08:49:37;1
72173;Arrested Development;1;9;Storming the Castle;2016-09-26 08:49:35;1
72173;Arrested Development;1;8;My Mother, The Car;2016-09-26 08:49:35;1
72173;Arrested Development;1;10;Pier Pressure;2016-09-26 08:49:33;1
72173;Arrested Development;1;11;Public Relations;2016-09-26 08:49:33;1
72173;Arrested Development;1;12;Marta Complex;2016-09-26 08:49:32;1
72173;Arrested Development;1;13;Beef Consomme;2016-09-26 08:49:31;1
72173;Arrested Development;1;14;Shock and Aww;2016-09-26 08:49:30;1
72173;Arrested Development;1;15;Staff Infection;2016-09-26 08:49:29;1
72173;Arrested Development;1;16;Altar Egos;2016-09-26 08:49:28;1
72173;Arrested Development;1;17;Justice Is Blind;2016-09-26 08:49:27;1
72173;Arrested Development;1;18;Missing Kitty;2016-09-26 08:49:26;1
72173;Arrested Development;1;19;Best Man for the Gob;2016-09-26 08:49:25;1
72173;Arrested Development;1;20;Whistler's Mother;2016-09-26 08:49:24;1
72173;Arrested Development;1;21;Not Without My Daughter;2016-09-26 08:49:21;1
72173;Arrested Development;1;22;Let 'Em Eat Cake;2016-09-26 08:49:20;1
121361;Game of Thrones;6;10;The Winds of Winter;2016-07-10 22:15:19;1
277953;Mr. Pickles;2;10;Season 2 Finale;2016-07-10 18:00:09;1
277953;Mr. Pickles;2;7;My Dear Boy;2016-07-10 17:02:58;1
277953;Mr. Pickles;2;6;A.D.D.;2016-07-10 16:51:54;1
277953;Mr. Pickles;1;7;Grandpa's Night Out;2016-07-10 15:09:25;1
121361;Game of Thrones;6;9;Battle of the Bastards;2016-06-27 13:50:38;1
121361;Game of Thrones;6;7;The Broken Man;2016-06-27 13:50:37;1
121361;Game of Thrones;6;6;Blood of My Blood;2016-06-27 13:50:37;1
121361;Game of Thrones;6;8;No One;2016-06-27 13:50:36;1
121361;Game of Thrones;6;5;The Door;2016-05-26 20:20:11;1
121361;Game of Thrones;6;4;Book of the Stranger;2016-05-26 20:20:02;1
265224;Salut les geeks;6;12;;2016-05-15 16:14:00;1
121361;Game of Thrones;6;3;Oathbreaker;2016-05-15 16:13:54;1
262090;Psycho-Pass;2;2;The Creeping Unknown;2016-05-15 16:13:35;1
262090;Psycho-Pass;2;3;The Devil's Proof;2016-05-15 16:13:35;1
262090;Psycho-Pass;2;7;Untraceable Children;2016-05-15 16:13:34;1
262090;Psycho-Pass;2;1;The Scales of Justice;2016-05-15 16:13:34;1
262090;Psycho-Pass;2;5;Unforbidden Games;2016-05-15 16:13:34;1
262090;Psycho-Pass;2;8;Conception of the Oracle;2016-05-15 16:13:33;1
262090;Psycho-Pass;2;4;The Salvation of Job;2016-05-15 16:13:33;1
262090;Psycho-Pass;2;11;What Color?;2016-05-15 16:13:32;1
262090;Psycho-Pass;2;6;Those Who Cast Stones;2016-05-15 16:13:32;1
262090;Psycho-Pass;2;10;Gauging the Soul;2016-05-15 16:13:32;1
262090;Psycho-Pass;2;9;Omnipotence Paradox;2016-05-15 16:13:31;1
95011;Modern Family;4;1;Bringing Up Baby;2016-05-04 12:09:57;1
95011;Modern Family;4;3;Snip;2016-05-04 12:09:56;1
95011;Modern Family;4;2;Schooled;2016-05-04 12:09:56;1
95011;Modern Family;4;4;The Butler's Escape;2016-05-04 12:09:54;1
95011;Modern Family;4;5;Open House of Horrors;2016-05-04 12:09:53;1
95011;Modern Family;4;6;Yard Sale;2016-05-04 12:09:52;1
95011;Modern Family;4;7;Arrested;2016-05-04 12:09:52;1
95011;Modern Family;4;8;Mistery Date;2016-05-04 12:09:51;1
95011;Modern Family;4;9;When a Tree Falls;2016-05-04 12:09:50;1
95011;Modern Family;4;10;Diamond in the Rough;2016-05-04 12:09:49;1
95011;Modern Family;4;11;New Year's Eve;2016-05-04 12:09:49;1
121361;Game of Thrones;6;2;Home;2016-05-04 12:01:22;1
265224;Salut les geeks;6;7;;2016-04-27 13:01:41;1
265224;Salut les geeks;6;5;;2016-04-27 13:01:24;1
70882;The Mike Douglas Show;11;54;Herschel Bernardi co-hosts;2016-04-27 12:59:36;1
95011;Modern Family;3;6;Go Bullfrogs!;2016-04-27 09:29:11;1
121361;Game of Thrones;6;1;The Red Woman;2016-04-27 09:28:58;1
95011;Modern Family;1;22;Airport 2010;2016-04-12 00:02:59;1
95011;Modern Family;1;21;Travels with Scout;2016-04-11 23:51:49;1
95011;Modern Family;1;20;Benched;2016-04-11 23:51:46;1
95011;Modern Family;1;17;Truth Be Told;2016-04-11 22:07:15;1
95011;Modern Family;1;18;Starry Night;2016-04-11 22:07:14;1
95011;Modern Family;1;19;Game Changer;2016-04-11 22:07:14;1
95011;Modern Family;1;16;Fears;2016-04-11 20:42:33;1
95011;Modern Family;1;15;My Funky Valentine;2016-04-11 20:42:22;1
80741;Le cœur a ses raisons;2;10;L'ange de St-Andrews;2016-03-29 23:47:31;1
80741;Le cœur a ses raisons;2;11;Tragédie aérienne à Saint-Andrews;2016-03-29 23:47:30;1
80741;Le cœur a ses raisons;2;9;L'attentat à St-Andrews;2016-03-29 23:47:30;1
80741;Le cœur a ses raisons;2;13;Noël chez les Montgomery;2016-03-29 23:47:30;1
80741;Le cœur a ses raisons;2;12;Périple infernal dans le désert;2016-03-29 23:47:30;1
80741;Le cœur a ses raisons;2;8;L'ambition de Criquette;2016-03-29 23:47:28;1
80741;Le cœur a ses raisons;2;7;La supercherie de Brad;2016-03-25 07:45:57;1
80741;Le cœur a ses raisons;2;6;Le secret de Criquette;2016-03-25 07:45:51;1
80741;Le cœur a ses raisons;2;5;À la recherche de Becky;2016-03-25 07:45:40;1
80741;Le cœur a ses raisons;2;4;Criquette à la rescousse de St-Andrews;2016-03-25 07:45:34;1
80741;Le cœur a ses raisons;2;3;La résurrection de Brett;2016-03-17 08:07:48;1
80741;Le cœur a ses raisons;2;2;La déchéance de Criquette;2016-03-15 13:25:13;1
80741;Le cœur a ses raisons;2;1;L'héritière des Montgomery;2016-03-15 13:25:05;1
80741;Le cœur a ses raisons;1;13;Brett et Criquette face à leur destin;2016-03-15 13:25:03;1
80741;Le cœur a ses raisons;1;12;L'assailant de Criquette démasqué;2016-03-10 08:21:00;1
80741;Le cœur a ses raisons;1;11;Criquette en péril;2016-03-10 08:20:06;1
80741;Le cœur a ses raisons;1;10;Le rival des Montgomery;2016-03-10 08:20:00;1
111371;Noob;7;8;Duel Time;2016-03-07 11:55:26;1
80741;Le cœur a ses raisons;1;1;La mort de Doug;2016-03-07 11:55:02;1
80741;Le cœur a ses raisons;1;2;Le retour d'Ashley;2016-03-07 11:54:54;1
80741;Le cœur a ses raisons;1;3;Le testament de Doug;2016-03-07 11:54:52;1
80741;Le cœur a ses raisons;1;4;La mystérieuse Becky;2016-03-07 11:54:51;1
80741;Le cœur a ses raisons;1;5;Épidémie de poux à St-Andrews;2016-03-07 11:54:49;1
80741;Le cœur a ses raisons;1;6;A la recherche de Brett;2016-03-07 11:54:48;1
80741;Le cœur a ses raisons;1;8;La naissance d'un Montgomery;2016-03-07 11:54:42;1
80741;Le cœur a ses raisons;1;7;Les tragiques retrouvailles de Brett et Criquette;2016-03-07 11:54:40;1
80741;Le cœur a ses raisons;1;9;La demande en mariage;2016-03-07 11:54:33;1
79511;Torchwood;4;5;The Categories of Life;2016-02-21 19:42:18;1
79511;Torchwood;2;6;Reset;2016-02-11 11:26:17;1
279986;Terror in Resonance;1;11;VON;2016-02-10 11:42:04;1
279986;Terror in Resonance;1;7;Deuce;2016-02-09 13:54:26;1
279986;Terror in Resonance;1;3;Search & Destroy;2016-02-09 12:05:05;1
79349;Dexter;8;10;Goodbye Miami;2016-02-04 10:37:25;1
79349;Dexter;8;9;Make Your Own Kind of Music;2016-02-04 10:37:19;1
79349;Dexter;8;8;Are We There Yet?;2016-02-04 10:37:09;1
79349;Dexter;8;7;Dress Code;2016-02-04 10:37:03;1
79349;Dexter;8;6;A Little Reflection;2016-02-04 10:36:29;1
79349;Dexter;8;5;This Little Piggy;2016-02-04 10:36:21;1
79349;Dexter;8;4;Scar Tissue;2016-02-04 10:36:18;1
79349;Dexter;8;3;What's Eating Dexter Morgan?;2016-02-04 10:36:07;1
79349;Dexter;8;2;Every Silver Lining...;2016-02-04 10:36:03;1
79349;Dexter;8;1;A Beautiful Day;2016-02-04 10:35:59;1
78804;Doctor Who (2005);9;148;The Husbands of River Song;2016-02-03 10:33:18;1
439286;Jailed: Inside Maghaberry Prison;1;3;'It’s a hostile environment in here. Same as Afghanistan';2016-02-03 10:33:04;1
79151;Fate⁄Stay Night;1;18;Decisive Battle;2016-02-03 08:23:23;1
79151;Fate⁄Stay Night;1;17;Mark of the Witch;2016-02-02 12:37:07;1
80379;The Big Bang Theory;8;22;The Graduation Transmission;2015-12-31 03:21:47;1
438942;ErenBlaze: "Survival in the World of Kalos";0;0;;2015-12-31 03:21:30;1
80379;The Big Bang Theory;8;3;The First Pitch Insufficiency;2015-12-30 18:03:02;1
80379;The Big Bang Theory;8;2;The Junior Professor Solution;2015-12-30 18:02:55;1
80379;The Big Bang Theory;8;1;The Locomotion Interruption;2015-12-30 18:02:52;1
80379;The Big Bang Theory;7;24;The Status Quo Combustion;2015-12-21 11:44:12;1
80379;The Big Bang Theory;7;22;The Proton Transmogrification;2015-12-21 10:35:40;1
80379;The Big Bang Theory;7;11;The Cooper Extraction;2015-12-15 19:00:08;1
80379;The Big Bang Theory;7;5;The Workplace Proximity;2015-12-13 17:53:11;1
80379;The Big Bang Theory;7;4;The Raiders Minimization;2015-12-13 17:53:03;1
80379;The Big Bang Theory;7;3;The Scavenger Vortex;2015-12-13 17:53:00;1
80379;The Big Bang Theory;7;2;The Deception Verification;2015-12-13 17:52:58;1
80379;The Big Bang Theory;7;1;The Hofstadter Insufficiency;2015-12-13 17:52:52;1
78804;Doctor Who (2005);9;12;Hell Bent;2015-12-06 16:45:58;1
289679;Charlotte;1;13;Memories to Come;2015-12-05 20:29:17;1
289679;Charlotte;1;3;Love and Flame;2015-12-04 15:58:55;1
289679;Charlotte;1;2;Melody of Despair;2015-12-04 15:58:54;1
289679;Charlotte;1;1;I Think About Others;2015-12-04 15:58:54;1
78804;Doctor Who (2005);9;11;Heaven Sent;2015-12-02 12:59:32;1
75760;How I Met Your Mother;1;16;Cupcake;2015-11-29 11:38:59;1
75760;How I Met Your Mother;1;15;Game Night;2015-11-29 11:38:51;1
75760;How I Met Your Mother;1;13;Drumroll, Please;2015-11-28 23:03:28;1
75760;How I Met Your Mother;1;12;The Wedding;2015-11-28 22:37:23;1
75760;How I Met Your Mother;1;11;The Limo;2015-11-28 22:13:58;1
75760;How I Met Your Mother;1;10;The Pineapple Incident;2015-11-28 21:52:08;1
75760;How I Met Your Mother;1;9;Belly Full of Turkey;2015-11-28 21:30:22;1
75760;How I Met Your Mother;1;8;The Duel;2015-11-28 21:30:19;1
75760;How I Met Your Mother;1;7;Matchmaker;2015-11-27 10:25:33;1
75760;How I Met Your Mother;1;6;The Slutty Pumpkin;2015-11-27 10:03:46;1
75760;How I Met Your Mother;1;5;Okay Awesome;2015-11-26 22:50:17;1
75760;How I Met Your Mother;1;4;Return of the Shirt;2015-11-26 22:28:57;1
75760;How I Met Your Mother;1;3;Sweet Taste of Liberty;2015-11-26 22:06:57;1
75760;How I Met Your Mother;1;2;Purple Giraffe;2015-11-26 21:29:04;1
75760;How I Met Your Mother;1;1;Pilot;2015-11-26 21:07:32;1
284190;Marvel : Jessica Jones;1;13;AKA Smile;2015-11-26 16:15:01;1
284190;Marvel : Jessica Jones;1;12;AKA Take a Bloody Number;2015-11-26 16:14:59;1
284190;Marvel : Jessica Jones;1;11;AKA I've Got the Blues;2015-11-26 14:27:09;1
284190;Marvel : Jessica Jones;1;10;AKA 1,000 Cuts;2015-11-26 13:36:55;1
284190;Marvel : Jessica Jones;1;9;AKA Sin Bin;2015-11-26 13:36:31;1
284190;Marvel : Jessica Jones;1;8;AKA WWJD?;2015-11-26 12:51:50;1
284190;Marvel : Jessica Jones;1;7;AKA Top Shelf Perverts;2015-11-26 11:58:17;1
284190;Marvel : Jessica Jones;1;6;AKA You're a Winner!;2015-11-25 21:48:11;1
284190;Marvel : Jessica Jones;1;5;AKA The Sandwich Saved Me;2015-11-25 20:55:26;1
284190;Marvel : Jessica Jones;1;4;AKA 99 Friends;2015-11-25 20:21:54;1
284190;Marvel : Jessica Jones;1;3;AKA It's Called Whiskey;2015-11-25 12:05:50;1
284190;Marvel : Jessica Jones;1;2;AKA Crush Syndrome;2015-11-25 09:57:56;1
284190;Marvel : Jessica Jones;1;1;AKA Ladies' Night;2015-11-23 21:48:34;1
78804;Doctor Who (2005);9;10;Face the Raven;2015-11-23 18:04:08;1
111371;Noob;7;4;Unexpected Reinforcement;2015-11-21 17:40:05;1
111371;Noob;7;3;Jail;2015-11-21 17:33:33;1
111371;Noob;7;2;Double or /quit;2015-11-21 17:25:38;1
111371;Noob;7;1;Megalomaniac Conspiracy;2015-11-21 17:17:36;1
265224;Salut les geeks;6;3;;2015-11-21 12:01:10;1
78804;Doctor Who (2005);9;9;Sleep No More;2015-11-21 12:01:05;1
78804;Doctor Who (2005);7;83;The Day of the Doctor;2015-11-21 12:01:01;1
78804;Doctor Who (2005);7;66;The Snowmen;2015-11-21 12:00:58;1
78804;Doctor Who (2005);4;17;The End of Time (2);2015-11-21 12:00:55;1
78804;Doctor Who (2005);4;16;The End of Time (1);2015-11-21 12:00:53;1
78804;Doctor Who (2005);4;14;The Waters of Mars;2015-11-21 12:00:50;1
78804;Doctor Who (2005);4;13;Journey's End (2);2015-11-21 12:00:47;1
153021;The Walking Dead;4;16;A;2015-11-21 12:00:41;1
153021;The Walking Dead;4;13;Alone;2015-11-12 18:46:12;1
153021;The Walking Dead;4;15;Us;2015-11-12 18:46:12;1
153021;The Walking Dead;4;14;The Grove;2015-11-12 18:46:11;1
153021;The Walking Dead;4;12;Still;2015-11-12 08:27:50;1
78804;Doctor Who (2005);9;8;The Zygon Inversion (2);2015-11-10 10:30:46;1
78804;Doctor Who (2005);9;7;The Zygon Invasion (1);2015-11-10 10:30:20;1
153021;The Walking Dead;4;11;Claimed;2015-11-10 08:15:06;1
262090;Psycho-Pass;1;17;Iron Heart;2015-11-07 15:53:44;1
262090;Psycho-Pass;1;16;The Gate to Judgment;2015-11-07 15:53:43;1
262090;Psycho-Pass;1;14;Sweet Poison;2015-11-07 15:53:38;1
262090;Psycho-Pass;1;15;The Town Where Sulfur Falls;2015-11-07 15:53:38;1
262090;Psycho-Pass;1;13;Invitation From the Abyss;2015-11-02 22:26:41;1
262090;Psycho-Pass;1;12;Devil's Crossroad;2015-11-02 22:26:39;1
262090;Psycho-Pass;1;10;Methuselah's Game;2015-11-02 22:26:36;1
262090;Psycho-Pass;1;11;The Saint's Supper;2015-11-02 22:26:36;1
262090;Psycho-Pass;1;9;Paradise Fruit;2015-11-02 22:26:35;1
262090;Psycho-Pass;1;8;And Then, Silence;2015-11-02 22:26:19;1
262090;Psycho-Pass;1;7;Symbolism of Bletilla Striata;2015-11-02 12:20:12;1
262090;Psycho-Pass;1;6;Return of the Psychotic Prince;2015-11-02 12:20:10;1
262090;Psycho-Pass;1;5;Nobody Knows Your Face;2015-11-02 12:20:05;1
262090;Psycho-Pass;1;4;Nobody Knows Your Mask;2015-10-30 23:02:35;1
262090;Psycho-Pass;1;3;Rearing Conventions;2015-10-30 22:33:16;1
262090;Psycho-Pass;1;2;Those Capable;2015-10-30 22:33:15;1
262090;Psycho-Pass;1;1;Crime Coefficient;2015-10-28 12:19:20;1
153021;The Walking Dead;4;10;Inmates;2015-10-26 17:47:42;1
153021;The Walking Dead;4;9;After;2015-10-26 17:02:06;1
153021;The Walking Dead;4;8;Too Far Gone;2015-10-26 16:14:43;1
153021;The Walking Dead;4;7;Dead Weight;2015-10-26 10:17:53;1
153021;The Walking Dead;4;6;Live Bait;2015-10-25 23:14:36;1
153021;The Walking Dead;4;5;Internment;2015-10-25 22:31:02;1
153021;The Walking Dead;4;4;Indifference;2015-10-25 21:45:16;1
78804;Doctor Who (2005);9;6;The Woman Who Lived;2015-10-25 14:22:48;1
153021;The Walking Dead;4;3;Isolation;2015-10-24 22:20:01;1
153021;The Walking Dead;4;2;Infected;2015-10-24 21:37:20;1
153021;The Walking Dead;4;1;30 Days Without an Accident;2015-10-24 20:51:51;1
153021;The Walking Dead;3;16;Welcome to the Tombs;2015-10-24 20:09:12;1
153021;The Walking Dead;3;15;This Sorrowful Life;2015-10-24 15:41:42;1
78804;Doctor Who (2005);9;142;Last Christmas;2015-10-24 14:54:35;1
78804;Doctor Who (2005);7;84;The Time of the Doctor;2015-10-24 14:54:23;1
78804;Doctor Who (2005);7;48;The Doctor, the Widow and the Wardrobe;2015-10-24 14:54:16;1
78804;Doctor Who (2005);6;34;A Christmas Carol;2015-10-24 14:54:08;1
78804;Doctor Who (2005);4;9;Forest of the Dead (2);2015-10-24 14:53:53;1
78804;Doctor Who (2005);4;7;The Unicorn and the Wasp;2015-10-24 14:53:41;1
78804;Doctor Who (2005);3;4;Daleks in Manhattan (1);2015-10-24 14:52:29;1
153021;The Walking Dead;3;14;Prey;2015-10-22 16:31:41;1
153021;The Walking Dead;3;13;Arrow on the Doorpost;2015-10-22 09:28:07;1
153021;The Walking Dead;3;12;Clear;2015-10-22 08:43:56;1
153021;The Walking Dead;3;11;I Ain't a Judas;2015-10-22 07:24:23;1
153021;The Walking Dead;3;10;Home;2015-10-20 14:55:08;1
153021;The Walking Dead;3;9;The Suicide King;2015-10-20 09:41:11;1
153021;The Walking Dead;3;8;Made to Suffer;2015-10-20 08:22:34;1
153021;The Walking Dead;3;7;When the Dead Come Knocking;2015-10-20 08:15:01;1
78804;Doctor Who (2005);9;5;The Girl Who Died;2015-10-20 08:14:00;1
76703;Pokémon;1;48;Holy Matrimony!;2015-10-13 19:20:32;1
76703;Pokémon;1;47;A Chansey Operation;2015-10-13 19:20:31;1
76703;Pokémon;1;33;The Flame Pokémon-athon;2015-10-13 19:20:03;1
76703;Pokémon;1;34;The Kangaskhan Kid;2015-10-13 19:19:56;1
76703;Pokémon;1;35;The Legend of Dratini;2015-10-13 19:19:55;1
76703;Pokémon;1;36;The Bridge Bike Gang;2015-10-13 19:19:53;1
76703;Pokémon;1;37;Ditto's Mysterious Mansion;2015-10-13 19:19:51;1
76703;Pokémon;1;39;Pikachu's Goodbye;2015-10-13 19:19:47;1
76703;Pokémon;1;38;Electric Soldier Porygon;2015-10-13 19:19:47;1
76703;Pokémon;1;40;The Battling Eevee Brothers;2015-10-13 19:19:44;1
76703;Pokémon;1;41;Wake Up Snorlax!;2015-10-13 19:19:42;1
76703;Pokémon;1;42;Showdown at Dark City;2015-10-13 19:19:39;1
76703;Pokémon;1;43;The March of the Exeggutor Squad;2015-10-13 19:19:36;1
76703;Pokémon;1;44;The Problem with Paras;2015-10-13 19:19:34;1
76703;Pokémon;1;45;The Song of Jigglypuff;2015-10-13 19:19:32;1
76703;Pokémon;1;46;Attack of the Prehistoric Pokémon;2015-10-13 19:19:25;1
78804;Doctor Who (2005);2;2;Tooth and Claw;2015-10-11 14:50:20;1
94121;Wakfu;0;3;TBA;2015-10-11 11:59:55;1
94121;Wakfu;1;3;The Black Crow;2015-10-11 11:58:16;1
94121;Wakfu;1;2;Yugo the Eliatrope (2);2015-10-11 11:58:10;1
94121;Wakfu;1;1;The Child from the Mist (1);2015-10-11 11:58:07;1